station,lat,lon,n_years,years
00702699999,0.0,0.0,2,2016;2017
00707099999,0.0,0.0,1,2015
00841199999,8.2,134.6,1,2016
00841499999,31.0,61.9,1,2016
00841599999,7.3,134.2,2,2016;2020
00841899999,3.0,131.8,1,2016
01001099999,70.9333333,-8.6666667,6,2015;2016;2017;2018;2019;2020
01001499999,59.791925,5.34085,6,2015;2016;2017;2018;2019;2020
01002099999,80.05,16.25,6,2015;2016;2017;2018;2019;2020
01003099999,77.0,15.5,6,2015;2016;2017;2018;2019;2020
01006099999,78.25,22.8166666,6,2015;2016;2017;2018;2019;2020
01007099999,78.9166666,11.9333333,6,2015;2016;2017;2018;2019;2020
01008099999,78.246111,15.465556,6,2015;2016;2017;2018;2019;2020
01009099999,80.65,25.0,6,2015;2016;2017;2018;2019;2020
01010099999,69.2925,16.144167,6,2015;2016;2017;2018;2019;2020
01011099999,80.0666666,31.5,6,2015;2016;2017;2018;2019;2020
01015099999,69.6,17.8333333,6,2015;2016;2017;2018;2019;2020
01016099999,78.9333333,28.9,6,2015;2016;2017;2018;2019;2020
01017099999,77.6833333,14.7833333,6,2015;2016;2017;2018;2019;2020
01020099999,76.4833333,16.55,6,2015;2016;2017;2018;2019;2020
01023099999,69.055758,18.540356,6,2015;2016;2017;2018;2019;2020
01023199999,64.35,7.8,6,2015;2016;2017;2018;2019;2020
01024099999,78.65,16.3666666,6,2015;2016;2017;2018;2019;2020
01025099999,69.683333,18.918919,6,2015;2016;2017;2018;2019;2020
01026099999,69.65,18.9333333,6,2015;2016;2017;2018;2019;2020
01027099999,69.65,18.9,6,2015;2016;2017;2018;2019;2020
01028099999,74.5166667,19.0166667,6,2015;2016;2017;2018;2019;2020
01030099999,69.2833333,18.1333333,6,2015;2016;2017;2018;2019;2020
01030399999,69.7,19.0166666,1,2015
01033099999,70.25,19.5,6,2015;2016;2017;2018;2019;2020
01035099999,69.5666666,20.1,6,2015;2016;2017;2018;2019;2020
01036099999,69.5666666,20.4333333,6,2015;2016;2017;2018;2019;2020
01037099999,69.3833333,20.2833333,6,2015;2016;2017;2018;2019;2020
01042099999,70.6,22.45,6,2015;2016;2017;2018;2019;2020
01043099999,70.4166666,22.8166666,6,2015;2016;2017;2018;2019;2020
01044099999,70.486675,22.139744,6,2015;2016;2017;2018;2019;2020
01045099999,69.8333333,21.8833333,6,2015;2016;2017;2018;2019;2020
01046099999,69.786839,20.959444,6,2015;2016;2017;2018;2019;2020
01047099999,69.0166667,23.0666667,6,2015;2016;2017;2018;2019;2020
01049099999,69.976111,23.371667,6,2015;2016;2017;2018;2019;2020
01052099999,70.6833333,23.6833333,6,2015;2016;2017;2018;2019;2020
01055099999,71.1,23.9833333,6,2015;2016;2017;2018;2019;2020
01057099999,69.3666666,24.4333333,6,2015;2016;2017;2018;2019;2020
01058099999,69.5666666,23.5333333,6,2015;2016;2017;2018;2019;2020
01059099999,70.068814,24.973489,6,2015;2016;2017;2018;2019;2020
01062099999,76.5,25.0666667,6,2015;2016;2017;2018;2019;2020
01065099999,69.4666666,25.5166666,6,2015;2016;2017;2018;2019;2020
01068099999,71.0166667,25.9833333,6,2015;2016;2017;2018;2019;2020
01074099999,71.0333333,27.8333333,6,2015;2016;2017;2018;2019;2020
01076099999,70.2166666,28.1666666,6,2015;2016;2017;2018;2019;2020
01078099999,71.1,28.2333333,6,2015;2016;2017;2018;2019;2020
01082099999,69.15,29.25,6,2015;2016;2017;2018;2019;2020
01083099999,70.8666667,29.0333333,6,2015;2016;2017;2018;2019;2020
01084099999,69.45,30.0333333,6,2015;2016;2017;2018;2019;2020
01086099999,70.600256,29.692678,6,2015;2016;2017;2018;2019;2020
01087599999,59.5666666,2.2166666,6,2015;2016;2017;2018;2019;2020
01087699999,66.0166666,8.0833333,6,2015;2016;2017;2018;2019;2020
01087799999,60.6333333,3.7166666,6,2015;2016;2017;2018;2019;2020
01087899999,61.45,2.1333333,6,2015;2016;2017;2018;2019;2020
01087999999,61.5333333,2.2,6,2015;2016;2017;2018;2019;2020
01088099999,70.0666667,29.85,6,2015;2016;2017;2018;2019;2020
01088299999,62.578411,11.342347,6,2015;2016;2017;2018;2019;2020
01088499999,59.185,9.566944,1,2015
01088699999,58.3666666,1.9,6,2015;2016;2017;2018;2019;2020
01088799999,60.8858,3.6097,6,2015;2016;2017;2018;2019;2020
01089099999,69.725611,29.893011,6,2015;2016;2017;2018;2019;2020
01092099999,70.7,30.0833333,6,2015;2016;2017;2018;2019;2020
01098099999,70.3666666,31.1,6,2015;2016;2017;2018;2019;2020
01099099999,70.355392,31.044889,6,2015;2016;2017;2018;2019;2020
01102099999,65.2,11.0,6,2015;2016;2017;2018;2019;2020
01102599999,65.3333333,7.3166667,6,2015;2016;2017;2018;2019;2020
01105099999,68.3666666,15.95,6,2015;2016;2017;2018;2019;2020
01107099999,67.5166667,12.1,6,2015;2016;2017;2018;2019;2020
01108099999,65.7,11.85,6,2015;2016;2017;2018;2019;2020
01112099999,65.461111,12.2175,6,2015;2016;2017;2018;2019;2020
01114099999,66.9,13.6333333,6,2015;2016;2017;2018;2019;2020
01115099999,66.7666666,12.4833333,6,2015;2016;2017;2018;2019;2020
01116099999,65.95,12.4666666,6,2015;2016;2017;2018;2019;2020
01117099999,65.8166666,12.4166666,6,2015;2016;2017;2018;2019;2020
01121099999,66.3666666,12.6166666,6,2015;2016;2017;2018;2019;2020
01122099999,65.783997,13.214914,6,2015;2016;2017;2018;2019;2020
01124099999,64.1666666,12.4666666,6,2015;2016;2017;2018;2019;2020
01132099999,65.1666666,13.3666666,6,2015;2016;2017;2018;2019;2020
01133099999,65.6166666,13.2833333,6,2015;2016;2017;2018;2019;2020
01135099999,66.1166666,13.5833333,6,2015;2016;2017;2018;2019;2020
01139099999,67.65,12.7166666,6,2015;2016;2017;2018;2019;2020
01141099999,68.15,13.6166667,6,2015;2016;2017;2018;2019;2020
01143099999,68.05,16.0833333,5,2015;2016;2017;2018;2020
01144099999,67.4,13.8833333,6,2015;2016;2017;2018;2019;2020
01146099999,66.2333333,13.8833333,6,2015;2016;2017;2018;2019;2020
01147099999,65.8333333,14.1833333,6,2015;2016;2017;2018;2019;2020
01148099999,66.3833333,14.5166666,6,2015;2016;2017;2018;2019;2020
01150099999,66.5,14.95,6,2015;2016;2017;2018;2019;2020
01151099999,66.3666666,14.3,6,2015;2016;2017;2018;2019;2020
01152099999,67.269167,14.365278,6,2015;2016;2017;2018;2019;2020
01154099999,68.5833333,14.3,1,2017
01156099999,68.6,14.4333333,6,2015;2016;2017;2018;2019;2020
01158099999,67.1666666,15.4833333,6,2015;2016;2017;2018;2019;2020
01160099999,68.15,14.65,6,2015;2016;2017;2018;2019;2020
01161099999,68.25,14.6666667,6,2015;2016;2017;2018;2019;2020
01162099999,68.5833333,15.0166667,6,2015;2016;2017;2018;2019;2020
01167099999,68.7,15.4166666,5,2015;2016;2017;2018;2019
01169099999,66.9333333,15.3166666,6,2015;2016;2017;2018;2019;2020
01180099999,68.8,16.5333333,6,2015;2016;2017;2018;2019;2020
01183099999,68.4913,16.678108,6,2015;2016;2017;2018;2019;2020
01192099999,68.4166666,17.65,6,2015;2016;2017;2018;2019;2020
01193099999,68.4666667,17.5,3,2015;2016;2017
01198099999,68.7833333,19.7,6,2015;2016;2017;2018;2019;2020
01199099999,68.75,23.5333333,6,2015;2016;2017;2018;2019;2020
01203099999,62.0333333,4.9833333,6,2015;2016;2017;2018;2019;2020
01205099999,62.3333333,5.2666666,6,2015;2016;2017;2018;2019;2020
01207099999,62.1,5.5833333,4,2015;2016;2017;2018
01209099999,62.1833333,6.0666667,6,2015;2016;2017;2018;2019;2020
01210099999,62.560372,6.110164,6,2015;2016;2017;2018;2019;2020
01212099999,62.8666666,6.5333333,6,2015;2016;2017;2018;2019;2020
01214099999,62.65,6.7666666,6,2015;2016;2017;2018;2019;2020
01217099999,62.744722,7.2625,6,2015;2016;2017;2018;2019;2020
01218099999,62.2333333,7.4166666,6,2015;2016;2017;2018;2019;2020
01220099999,62.45,7.7666666,6,2015;2016;2017;2018;2019;2020
01221099999,63.05,9.0833333,6,2015;2016;2017;2018;2019;2020
01223099999,63.111781,7.824522,6,2015;2016;2017;2018;2019;2020
01224099999,62.4666666,6.2166666,6,2015;2016;2017;2018;2019;2020
01225099999,63.5166666,7.95,6,2015;2016;2017;2018;2019;2020
01227099999,62.7166666,8.7833333,6,2015;2016;2017;2018;2019;2020
01227399999,62.8333333,8.3,1,2015
01228099999,63.85,8.4666666,6,2015;2016;2017;2018;2019;2020
01230099999,62.2666666,8.2,6,2015;2016;2017;2018;2019;2020
01232099999,62.45,7.85,6,2015;2016;2017;2018;2019;2020
01233099999,62.0833333,9.1166666,6,2015;2016;2017;2018;2019;2020
01234099999,63.3166666,9.85,6,2015;2016;2017;2018;2019;2020
01237099999,63.5166666,9.1166666,6,2015;2016;2017;2018;2019;2020
01238099999,62.1166666,9.2833333,6,2015;2016;2017;2018;2019;2020
01239099999,62.2166666,9.55,6,2015;2016;2017;2018;2019;2020
01240099999,64.1666666,9.4,6,2015;2016;2017;2018;2019;2020
01241099999,63.698908,9.604003,6,2015;2016;2017;2018;2019;2020
01242099999,63.9666666,10.2166666,6,2015;2016;2017;2018;2019;2020
01245099999,62.6,9.6666666,6,2015;2016;2017;2018;2019;2020
01250099999,62.1333333,10.0,6,2015;2016;2017;2018;2019;2020
01253099999,62.95,10.1833333,6,2015;2016;2017;2018;2019;2020
01254099999,62.9833333,10.55,6,2015;2016;2017;2018;2019;2020
01257099999,63.4166666,10.45,6,2015;2016;2017;2018;2019;2020
01259099999,64.4,10.45,6,2015;2016;2017;2018;2019;2020
01262099999,64.8,10.55,6,2015;2016;2017;2018;2019;2020
01265099999,62.2666666,10.7333333,6,2015;2016;2017;2018;2019;2020
01270099999,63.4833333,10.8833333,6,2015;2016;2017;2018;2019;2020
01271099999,63.457556,10.939872,6,2015;2016;2017;2018;2019;2020
01272099999,63.5666666,10.7,6,2015;2016;2017;2018;2019;2020
01273099999,63.2333333,11.0166666,6,2015;2016;2017;2018;2019;2020
01277099999,64.0166666,11.45,6,2015;2016;2017;2018;2019;2020
01278099999,63.7833333,11.6833333,4,2015;2016;2017;2018
01281099999,64.7333333,12.85,6,2015;2016;2017;2018;2019;2020
01282099999,64.85,11.2333333,6,2015;2016;2017;2018;2019;2020
01287099999,62.6833333,11.8166666,6,2015;2016;2017;2018;2019;2020
01288099999,62.5666666,11.3833333,6,2015;2016;2017;2018;2019;2020
01290099999,64.4666667,11.5833333,6,2015;2016;2017;2018;2019;2020
01291099999,64.5333333,12.3833333,6,2015;2016;2017;2018;2019;2020
01293099999,63.4166666,11.7333333,6,2015;2016;2017;2018;2019;2020
01298099999,64.45,13.7166666,5,2015;2016;2017;2018;2019
01300099999,61.2,2.2666666,6,2015;2016;2017;2018;2019;2020
01300599999,61.25,1.85,6,2015;2016;2017;2018;2019;2020
01304099999,61.5666666,4.6833333,6,2015;2016;2017;2018;2019;2020
01307099999,60.75,4.7166666,6,2015;2016;2017;2018;2019;2020
01308099999,61.3,5.05,6,2015;2016;2017;2018;2019;2020
01310099999,61.583611,5.024722,6,2015;2016;2017;2018;2019;2020
01311099999,60.293386,5.218142,6,2015;2016;2017;2018;2019;2020
01314099999,60.5166666,5.7166666,6,2015;2016;2017;2018;2019;2020
01315099999,60.6333333,6.1,6,2015;2016;2017;2018;2019;2020
01317099999,60.3833333,5.3333333,6,2015;2016;2017;2018;2019;2020
01318099999,61.7833333,6.1833333,3,2015;2016;2017
01319099999,61.0333333,5.3833333,6,2015;2016;2017;2018;2019;2020
01320099999,61.8333333,6.1166667,6,2015;2016;2017;2018;2019;2020
01321099999,61.9,6.55,6,2015;2016;2017;2018;2019;2020
01322099999,61.4666666,5.9166666,3,2015;2016;2017
01323099999,61.392503,5.764167,6,2015;2016;2017;2018;2019;2020
01326099999,60.85,5.9833333,6,2015;2016;2017;2018;2019;2020
01327099999,60.3833333,5.9666666,6,2015;2016;2017;2018;2019;2020
01329099999,60.35,6.2666666,6,2015;2016;2017;2018;2019;2020
01332099999,61.43,6.77,6,2015;2016;2017;2018;2019;2020
01336099999,60.65,6.2166666,6,2015;2016;2017;2018;2019;2020
01337099999,60.6333333,6.4333333,6,2015;2016;2017;2018;2019;2020
01338099999,61.1666666,6.65,6,2015;2016;2017;2018;2019;2020
01340099999,60.42,7.28,6,2015;2016;2017;2018;2019;2020
01342099999,60.3166666,6.65,6,2015;2016;2017;2018;2019;2020
01344099999,60.7,6.95,6,2015;2016;2017;2018;2019;2020
01345099999,60.7166666,7.2166666,6,2015;2016;2017;2018;2019;2020
01346099999,60.65,7.2666666,6,2015;2016;2017;2018;2019;2020
01347099999,61.156111,7.136614,6,2015;2016;2017;2018;2019;2020
01350099999,60.6,7.5333333,6,2015;2016;2017;2018;2019;2020
01352099999,60.1833333,7.4833333,6,2015;2016;2017;2018;2019;2020
01355099999,61.1,7.5,6,2015;2016;2017;2018;2019;2020
01357099999,60.8666666,8.5166666,6,2015;2016;2017;2018;2019;2020
01358099999,60.85,8.6,6,2015;2016;2017;2018;2019;2020
01359099999,60.5333333,8.2,6,2015;2016;2017;2018;2019;2020
01360099999,61.9,7.9,6,2015;2016;2017;2018;2019;2020
01361099999,62.0166666,7.6666666,6,2015;2016;2017;2018;2019;2020
01362099999,61.6666666,8.3666666,6,2015;2016;2017;2018;2019;2020
01364099999,61.1833333,8.1166666,6,2015;2016;2017;2018;2019;2020
01365099999,61.2505556,8.9166666,6,2015;2016;2017;2018;2019;2020
01366099999,61.5666666,8.0,6,2015;2016;2017;2018;2019;2020
01367099999,60.9833333,9.2166666,6,2015;2016;2017;2018;2019;2020
01368099999,61.015556,9.288056,6,2015;2016;2017;2018;2019;2020
01369099999,60.9166666,9.2833333,3,2015;2016;2017
01370099999,61.5166666,9.4,6,2015;2016;2017;2018;2019;2020
01371099999,61.1166666,9.0666666,6,2015;2016;2017;2018;2019;2020
01373099999,60.5666666,9.1333333,6,2015;2016;2017;2018;2019;2020
01374099999,60.9333333,10.0333333,6,2015;2016;2017;2018;2019;2020
01375099999,61.4666666,10.1333333,6,2015;2016;2017;2018;2019;2020
01375599999,61.0333333,2.0333333,6,2015;2016;2017;2018;2019;2020
01376099999,60.3833333,9.6,6,2015;2016;2017;2018;2019;2020
01378099999,61.1,10.4666666,6,2015;2016;2017;2018;2019;2020
01380099999,61.65,10.1166666,6,2015;2016;2017;2018;2019;2020
01381099999,60.7,10.8666666,6,2015;2016;2017;2018;2019;2020
01382099999,60.7666666,10.8,6,2015;2016;2017;2018;2019;2020
01383099999,61.4,11.0802778,6,2015;2016;2017;2018;2019;2020
01384099999,60.193917,11.100361,6,2015;2016;2017;2018;2019;2020
01385099999,60.8166666,11.0666666,6,2015;2016;2017;2018;2019;2020
01386099999,60.8,11.1,6,2015;2016;2017;2018;2019;2020
01387099999,61.45,10.1833333,6,2015;2016;2017;2018;2019;2020
01389099999,61.1833333,11.3666666,6,2015;2016;2017;2018;2019;2020
01392099999,60.6166666,12.0166666,6,2015;2016;2017;2018;2019;2020
01393099999,61.8833333,12.0333333,6,2015;2016;2017;2018;2019;2020
01397099999,61.3,12.2666666,6,2015;2016;2017;2018;2019;2020
01400099999,56.55,3.2166666,6,2015;2016;2017;2018;2019;2020
01403099999,59.3,4.8666666,6,2015;2016;2017;2018;2019;2020
01403399999,56.55,3.25,6,2015;2016;2017;2018;2019;2020
01406099999,59.9166666,5.0666666,6,2015;2016;2017;2018;2019;2020
01408099999,59.345267,5.208364,6,2015;2016;2017;2018;2019;2020
01411099999,59.0666666,5.4166666,6,2015;2016;2017;2018;2019;2020
01412099999,58.65,5.5666666,6,2015;2016;2017;2018;2019;2020
01413099999,58.75,5.65,6,2015;2016;2017;2018;2019;2020
01414099999,59.4333333,5.0666666,6,2015;2016;2017;2018;2019;2020
01415099999,58.876667,5.637778,6,2015;2016;2017;2018;2019;2020
01416099999,58.95,5.7333333,6,2015;2016;2017;2018;2019;2020
01417099999,59.4833333,5.75,6,2015;2016;2017;2018;2019;2020
01418099999,60.0166666,5.2,6,2015;2016;2017;2018;2019;2020
01419099999,59.05,6.1166666,6,2015;2016;2017;2018;2019;2020
01422099999,59.1666666,6.0333333,6,2015;2016;2017;2018;2019;2020
01424099999,59.65,6.3666666,6,2015;2016;2017;2018;2019;2020
01425099999,58.5166666,6.5166666,6,2015;2016;2017;2018;2019;2020
01426099999,58.4333333,5.8666666,6,2015;2016;2017;2018;2019;2020
01427099999,58.1166666,6.5666666,6,2015;2016;2017;2018;2019;2020
01428199999,59.1108,2.8458,6,2015;2016;2017;2018;2019;2020
01430099999,58.0166666,7.45,6,2015;2016;2017;2018;2019;2020
01431099999,58.9333333,6.9166666,6,2015;2016;2017;2018;2019;2020
01433099999,59.8333333,6.9833333,1,2015
01434099999,59.7666666,7.3666666,6,2015;2016;2017;2018;2019;2020
01435099999,59.8166666,7.2166666,6,2015;2016;2017;2018;2019;2020
01436099999,57.9833333,7.05,6,2015;2016;2017;2018;2019;2020
01439099999,58.25,7.4419444,6,2015;2016;2017;2018;2019;2020
01440099999,59.3333333,6.8666666,6,2015;2016;2017;2018;2019;2020
01441099999,59.5833333,7.3833333,6,2015;2016;2017;2018;2019;2020
01442099999,58.6666666,7.8,6,2015;2016;2017;2018;2019;2020
01444099999,59.2,7.5166666,6,2015;2016;2017;2018;2019;2020
01447099999,59.5,8.2,6,2015;2016;2017;2018;2019;2020
01448099999,58.0666666,8.05,6,2015;2016;2017;2018;2019;2020
01449099999,58.8666666,9.0333333,6,2015;2016;2017;2018;2019;2020
01450099999,59.8333333,8.1833333,6,2015;2016;2017;2018;2019;2020
01452099999,58.204214,8.085369,6,2015;2016;2017;2018;2019;2020
01453099999,58.6,8.4166666,6,2015;2016;2017;2018;2019;2020
01455099999,59.0333333,8.5166666,6,2015;2016;2017;2018;2019;2020
01459099999,58.65,8.6333333,6,2015;2016;2017;2018;2019;2020
01460099999,59.4333333,10.5833333,6,2015;2016;2017;2018;2019;2020
01461199999,59.85,8.65,4,2015;2016;2017;2018
01462099999,59.0833333,9.6666666,6,2015;2016;2017;2018;2019;2020
01463099999,59.65,10.7666666,6,2015;2016;2017;2018;2019;2020
01464099999,58.3333333,8.5166666,6,2015;2016;2017;2018;2019;2020
01465099999,58.4,8.7833333,6,2015;2016;2017;2018;2019;2020
01466099999,59.9666666,11.0333333,6,2015;2016;2017;2018;2019;2020
01467099999,58.6333333,9.15,6,2015;2016;2017;2018;2019;2020
01468099999,60.1833333,12.0,6,2015;2016;2017;2018;2019;2020
01469099999,60.1666666,10.25,6,2015;2016;2017;2018;2019;2020
01470099999,59.3833333,9.2,4,2015;2016;2019;2020
01470399999,59.565683,9.212222,6,2015;2016;2017;2018;2019;2020
01471099999,60.05,9.15,6,2015;2016;2017;2018;2019;2020
01473099999,59.6166666,9.6333333,6,2015;2016;2017;2018;2019;2020
01476099999,58.85,9.55,6,2015;2016;2017;2018;2019;2020
01477099999,59.7166666,10.15,6,2015;2016;2017;2018;2019;2020
01478099999,58.9666666,10.15,6,2015;2016;2017;2018;2019;2020
01480099999,59.75,10.1333333,6,2015;2016;2017;2018;2019;2020
01481099999,59.2333333,10.35,6,2015;2016;2017;2018;2019;2020
01482099999,59.0333333,10.5166666,6,2015;2016;2017;2018;2019;2020
01482599999,59.186703,10.258628,6,2015;2016;2017;2018;2019;2020
01483099999,59.1833333,10.2666666,2,2019;2020
01484099999,59.9166666,11.5833333,6,2015;2016;2017;2018;2019;2020
01484399999,59.3166667,10.45,6,2015;2016;2017;2018;2019;2020
01485099999,59.6166666,10.2166666,6,2015;2016;2017;2018;2019;2020
01486099999,59.85,10.4333333,6,2015;2016;2017;2018;2019;2020
01487099999,59.9333333,10.8333333,1,2015
01488099999,60.1166666,10.8333333,6,2015;2016;2017;2018;2019;2020
01488199999,61.206389,1.828889,6,2015;2016;2017;2018;2019;2020
01489099999,60.05,10.6833333,6,2015;2016;2017;2018;2019;2020
01490099999,59.9833333,10.6833333,6,2015;2016;2017;2018;2019;2020
01492099999,59.95,10.7166666,6,2015;2016;2017;2018;2019;2020
01493099999,59.2833333,11.1166666,6,2015;2016;2017;2018;2019;2020
01494099999,59.378889,10.785556,6,2015;2016;2017;2018;2019;2020
01495099999,59.15,10.8333333,6,2015;2016;2017;2018;2019;2020
02000199999,56.082779,13.2125,6,2015;2016;2017;2018;2019;2020
02013099999,67.7333333,17.4666666,6,2015;2016;2017;2018;2019;2020
02019099999,68.4166666,18.1666666,6,2015;2016;2017;2018;2019;2020
02020099999,68.4166666,18.1666666,5,2015;2016;2017;2018;2019
02022099999,68.35379,18.81644,2,2019;2020
02024099999,67.5,18.3,6,2015;2016;2017;2018;2019;2020
02029099999,67.9166666,18.6,6,2015;2016;2017;2018;2019;2020
02031099999,68.0666666,19.8333333,6,2015;2016;2017;2018;2019;2020
02036099999,67.85,19.0333333,6,2015;2016;2017;2018;2019;2020
02038099999,67.25,20.2666666,6,2015;2016;2017;2018;2019;2020
02044099999,67.821986,20.336764,6,2015;2016;2017;2018;2019;2020
02049099999,67.132408,20.814636,6,2015;2016;2017;2018;2019;2020
02054099999,68.05,21.75,2,2015;2016
02055099999,68.6833333,21.5333333,6,2015;2016;2017;2018;2019;2020
02064099999,67.3333333,22.2333333,6,2015;2016;2017;2018;2019;2020
02072099999,67.7333333,22.8333333,6,2015;2016;2017;2018;2019;2020
02081099999,68.45,22.45,6,2015;2016;2017;2018;2019;2020
02095099999,67.2,23.3833333,6,2015;2016;2017;2018;2019;2020
02101099999,65.806111,15.082778,6,2015;2016;2017;2018;2019;2020
02102099999,65.1,14.5166666,6,2015;2016;2017;2018;2019;2020
02103099999,65.7833333,15.0666666,6,2015;2016;2017;2018;2019;2020
02110099999,65.3333333,15.0666666,6,2015;2016;2017;2018;2019;2020
02119099999,66.8833333,18.0166666,6,2015;2016;2017;2018;2019;2020
02120599999,64.95,17.7,6,2015;2016;2017;2018;2019;2020
02121099999,66.6833333,16.1166666,6,2015;2016;2017;2018;2019;2020
02123099999,66.3166666,17.1,2,2015;2016
02124099999,66.05,17.8333333,6,2015;2016;2017;2018;2019;2020
02130099999,66.4833333,16.4166666,2,2015;2016
02135099999,65.5666666,17.8666666,6,2015;2016;2017;2018;2019;2020
02141099999,66.3166667,19.2166667,6,2015;2016;2017;2018;2019;2020
02146099999,66.5,19.6833333,2,2015;2016
02147099999,65.15,18.6,6,2015;2016;2017;2018;2019;2020
02149099999,65.6,19.2666666,6,2015;2016;2017;2018;2019;2020
02151099999,66.4833333,20.1666666,6,2015;2016;2017;2018;2019;2020
02154099999,65.875325,20.149917,6,2015;2016;2017;2018;2019;2020
02161099999,66.75,20.9333333,6,2015;2016;2017;2018;2019;2020
02170099999,65.75,21.7666666,2,2015;2016
02171099999,65.8166666,21.6333333,6,2015;2016;2017;2018;2019;2020
02173099999,65.6666666,21.0666666,6,2015;2016;2017;2018;2019;2020
02174099999,66.2833333,21.1333333,6,2015;2016;2017;2018;2019;2020
02176099999,65.0333333,21.5666666,6,2015;2016;2017;2018;2019;2020
02181099999,66.2666666,22.85,6,2015;2016;2017;2018;2019;2020
02184099999,66.8166666,22.3333333,6,2015;2016;2017;2018;2019;2020
02186099999,65.543758,22.121989,6,2015;2016;2017;2018;2019;2020
02188099999,65.3166666,22.3833333,6,2015;2016;2017;2018;2019;2020
02191099999,65.7,23.1,6,2015;2016;2017;2018;2019;2020
02197099999,65.8166666,24.1166666,6,2015;2016;2017;2018;2019;2020
02199099999,66.6166666,23.4666666,6,2015;2016;2017;2018;2019;2020
02207099999,63.2833333,12.1166666,6,2015;2016;2017;2018;2019;2020
02209099999,63.05,12.2833333,6,2015;2016;2017;2018;2019;2020
02210099999,63.1833333,12.1666666,6,2015;2016;2017;2018;2019;2020
02216099999,63.3,13.8833333,2,2015;2016
02217099999,63.3666666,13.1666666,2,2015;2016
02219099999,64.5,14.2166666,6,2015;2016;2017;2018;2019;2020
02221099999,63.8333333,13.5,6,2015;2016;2017;2018;2019;2020
02226099999,63.2,14.5,6,2015;2016;2017;2018;2019;2020
02230099999,64.2166666,15.55,6,2015;2016;2017;2018;2019;2020
02231099999,63.6833333,14.6,6,2015;2016;2017;2018;2019;2020
02233099999,64.9666666,15.3833333,2,2015;2016
02236099999,63.7666666,15.3333333,6,2015;2016;2017;2018;2019;2020
02242099999,64.0833333,16.2333333,6,2015;2016;2017;2018;2019;2020
02243099999,63.6833333,16.95,6,2015;2016;2017;2018;2019;2020
02245099999,64.5833333,16.85,6,2015;2016;2017;2018;2019;2020
02245599999,64.548322,18.716219,6,2015;2016;2017;2018;2019;2020
02247099999,63.15,16.1666666,6,2015;2016;2017;2018;2019;2020
02254099999,64.1666666,17.3166666,6,2015;2016;2017;2018;2019;2020
02256099999,64.7333333,17.4,2,2015;2016
02259099999,63.048597,17.768856,6,2015;2016;2017;2018;2019;2020
02260099999,63.1333333,18.25,6,2015;2016;2017;2018;2019;2020
02261099999,64.55,18.7166666,6,2015;2016;2017;2018;2019;2020
02263099999,64.0833333,18.3666666,6,2015;2016;2017;2018;2019;2020
02265099999,63.65,18.55,6,2015;2016;2017;2018;2019;2020
02267099999,63.408339,18.990039,6,2015;2016;2017;2018;2019;2020
02269099999,63.1833333,19.0166666,6,2015;2016;2017;2018;2019;2020
02271099999,64.9333333,19.3833333,6,2015;2016;2017;2018;2019;2020
02282099999,64.5666666,19.7,6,2015;2016;2017;2018;2019;2020
02284099999,63.4333333,19.6833333,6,2015;2016;2017;2018;2019;2020
02286099999,63.791828,20.282758,6,2015;2016;2017;2018;2019;2020
02287099999,63.8,20.8666666,6,2015;2016;2017;2018;2019;2020
02292099999,64.4333333,21.2833333,2,2015;2016
02293099999,64.624772,21.076892,6,2015;2016;2017;2018;2019;2020
02297099999,64.4833333,21.5833333,6,2015;2016;2017;2018;2019;2020
02302099999,61.8333333,12.2833333,2,2015;2016
02303099999,62.7333333,12.7333333,2,2015;2016
02306099999,61.133,12.817,1,2017
02307099999,61.8833333,12.85,6,2015;2016;2017;2018;2019;2020
02308099999,62.45,12.6666666,6,2015;2016;2017;2018;2019;2020
02311099999,61.15,13.1166666,2,2015;2016
02314199999,58.017,16.067,4,2016;2017;2018;2019
02317099999,62.1,13.6166666,6,2015;2016;2017;2018;2019;2020
02318099999,61.167,13.017,2,2015;2016
02319099999,62.75,13.85,6,2015;2016;2017;2018;2019;2020
02319199999,57.417,13.283,5,2016;2017;2018;2019;2020
02320199999,57.967,13.85,5,2016;2017;2018;2019;2020
02321099999,61.25,14.0333333,6,2015;2016;2017;2018;2019;2020
02325099999,62.5,14.15,6,2015;2016;2017;2018;2019;2020
02327099999,62.05,14.4,6,2015;2016;2017;2018;2019;2020
02329099999,61.6666666,15.0,6,2015;2016;2017;2018;2019;2020
02331099999,62.75,15.0833333,6,2015;2016;2017;2018;2019;2020
02332199999,57.15,15.667,5,2016;2017;2018;2019;2020
02337099999,62.2666666,15.6666666,2,2015;2016
02338099999,61.3666666,15.7166666,6,2015;2016;2017;2018;2019;2020
02343099999,62.5,16.2833333,6,2015;2016;2017;2018;2019;2020
02345199999,55.633,13.7,5,2016;2017;2018;2019;2020
02347099999,61.8333333,16.55,6,2015;2016;2017;2018;2019;2020
02349099999,62.7666666,16.7333333,2,2015;2016
02354099999,62.4333333,17.35,2,2015;2016
02355099999,61.7,17.5333333,6,2015;2016;2017;2018;2019;2020
02366099999,62.528125,17.443928,6,2015;2016;2017;2018;2019;2020
02368099999,62.2166666,17.75,6,2015;2016;2017;2018;2019;2020
02382099999,62.65,18.1,6,2015;2016;2017;2018;2019;2020
02403099999,58.7,13.1166666,6,2015;2016;2017;2018;2019;2020
02407099999,60.6833333,13.7,6,2015;2016;2017;2018;2019;2020
02408099999,59.2166666,12.0833333,6,2015;2016;2017;2018;2019;2020
02411099999,59.675856,12.639442,6,2015;2016;2017;2018;2019;2020
02413099999,60.75,12.7666666,2,2015;2016
02417099999,58.75,13.15,6,2015;2016;2017;2018;2019;2020
02418099999,59.444714,13.337361,6,2015;2016;2017;2018;2019;2020
02423099999,59.8666666,13.1166666,6,2015;2016;2017;2018;2019;2020
02426099999,60.15,13.8,6,2015;2016;2017;2018;2019;2020
02428399999,59.223733,15.037956,6,2015;2016;2017;2018;2019;2020
02428499999,60.957908,14.511383,6,2015;2016;2017;2018;2019;2020
02428599999,60.157622,12.991269,6,2015;2016;2017;2018;2019;2020
02429099999,59.6666666,14.1833333,6,2015;2016;2017;2018;2019;2020
02431099999,59.8666666,15.25,6,2015;2016;2017;2018;2019;2020
02432099999,59.2333333,15.05,6,2015;2016;2017;2018;2019;2020
02435099999,60.422017,15.515211,6,2015;2016;2017;2018;2019;2020
02440099999,60.9666666,16.4333333,6,2015;2016;2017;2018;2019;2020
02441099999,60.9666666,14.5,6,2015;2016;2017;2018;2019;2020
02443099999,59.65,17.1166666,6,2015;2016;2017;2018;2019;2020
02446099999,59.589444,16.633611,6,2015;2016;2017;2018;2019;2020
02449099999,59.3833333,16.45,6,2015;2016;2017;2018;2019;2020
02450099999,60.7333333,17.5666666,6,2015;2016;2017;2018;2019;2020
02452099999,59.3,14.9,6,2015;2016;2017;2018;2019;2020
02453099999,60.7166666,17.1666666,6,2015;2016;2017;2018;2019;2020
02456099999,60.2333333,17.9,6,2015;2016;2017;2018;2019;2020
02458099999,59.897328,17.588581,6,2015;2016;2017;2018;2019;2020
02460099999,59.651944,17.918611,6,2015;2016;2017;2018;2019;2020
02462099999,59.8666666,17.6333333,5,2015;2016;2017;2018;2019
02464099999,59.354372,17.94165,6,2015;2016;2017;2018;2019;2020
02468099999,60.3833333,15.1333333,6,2015;2016;2017;2018;2019;2020
02469099999,59.1833333,17.9166667,6,2015;2016;2017;2018;2019;2020
02472099999,60.1166666,15.1166666,2,2015;2016
02476099999,59.05,16.4,6,2015;2016;2017;2018;2019;2020
02481099999,59.9166666,16.6833333,6,2015;2016;2017;2018;2019;2020
02482099999,60.2666666,16.9833333,6,2015;2016;2017;2018;2019;2020
02484099999,59.35,18.0666666,6,2015;2016;2017;2018;2019;2020
02485099999,59.35,18.0666666,5,2015;2016;2017;2018;2019
02485399999,58.788636,16.912189,6,2015;2016;2017;2018;2019;2020
02486099999,59.3666666,17.5166666,6,2015;2016;2017;2018;2019;2020
02487099999,59.35,18.7333333,6,2015;2016;2017;2018;2019;2020
02488099999,60.5333333,18.3833333,6,2015;2016;2017;2018;2019;2020
02489099999,59.0666666,18.1166666,6,2015;2016;2017;2018;2019;2020
02490099999,59.8333333,18.6333333,6,2015;2016;2017;2018;2019;2020
02493099999,59.75,19.4166666,6,2015;2016;2017;2018;2019;2020
02496099999,59.45,19.5,6,2015;2016;2017;2018;2019;2020
02498099999,59.45,19.5,6,2015;2016;2017;2018;2019;2020
02500099999,58.9,11.0,6,2015;2016;2017;2018;2019;2020
02501099999,58.5833333,11.0666666,6,2015;2016;2017;2018;2019;2020
02505099999,58.1,11.3333333,6,2015;2016;2017;2018;2019;2020
02507099999,58.6666666,11.4166666,2,2015;2016
02510399999,58.318056,12.345,6,2015;2016;2017;2018;2019;2020
02512099999,57.774722,11.870372,3,2015;2016;2017
02513099999,57.7166666,12.0,6,2015;2016;2017;2018;2019;2020
02514099999,65.590278,19.281944,6,2015;2016;2017;2018;2019;2020
02515099999,58.2,12.15,2,2015;2016
02516099999,57.6333333,11.6166666,6,2015;2016;2017;2018;2019;2020
02518099999,57.3,11.9,6,2015;2016;2017;2018;2019;2020
02520099999,58.426445,12.714389,6,2015;2016;2017;2018;2019;2020
02521099999,58.6,12.4166666,2,2015;2016
02526099999,57.662836,12.279819,6,2015;2016;2017;2018;2019;2020
02535099999,58.4564,13.972672,6,2015;2016;2017;2018;2019;2020
02536099999,57.7833333,13.1666666,6,2015;2016;2017;2018;2019;2020
02536199999,57.717,13.083,5,2016;2017;2018;2019;2020
02538099999,57.4,13.533,5,2016;2017;2018;2019;2020
02539099999,57.1166666,12.7833333,6,2015;2016;2017;2018;2019;2020
02540099999,58.6,12.2,6,2015;2016;2017;2018;2019;2020
02542099999,58.3166666,13.0333333,6,2015;2016;2017;2018;2019;2020
02544099999,58.5166666,14.5166666,6,2015;2016;2017;2018;2019;2020
02545099999,58.5666666,14.5666666,6,2015;2016;2017;2018;2019;2020
02546099999,58.8833333,14.3833333,6,2015;2016;2017;2018;2019;2020
02548099999,58.1,14.4166666,6,2015;2016;2017;2018;2019;2020
02549099999,57.5,14.4666666,6,2015;2016;2017;2018;2019;2020
02550099999,57.757594,14.068731,6,2015;2016;2017;2018;2019;2020
02552099999,58.0666666,15.2333333,6,2015;2016;2017;2018;2019;2020
02553099999,58.0833333,13.7833333,2,2015;2016
02554099999,58.7166666,15.0333333,6,2015;2016;2017;2018;2019;2020
02556099999,57.292222,14.137222,6,2015;2016;2017;2018;2019;2020
02557099999,57.8833333,15.8666666,6,2015;2016;2017;2018;2019;2020
02558099999,58.6833333,16.3166666,6,2015;2016;2017;2018;2019;2020
02559099999,57.7,16.4666666,6,2015;2016;2017;2018;2019;2020
02561099999,58.65,15.4333333,6,2015;2016;2017;2018;2019;2020
02562099999,58.402278,15.525683,6,2015;2016;2017;2018;2019;2020
02562599999,58.40615,15.680508,6,2015;2016;2017;2018;2019;2020
02563099999,58.25,17.0166666,6,2015;2016;2017;2018;2019;2020
02563599999,56.2833333,12.8333333,6,2015;2016;2017;2018;2019;2020
02565099999,57.525833,15.823333,6,2015;2016;2017;2018;2019;2020
02566099999,57.4,15.8166666,1,2015
02567099999,58.75,17.8666666,6,2015;2016;2017;2018;2019;2020
02570099999,58.617,16.117,1,2015
02571099999,58.586253,16.250622,6,2015;2016;2017;2018;2019;2020
02574099999,58.5833333,16.15,6,2015;2016;2017;2018;2019;2020
02575099999,57.3666666,17.1,6,2015;2016;2017;2018;2019;2020
02580099999,58.967,18.45,1,2016
02587099999,57.9166666,18.95,6,2015;2016;2017;2018;2019;2020
02589099999,58.4,19.2,6,2015;2016;2017;2018;2019;2020
02590099999,57.662797,18.346211,6,2015;2016;2017;2018;2019;2020
02591099999,57.65,18.35,5,2016;2017;2018;2019;2020
02593199999,57.433,18.15,3,2016;2017;2018
02595099999,57.55,18.4333333,2,2015;2016
02598099999,57.4333333,18.9833333,6,2015;2016;2017;2018;2019;2020
02602099999,56.4,12.95,2,2015;2016
02603099999,56.8666666,12.6666666,6,2015;2016;2017;2018;2019;2020
02604099999,56.691128,12.820211,6,2015;2016;2017;2018;2019;2020
02605099999,56.45,12.55,6,2015;2016;2017;2018;2019;2020
02609099999,55.4666666,13.6666666,2,2015;2016
02611099999,56.0333333,12.7666666,6,2015;2016;2017;2018;2019;2020
02615099999,55.3833333,12.8166666,6,2015;2016;2017;2018;2019;2020
02616099999,55.3833333,12.8166666,6,2015;2016;2017;2018;2019;2020
02618099999,56.95,13.0666666,6,2015;2016;2017;2018;2019;2020
02622099999,56.85,13.8833333,6,2015;2016;2017;2018;2019;2020
02623099999,55.8666666,13.6666666,6,2015;2016;2017;2018;2019;2020
02624199999,56.433,13.6,5,2016;2017;2018;2019;2020
02625099999,55.4833333,14.3166666,6,2015;2016;2017;2018;2019;2020
02626099999,56.367,13.95,5,2016;2017;2018;2019;2020
02628099999,56.0166666,14.85,6,2015;2016;2017;2018;2019;2020
02629099999,56.2833333,13.9333333,6,2015;2016;2017;2018;2019;2020
02629199999,55.967,13.85,5,2016;2017;2018;2019;2020
02632099999,55.95,15.7,6,2015;2016;2017;2018;2019;2020
02633099999,55.7166666,13.2166666,5,2016;2017;2018;2019;2020
02635099999,55.5666666,13.0666666,6,2015;2016;2017;2018;2019;2020
02636099999,55.530193,13.371639,6,2015;2016;2017;2018;2019;2020
02641099999,56.929144,14.727994,6,2015;2016;2017;2018;2019;2020
02644099999,56.2,16.4,6,2015;2016;2017;2018;2019;2020
02646099999,56.6666666,16.4666666,2,2015;2016
02648099999,56.85,14.8333333,6,2015;2016;2017;2018;2019;2020
02651099999,55.921686,14.085536,6,2015;2016;2017;2018;2019;2020
02652099999,56.0166666,14.1,2,2015;2016
02653199999,55.983,14.3,5,2016;2017;2018;2019;2020
02661099999,56.8333333,15.4666666,6,2015;2016;2017;2018;2019;2020
02664099999,56.266667,15.265,6,2015;2016;2017;2018;2019;2020
02667099999,56.15,15.5833333,6,2015;2016;2017;2018;2019;2020
02670099999,56.6833333,16.3,6,2015;2016;2017;2018;2019;2020
02672099999,56.685531,16.287578,6,2015;2016;2017;2018;2019;2020
02679099999,56.9166666,18.15,6,2015;2016;2017;2018;2019;2020
02701099999,69.05,20.85,6,2015;2016;2017;2018;2019;2020
02702099999,69.1333333,27.2666666,6,2015;2016;2017;2018;2019;2020
02703099999,60.2,24.7333333,1,2015
02704099999,61.1166666,24.3166666,6,2015;2016;2017;2018;2019;2020
02705099999,67.0166666,27.2166666,6,2015;2016;2017;2018;2019;2020
02706099999,60.25,24.05,6,2015;2016;2017;2018;2019;2020
02708099999,62.1833333,22.8,6,2015;2016;2017;2018;2019;2020
02710099999,62.9166666,26.4166666,6,2015;2016;2017;2018;2019;2020
02713099999,61.2166666,25.1333333,6,2015;2016;2017;2018;2019;2020
02714099999,64.5,26.4402778,6,2015;2016;2017;2018;2019;2020
02717099999,68.1666666,25.7666666,6,2015;2016;2017;2018;2019;2020
02718099999,61.5166666,28.1833333,6,2015;2016;2017;2018;2019;2020
02719099999,67.8166666,27.75,6,2015;2016;2017;2018;2019;2020
02720099999,67.701022,24.84685,6,2015;2016;2017;2018;2019;2020
02721099999,63.95,22.85,6,2015;2016;2017;2018;2019;2020
02722099999,68.4166666,27.4166666,6,2015;2016;2017;2018;2019;2020
02723099999,67.7833333,24.85,2,2015;2016
02724099999,60.1166666,20.3,6,2015;2016;2017;2018;2019;2020
02725099999,63.45,24.45,6,2015;2016;2017;2018;2019;2020
02726099999,68.6,23.5833333,6,2015;2016;2017;2018;2019;2020
02727099999,61.2666666,25.5166666,6,2015;2016;2017;2018;2019;2020
02732099999,62.8,27.9,6,2015;2016;2017;2018;2019;2020
02733099999,61.0333333,28.5666666,6,2015;2016;2017;2018;2019;2020
02734099999,61.45,29.4666666,6,2015;2016;2017;2018;2019;2020
02735099999,62.3333333,23.55,6,2015;2016;2017;2018;2019;2020
02736099999,61.9,27.8833333,6,2015;2016;2017;2018;2019;2020
02737099999,63.8166666,24.1666666,6,2015;2016;2017;2018;2019;2020
02738099999,63.7333333,25.7,6,2015;2016;2017;2018;2019;2020
02739099999,64.1166666,28.3333333,6,2015;2016;2017;2018;2019;2020
02741099999,60.1833333,19.9833333,6,2015;2016;2017;2018;2019;2020
02743099999,59.8666666,22.2,6,2015;2016;2017;2018;2019;2020
02744099999,61.5,23.7666666,6,2015;2016;2017;2018;2019;2020
02745099999,67.1666666,29.1833333,6,2015;2016;2017;2018;2019;2020
02746099999,59.8166666,22.9166666,6,2015;2016;2017;2018;2019;2020
02747099999,60.3833333,22.1,6,2015;2016;2017;2018;2019;2020
02748099999,62.171111,27.868611,2,2015;2016
02750099999,59.85,23.25,6,2015;2016;2017;2018;2019;2020
02751099999,61.6333333,21.3833333,6,2015;2016;2017;2018;2019;2020
02752099999,62.2,21.1666666,6,2015;2016;2017;2018;2019;2020
02753099999,61.8333333,22.4666666,6,2015;2016;2017;2018;2019;2020
02754099999,61.0,24.5,6,2015;2016;2017;2018;2019;2020
02755099999,64.05,24.7166666,6,2015;2016;2017;2018;2019;2020
02756099999,60.3666666,23.1166666,6,2015;2016;2017;2018;2019;2020
02757099999,59.8166666,23.5833333,6,2015;2016;2017;2018;2019;2020
02758099999,60.4166666,24.4,6,2015;2016;2017;2018;2019;2020
02759099999,60.4,25.6,6,2015;2016;2017;2018;2019;2020
02760099999,66.1666666,29.1333333,6,2015;2016;2017;2018;2019;2020
02761099999,61.15,21.3,6,2015;2016;2017;2018;2019;2020
02763099999,61.4666666,23.75,6,2015;2016;2017;2018;2019;2020
02764099999,68.0,24.2166666,6,2015;2016;2017;2018;2019;2020
02765099999,61.7,25.5,6,2015;2016;2017;2018;2019;2020
02766099999,63.15,31.05,6,2015;2016;2017;2018;2019;2020
02767099999,61.05,25.05,6,2015;2016;2017;2018;2019;2020
02768099999,61.2,26.05,6,2015;2016;2017;2018;2019;2020
02769099999,62.4166666,22.1833333,6,2015;2016;2017;2018;2019;2020
02770099999,61.85,24.2833333,6,2015;2016;2017;2018;2019;2020
02771099999,61.8833333,26.1,6,2015;2016;2017;2018;2019;2020
02772099999,62.0666666,28.5666666,6,2015;2016;2017;2018;2019;2020
02773099999,60.45,22.1833333,6,2015;2016;2017;2018;2019;2020
02777099999,60.4666666,23.65,6,2015;2016;2017;2018;2019;2020
02778099999,61.8,29.3166666,6,2015;2016;2017;2018;2019;2020
02780099999,62.9333333,21.1833333,6,2015;2016;2017;2018;2019;2020
02781099999,62.9833333,20.7333333,6,2015;2016;2017;2018;2019;2020
02787099999,63.0833333,24.2666666,6,2015;2016;2017;2018;2019;2020
02788099999,63.15,27.3166666,6,2015;2016;2017;2018;2019;2020
02789099999,63.3833333,28.6666666,6,2015;2016;2017;2018;2019;2020
02790099999,60.25,20.75,6,2015;2016;2017;2018;2019;2020
02791099999,63.2333333,29.2333333,6,2015;2016;2017;2018;2019;2020
02793099999,62.55,29.6666666,6,2015;2016;2017;2018;2019;2020
02794099999,59.9166666,24.35,6,2015;2016;2017;2018;2019;2020
02795099999,60.1,24.9833333,6,2015;2016;2017;2018;2019;2020
02796099999,63.3166666,30.05,6,2015;2016;2017;2018;2019;2020
02797099999,64.15,25.4166666,6,2015;2016;2017;2018;2019;2020
02798099999,63.6666666,28.8333333,6,2015;2016;2017;2018;2019;2020
02799099999,64.3,30.1666666,6,2015;2016;2017;2018;2019;2020
02800099999,64.6166666,23.9,6,2015;2016;2017;2018;2019;2020
02801099999,69.05,20.7833333,6,2015;2016;2017;2018;2019;2020
02803099999,64.6833333,25.0833333,6,2015;2016;2017;2018;2019;2020
02804099999,65.5833333,28.2166666,6,2015;2016;2017;2018;2019;2020
02805099999,69.75,27.0,6,2015;2016;2017;2018;2019;2020
02807099999,68.607269,27.405328,6,2015;2016;2017;2018;2019;2020
02807599999,68.362586,23.424322,6,2015;2016;2017;2018;2019;2020
02811099999,66.3666666,29.3166666,6,2015;2016;2017;2018;2019;2020
02812099999,66.5333333,24.65,6,2015;2016;2017;2018;2019;2020
02813099999,66.5833333,26.0166666,6,2015;2016;2017;2018;2019;2020
02814099999,66.7166666,27.1666666,6,2015;2016;2017;2018;2019;2020
02815099999,67.2833333,28.1833333,6,2015;2016;2017;2018;2019;2020
02816099999,68.0833333,27.1833333,6,2015;2016;2017;2018;2019;2020
02817099999,68.4333333,27.45,6,2015;2016;2017;2018;2019;2020
02818099999,68.4833333,28.3,6,2015;2016;2017;2018;2019;2020
02819099999,67.75,29.6166666,6,2015;2016;2017;2018;2019;2020
02820099999,68.0666666,24.0333333,6,2015;2016;2017;2018;2019;2020
02821099999,67.9666666,24.1166666,6,2015;2016;2017;2018;2019;2020
02823099999,67.9666666,23.6833333,5,2015;2016;2017;2018;2019
02824099999,67.9833333,24.25,6,2015;2016;2017;2018;2019;2020
02825099999,70.0833333,27.9,6,2015;2016;2017;2018;2019;2020
02827099999,69.0666666,27.5,6,2015;2016;2017;2018;2019;2020
02828099999,60.3833333,22.55,6,2015;2016;2017;2018;2019;2020
02829099999,60.6,24.8,6,2015;2016;2017;2018;2019;2020
02830099999,60.7,26.8166666,6,2015;2016;2017;2018;2019;2020
02831099999,60.5333333,27.6666666,6,2015;2016;2017;2018;2019;2020
02832099999,62.2333333,30.35,6,2015;2016;2017;2018;2019;2020
02833099999,62.9333333,22.4833333,6,2015;2016;2017;2018;2019;2020
02834099999,63.8333333,27.2166666,6,2015;2016;2017;2018;2019;2020
02835099999,68.85,28.3,6,2015;2016;2017;2018;2019;2020
02836099999,67.395033,26.619133,6,2015;2016;2017;2018;2019;2020
02844099999,66.7666666,23.9666666,6,2015;2016;2017;2018;2019;2020
02845099999,66.564822,25.830411,6,2015;2016;2017;2018;2019;2020
02847099999,66.5,25.7166666,6,2015;2016;2017;2018;2019;2020
02849099999,66.8333333,28.6666666,6,2015;2016;2017;2018;2019;2020
02850099999,62.3166666,27.9,6,2015;2016;2017;2018;2019;2020
02851099999,64.9333333,25.3666666,6,2015;2016;2017;2018;2019;2020
02852099999,63.85,23.1166666,4,2015;2016;2017;2018
02857099999,68.9,25.7333333,6,2015;2016;2017;2018;2019;2020
02858099999,69.5833333,28.9,6,2015;2016;2017;2018;2019;2020
02859099999,64.6666666,28.05,6,2015;2016;2017;2018;2019;2020
02860099999,67.65,24.9,6,2015;2016;2017;2018;2019;2020
02862099999,65.6666666,24.5166666,6,2015;2016;2017;2018;2019;2020
02863099999,65.3833333,24.1,6,2015;2016;2017;2018;2019;2020
02864099999,65.781889,24.5991,6,2015;2016;2017;2018;2019;2020
02866099999,65.4166666,26.9666666,6,2015;2016;2017;2018;2019;2020
02868099999,66.1666666,29.15,6,2015;2016;2017;2018;2019;2020
02869099999,65.987575,29.239381,6,2015;2016;2017;2018;2019;2020
02872099999,64.6666666,24.4,6,2015;2016;2017;2018;2019;2020
02873099999,65.0333333,24.5666666,6,2015;2016;2017;2018;2019;2020
02874099999,65.0333333,24.8,6,2015;2016;2017;2018;2019;2020
02875099999,64.930061,25.354564,6,2015;2016;2017;2018;2019;2020
02876099999,65.0,25.4,6,2015;2016;2017;2018;2019;2020
02880099999,65.85,24.1666666,6,2015;2016;2017;2018;2019;2020
02881099999,65.9833333,26.3666666,6,2015;2016;2017;2018;2019;2020
02882099999,68.0,24.2333333,6,2015;2016;2017;2018;2019;2020
02883099999,64.2166666,27.75,6,2015;2016;2017;2018;2019;2020
02888099999,69.05,27.75,6,2015;2016;2017;2018;2019;2020
02889099999,64.9333333,28.75,6,2015;2016;2017;2018;2019;2020
02890099999,69.75,27.0166666,6,2015;2016;2017;2018;2019;2020
02897099999,64.285472,27.692414,6,2015;2016;2017;2018;2019;2020
02903099999,63.721172,23.143131,6,2015;2016;2017;2018;2019;2020
02906099999,60.1666666,22.75,6,2015;2016;2017;2018;2019;2020
02907099999,64.3333333,23.45,6,2015;2016;2017;2018;2019;2020
02910099999,63.4333333,21.0666666,6,2015;2016;2017;2018;2019;2020
02911099999,63.05065,21.762175,6,2015;2016;2017;2018;2019;2020
02913099999,63.127078,23.051442,6,2015;2016;2017;2018;2019;2020
02914099999,63.1166666,23.05,1,2015
02915099999,63.0833333,25.8666667,6,2015;2016;2017;2018;2019;2020
02917099999,63.00715,27.797756,6,2015;2016;2017;2018;2019;2020
02919099999,61.2,28.4666666,6,2015;2016;2017;2018;2019;2020
02920099999,63.75,22.5166666,6,2015;2016;2017;2018;2019;2020
02924099999,62.5333333,24.2166666,6,2015;2016;2017;2018;2019;2020
02924599999,62.692119,22.832328,6,2015;2016;2017;2018;2019;2020
02926099999,61.4833333,21.7833333,6,2015;2016;2017;2018;2019;2020
02927099999,62.5166666,24.8,6,2015;2016;2017;2018;2019;2020
02928099999,62.6,29.7166666,6,2015;2016;2017;2018;2019;2020
02929099999,62.662906,29.60755,6,2015;2016;2017;2018;2019;2020
02931099999,62.3333333,21.1833333,6,2015;2016;2017;2018;2019;2020
02934099999,60.1666666,24.95,1,2015
02935099999,62.399453,25.678253,6,2015;2016;2017;2018;2019;2020
02937099999,61.25,22.35,6,2015;2016;2017;2018;2019;2020
02939099999,62.7666666,30.9833333,6,2015;2016;2017;2018;2019;2020
02942099999,61.8333333,22.4666666,6,2015;2016;2017;2018;2019;2020
02943099999,61.5166666,23.75,6,2015;2016;2017;2018;2019;2020
02944099999,61.414147,23.604392,6,2015;2016;2017;2018;2019;2020
02945099999,61.85605,24.7866,6,2015;2016;2017;2018;2019;2020
02946099999,61.8666666,24.8166666,6,2015;2016;2017;2018;2019;2020
02947099999,61.6866,27.201794,6,2015;2016;2017;2018;2019;2020
02948099999,61.943064,28.945136,6,2015;2016;2017;2018;2019;2020
02949099999,60.65,23.8,6,2015;2016;2017;2018;2019;2020
02950099999,60.1166666,21.7,6,2015;2016;2017;2018;2019;2020
02952099999,61.461686,21.799983,6,2015;2016;2017;2018;2019;2020
02955099999,62.9,27.6333333,6,2015;2016;2017;2018;2019;2020
02956099999,60.8833333,26.9333333,6,2015;2016;2017;2018;2019;2020
02957099999,63.1,21.6394444,6,2015;2016;2017;2018;2019;2020
02958099999,61.044553,28.144397,6,2015;2016;2017;2018;2019;2020
02959099999,61.05,28.2166666,6,2015;2016;2017;2018;2019;2020
02963099999,60.8166666,23.5,6,2015;2016;2017;2018;2019;2020
02964099999,60.7166666,21.0333333,6,2015;2016;2017;2018;2019;2020
02965099999,60.9666666,25.6333333,5,2015;2016;2017;2018;2019
02966099999,60.896394,26.938353,6,2015;2016;2017;2018;2019;2020
02967099999,60.2833333,27.1833333,6,2015;2016;2017;2018;2019;2020
02970099999,60.122203,19.898156,6,2015;2016;2017;2018;2019;2020
02972099999,60.514142,22.262808,6,2015;2016;2017;2018;2019;2020
02974099999,60.317222,24.963333,6,2015;2016;2017;2018;2019;2020
02975099999,60.254558,25.042828,3,2015;2016;2017
02976099999,60.3833333,26.9666666,6,2015;2016;2017;2018;2019;2020
02978099999,60.1833333,24.95,6,2015;2016;2017;2018;2019;2020
02979099999,59.5,20.35,6,2015;2016;2017;2018;2019;2020
02980099999,59.9666666,19.95,6,2015;2016;2017;2018;2019;2020
02981099999,59.7833333,21.3666666,6,2015;2016;2017;2018;2019;2020
02982099999,59.7666666,22.95,6,2015;2016;2017;2018;2019;2020
02983099999,60.5166666,24.65,6,2015;2016;2017;2018;2019;2020
02984099999,59.9333333,24.0166666,6,2015;2016;2017;2018;2019;2020
02985199999,60.1833333,24.7833333,6,2015;2016;2017;2018;2019;2020
02987099999,59.9833333,25.6,6,2015;2016;2017;2018;2019;2020
02989099999,59.95,24.9333333,6,2015;2016;2017;2018;2019;2020
02991099999,60.2,25.6333333,6,2015;2016;2017;2018;2019;2020
02992099999,60.2833333,26.45,6,2015;2016;2017;2018;2019;2020
02993099999,60.3,19.1333333,6,2015;2016;2017;2018;2019;2020
02998099999,60.2,24.9666666,6,2015;2016;2017;2018;2019;2020
03002099999,60.75,-0.85,6,2015;2016;2017;2018;2019;2020
03003099999,59.878889,-1.295556,6,2015;2016;2017;2018;2019;2020
03005099999,60.1333333,-1.1833333,6,2015;2016;2017;2018;2019;2020
03006099999,60.45,-1.2666667,1,2016
03006499999,60.432778,-1.296111,6,2015;2016;2017;2018;2019;2020
03008099999,59.5333333,-1.6333333,6,2015;2016;2017;2018;2019;2020
03010099999,59.0833333,-4.4,5,2015;2016;2017;2018;2019
03014099999,60.1166666,-2.0666666,2,2015;2016
03017099999,58.957778,-2.905,6,2015;2016;2017;2018;2019;2020
03018099999,53.581575,-3.055522,6,2015;2016;2017;2018;2019;2020
03022099999,57.481111,-7.362778,6,2015;2016;2017;2018;2019;2020
03023099999,57.3333333,-7.3666666,6,2015;2016;2017;2018;2019;2020
03026099999,58.215556,-6.331111,6,2015;2016;2017;2018;2019;2020
03031099999,57.7166666,-4.8833333,6,2015;2016;2017;2018;2019;2020
03034099999,57.8666666,-5.6333333,6,2015;2016;2017;2018;2019;2020
03037099999,57.25,-5.8,3,2015;2016;2017
03039099999,57.4166666,-5.6833333,6,2015;2016;2017;2018;2019;2020
03041099999,56.8166666,-4.9666666,6,2015;2016;2017;2018;2019;2020
03044099999,58.2833333,-4.4333333,6,2015;2016;2017;2018;2019;2020
03047099999,56.8666666,-4.7,6,2015;2016;2017;2018;2019;2020
03059099999,57.5425,-4.0475,6,2015;2016;2017;2018;2019;2020
03062099999,57.8166667,-3.9666667,6,2015;2016;2017;2018;2019;2020
03063099999,57.2,-3.8333333,6,2015;2016;2017;2018;2019;2020
03065099999,57.1166666,-3.6333333,6,2015;2016;2017;2018;2019;2020
03066099999,57.649386,-3.560636,6,2015;2016;2017;2018;2019;2020
03068099999,57.705214,-3.339169,6,2015;2016;2017;2018;2019;2020
03072099999,56.8833333,-3.4166666,6,2015;2016;2017;2018;2019;2020
03075099999,58.458889,-3.093056,6,2015;2016;2017;2018;2019;2020
03075599999,50.9625,-2.935667,2,2018;2019
03080099999,57.0833333,-2.8333333,6,2015;2016;2017;2018;2019;2020
03088099999,56.85,-2.2666666,6,2015;2016;2017;2018;2019;2020
03091099999,57.201944,-2.197778,6,2015;2016;2017;2018;2019;2020
03092099999,57.5,-1.7666666,3,2016;2019;2020
03100099999,56.499167,-6.869167,6,2015;2016;2017;2018;2019;2020
03105099999,55.6833333,-6.25,6,2015;2016;2017;2018;2019;2020
03111099999,55.4333333,-5.7,6,2015;2016;2017;2018;2019;2020
03114099999,56.417,-5.467,6,2015;2016;2017;2018;2019;2020
03132099999,54.85,-4.95,6,2015;2016;2017;2018;2019;2020
03134099999,55.9,-4.5333333,6,2015;2016;2017;2018;2019;2020
03135099999,55.509444,-4.586667,6,2015;2016;2017;2018;2019;2020
03136099999,55.5166666,-4.5833333,6,2015;2016;2017;2018;2019;2020
03139499999,55.437222,-5.686389,6,2015;2016;2017;2018;2019;2020
03140099999,55.871944,-4.433056,6,2015;2016;2017;2018;2019;2020
03140199999,61.6166666,1.3,6,2015;2016;2017;2018;2019;2020
03140299999,59.7333333,1.6666666,6,2015;2016;2017;2018;2019;2020
03140399999,59.2666666,1.5,6,2015;2016;2017;2018;2019;2020
03140499999,58.7166666,1.4,3,2015;2016;2017
03140599999,58.0333333,1.4,6,2015;2016;2017;2018;2019;2020
03140699999,57.3666666,1.9833333,6,2015;2016;2017;2018;2019;2020
03140799999,57.2833333,1.65,6,2015;2016;2017;2018;2019;2020
03140899999,54.0166666,1.1,6,2015;2016;2017;2018;2019;2020
03140999999,53.7,1.1333333,6,2015;2016;2017;2018;2019;2020
03141299999,60.6833333,-2.5333333,6,2015;2016;2017;2018;2019;2020
03141399999,54.0333333,0.7166666,6,2015;2016;2017;2018;2019;2020
03144099999,56.3166666,-3.7333333,6,2015;2016;2017;2018;2019;2020
03148099999,56.4166666,-4.3166666,6,2015;2016;2017;2018;2019;2020
03153099999,54.8,-4.0,6,2015;2016;2017;2018;2019;2020
03155099999,55.6166666,-3.7333333,6,2015;2016;2017;2018;2019;2020
03158099999,55.7,-2.3833333,6,2015;2016;2017;2018;2019;2020
03159099999,56.033,-3.133,1,2016
03160099999,55.95,-3.3725,6,2015;2016;2017;2018;2019;2020
03162099999,55.3166666,-3.2,6,2015;2016;2017;2018;2019;2020
03163499999,56.452499,-3.025833,6,2015;2016;2017;2018;2019;2020
03165099999,55.05,-2.55,6,2015;2016;2017;2018;2019;2020
03166099999,55.9333333,-3.35,6,2015;2016;2017;2018;2019;2020
03171099999,56.372889,-2.868444,6,2015;2016;2017;2018;2019;2020
03204099999,54.083333,-4.623889,6,2015;2016;2017;2018;2019;2020
03210099999,54.5166666,-3.6,6,2015;2016;2017;2018;2019;2020
03212099999,54.6166666,-3.1666666,6,2015;2016;2017;2018;2019;2020
03214099999,54.131167,-3.263667,6,2015;2016;2017;2018;2019;2020
03214599999,53.745097,-2.883061,6,2015;2016;2017;2018;2019;2020
03220099999,54.9333333,-2.9666666,6,2015;2016;2017;2018;2019;2020
03222099999,54.9375,-2.809167,6,2015;2016;2017;2018;2019;2020
03224099999,55.05,-2.55,6,2015;2016;2017;2018;2019;2020
03225099999,54.5,-2.6833333,6,2015;2016;2017;2018;2019;2020
03226099999,54.5666666,-2.4166666,6,2015;2016;2017;2018;2019;2020
03227099999,54.6833333,-2.45,6,2015;2016;2017;2018;2019;2020
03230099999,55.2833333,-2.2833333,6,2015;2016;2017;2018;2019;2020
03238099999,55.0166666,-1.8666666,6,2015;2016;2017;2018;2019;2020
03240099999,55.424167,-1.603333,6,2015;2016;2017;2018;2019;2020
03243399999,55.0375,-1.691667,6,2015;2016;2017;2018;2019;2020
03257099999,54.292383,-1.5354,6,2015;2016;2017;2018;2019;2020
03261099999,54.137186,-1.420253,2,2015;2016
03263599999,54.509189,-1.429406,6,2015;2016;2017;2018;2019;2020
03264399999,54.205522,-1.382094,6,2015;2016;2017;2018;2019;2020
03265099999,54.2,-1.3833333,6,2015;2016;2017;2018;2019;2020
03266099999,54.048911,-1.252747,6,2015;2016;2017;2018;2019;2020
03275099999,54.5666666,-0.8666666,6,2015;2016;2017;2018;2019;2020
03281099999,54.3666666,-0.6666666,6,2015;2016;2017;2018;2019;2020
03292099999,54.1,-0.1666666,6,2015;2016;2017;2018;2019;2020
03301099999,53.2666666,-4.3666666,6,2015;2016;2017;2018;2019;2020
03302099999,53.248097,-4.535339,6,2015;2016;2017;2018;2019;2020
03305099999,53.1,-3.9333333,6,2015;2016;2017;2018;2019;2020
03313099999,53.25,-3.5,6,2015;2016;2017;2018;2019;2020
03316099999,53.5,-3.0666666,6,2015;2016;2017;2018;2019;2020
03318099999,53.771667,-3.028611,6,2015;2016;2017;2018;2019;2020
03321099999,53.178056,-2.977778,6,2015;2016;2017;2018;2019;2020
03323399999,53.333611,-2.849722,6,2015;2016;2017;2018;2019;2020
03330099999,53.1333333,-1.9833333,6,2015;2016;2017;2018;2019;2020
03334099999,53.353744,-2.27495,6,2015;2016;2017;2018;2019;2020
03344099999,53.8166666,-1.8666666,6,2015;2016;2017;2018;2019;2020
03346099999,53.6,-1.6666666,6,2015;2016;2017;2018;2019;2020
03346399999,53.865897,-1.660569,6,2015;2016;2017;2018;2019;2020
03346599999,50.4333333,-4.9833333,6,2015;2016;2017;2018;2019;2020
03347599999,53.394256,-1.388486,1,2020
03351099999,53.3666666,-2.3833333,6,2015;2016;2017;2018;2019;2020
03354099999,53.0,-1.25,6,2015;2016;2017;2018;2019;2020
03372399999,52.962225,-0.561625,6,2015;2016;2017;2018;2019;2020
03373099999,53.307778,-0.550833,6,2015;2016;2017;2018;2019;2020
03373599999,53.574444,-0.350833,6,2015;2016;2017;2018;2019;2020
03377099999,53.166167,-0.523811,6,2015;2016;2017;2018;2019;2020
03379099999,53.03035,-0.483242,6,2015;2016;2017;2018;2019;2020
03382099999,53.8666666,-0.4333333,6,2015;2016;2017;2018;2019;2020
03384099999,53.8666667,-0.4333333,6,2015;2016;2017;2018;2019;2020
03385099999,53.4666666,0.0666666,6,2015;2016;2017;2018;2019;2020
03385199999,53.4749,0.1521,6,2015;2016;2017;2018;2019;2020
03391099999,53.093014,-0.166014,6,2015;2016;2017;2018;2019;2020
03392099999,53.0833333,0.2666667,6,2015;2016;2017;2018;2019;2020
03396199999,53.567,0.117,4,2017;2018;2019;2020
03405099999,52.7833333,-4.7333333,6,2015;2016;2017;2018;2019;2020
03405499999,53.474722,-1.004444,6,2015;2016;2017;2018;2019;2020
03405599999,52.65,-1.7833333,1,2015
03409099999,52.9,-3.5833333,6,2015;2016;2017;2018;2019;2020
03410099999,52.75,-3.4666666,6,2015;2016;2017;2018;2019;2020
03414099999,52.798169,-2.668042,6,2015;2016;2017;2018;2019;2020
03414599999,52.640028,-2.305578,6,2015;2016;2017;2018;2019;2020
03418599999,52.831111,-1.328056,6,2015;2016;2017;2018;2019;2020
03462099999,52.612558,-0.476453,6,2015;2016;2017;2018;2019;2020
03469099999,52.8666667,0.15,6,2015;2016;2017;2018;2019;2020
03482099999,52.648353,0.550692,6,2015;2016;2017;2018;2019;2020
03488099999,52.95,1.1333333,6,2015;2016;2017;2018;2019;2020
03492099999,52.675833,1.282778,6,2015;2016;2017;2018;2019;2020
03502099999,52.1333333,-4.5666667,6,2015;2016;2017;2018;2019;2020
03503099999,52.35,-3.95,6,2015;2016;2017;2018;2019;2020
03507099999,52.0666666,-3.6166666,6,2015;2016;2017;2018;2019;2020
03520099999,52.25,-2.8833333,6,2015;2016;2017;2018;2019;2020
03522099999,52.0833333,-2.8,6,2015;2016;2017;2018;2019;2020
03529099999,52.15,-2.0333333,6,2015;2016;2017;2018;2019;2020
03534099999,52.453856,-1.748028,6,2015;2016;2017;2018;2019;2020
03535099999,52.4833333,-1.6833333,6,2015;2016;2017;2018;2019;2020
03541399999,52.369722,-1.479722,3,2015;2016;2017
03544099999,52.3666666,-1.3333333,6,2015;2016;2017;2018;2019;2020
03557399999,52.072222,-0.616667,6,2015;2016;2017;2018;2019;2020
03560099999,52.2166666,-0.4833333,6,2015;2016;2017;2018;2019;2020
03566099999,52.357167,-0.107833,1,2015
03566199999,55.681944,-6.256667,6,2015;2016;2017;2018;2019;2020
03571599999,52.205,0.175,6,2015;2016;2017;2018;2019;2020
03577035046,52.36667,0.48333,6,2015;2016;2017;2018;2019;2020
03583035034,52.4,0.56667,6,2015;2016;2017;2018;2019;2020
03590099999,52.127283,0.956264,6,2015;2016;2017;2018;2019;2020
03601099999,51.683,-5.167,1,2016
03604099999,51.7,-5.05,6,2015;2016;2017;2018;2019;2020
03605099999,51.7166667,-4.3666667,6,2015;2016;2017;2018;2019;2020
03609099999,51.5666666,-3.9833333,6,2015;2016;2017;2018;2019;2020
03628099999,51.5166666,-2.5833333,3,2015;2016;2017
03628399999,51.519444,-2.590833,2,2017;2018
03633399999,51.894167,-2.167222,6,2015;2016;2017;2018;2019;2020
03644099999,51.682167,-1.790028,6,2015;2016;2017;2018;2019;2020
03647099999,51.8666666,-1.6833333,6,2015;2016;2017;2018;2019;2020
03649099999,51.749964,-1.583617,6,2015;2016;2017;2018;2019;2020
03658099999,51.616389,-1.095833,6,2015;2016;2017;2018;2019;2020
03658499999,51.439083,-2.286389,5,2015;2016;2017;2018;2019
03660099999,51.6833333,-0.8,6,2015;2016;2017;2018;2019;2020
03672099999,51.553,-0.418167,6,2015;2016;2017;2018;2019;2020
03673399999,51.874722,-0.368333,6,2015;2016;2017;2018;2019;2020
03680099999,51.8,-0.3583333,6,2015;2016;2017;2018;2019;2020
03683099999,51.885,0.235,6,2015;2016;2017;2018;2019;2020
03684099999,51.8833333,0.45,6,2015;2016;2017;2018;2019;2020
03691399999,51.571389,0.695556,6,2015;2016;2017;2018;2019;2020
03693099999,51.55,0.8333333,6,2015;2016;2017;2018;2019;2020
03707099999,51.087167,-4.150339,6,2015;2016;2017;2018;2019;2020
03710099999,51.0833333,-3.6,6,2015;2016;2017;2018;2019;2020
03715099999,51.396667,-3.343333,6,2015;2016;2017;2018;2019;2020
03716099999,51.404811,-3.43575,6,2015;2016;2017;2018;2019;2020
03724399999,51.382669,-2.719089,6,2015;2016;2017;2018;2019;2020
03740099999,51.505144,-1.993428,6,2015;2016;2017;2018;2019;2020
03743099999,51.2,-1.8,6,2015;2016;2017;2018;2019;2020
03746099999,51.152189,-1.747414,6,2015;2016;2017;2018;2019;2020
03749099999,51.15,-1.5666667,6,2015;2016;2017;2018;2019;2020
03761099999,51.234139,-0.942825,6,2015;2016;2017;2018;2019;2020
03763099999,51.3833333,-0.7833333,2,2015;2019
03766399999,51.330833,0.0325,6,2015;2016;2017;2018;2019;2020
03768099999,51.275833,-0.776333,6,2015;2016;2017;2018;2019;2020
03768399999,51.505278,0.055278,6,2015;2016;2017;2018;2019;2020
03769099999,51.1438889,-0.2294444,6,2015;2016;2017;2018;2019;2020
03770099999,51.5,-0.1166666,6,2015;2016;2017;2018;2019;2020
03772099999,51.4775,-0.461389,6,2015;2016;2017;2018;2019;2020
03776099999,51.148056,-0.190278,6,2015;2016;2017;2018;2019;2020
03781099999,51.3,-0.0833333,6,2015;2016;2017;2018;2019;2020
03784099999,51.4666666,0.3,4,2015;2016;2017;2018
03796099999,51.1333333,1.35,6,2015;2016;2017;2018;2019;2020
03797035047,51.35,1.333,6,2015;2016;2017;2018;2019;2020
03803099999,49.9166667,-6.3,6,2015;2016;2017;2018;2019;2020
03806099999,50.0641,-5.709,5,2016;2017;2018;2019;2020
03808099999,50.2166666,-5.3166666,6,2015;2016;2017;2018;2019;2020
03809099999,50.086092,-5.255711,6,2015;2016;2017;2018;2019;2020
03823099999,50.5,-4.6666666,6,2015;2016;2017;2018;2019;2020
03827099999,50.35,-4.1166667,6,2015;2016;2017;2018;2019;2020
03839099999,50.734444,-3.413889,6,2015;2016;2017;2018;2019;2020
03840099999,50.8666666,-3.2333333,6,2015;2016;2017;2018;2019;2020
03853099999,51.009358,-2.638819,6,2015;2016;2017;2018;2019;2020
03857099999,50.5166666,-2.45,6,2015;2016;2017;2018;2019;2020
03862099999,50.78,-1.8425,6,2015;2016;2017;2018;2019;2020
03865099999,50.950261,-1.356803,6,2015;2016;2017;2018;2019;2020
03866099999,50.5833333,-1.3,6,2015;2016;2017;2018;2019;2020
03872099999,50.8166666,-0.9166666,6,2015;2016;2017;2018;2019;2020
03874099999,50.8,-1.2166666,1,2015
03876099999,50.835556,-0.297222,6,2015;2016;2017;2018;2019;2020
03882099999,50.9,0.3166666,6,2015;2016;2017;2018;2019;2020
03887399999,50.956111,0.939167,6,2015;2016;2017;2018;2019;2020
03891599999,49.706111,-2.214722,6,2015;2016;2017;2018;2019;2020
03894099999,49.434956,-2.601969,6,2015;2016;2017;2018;2019;2020
03895099999,49.207947,-2.195508,6,2015;2016;2017;2018;2019;2020
03896099999,49.2,-2.1,6,2015;2016;2017;2018;2019;2020
03901099999,54.3333333,-7.6,6,2015;2016;2017;2018;2019;2020
03904099999,54.7,-7.5833333,6,2015;2016;2017;2018;2019;2020
03907099999,55.15,-6.9333333,6,2015;2016;2017;2018;2019;2020
03908499999,55.042778,-7.161111,6,2015;2016;2017;2018;2019;2020
03911099999,54.7166666,-6.8166666,6,2015;2016;2017;2018;2019;2020
03915099999,54.8666666,-6.45,6,2015;2016;2017;2018;2019;2020
03916099999,55.1833333,-6.1666666,6,2015;2016;2017;2018;2019;2020
03917099999,54.6575,-6.215833,6,2015;2016;2017;2018;2019;2020
03918099999,54.5,-6.3333333,1,2016
03923099999,54.2333333,-6.5,6,2015;2016;2017;2018;2019;2020
03924099999,54.618056,-5.8725,6,2015;2016;2017;2018;2019;2020
03951099999,51.4666666,-9.4166666,6,2015;2016;2017;2018;2019;2020
03952099999,51.8,-8.25,6,2015;2016;2017;2018;2019;2020
03953099999,51.9333333,-10.25,6,2015;2016;2017;2018;2019;2020
03955099999,51.841269,-8.491111,6,2015;2016;2017;2018;2019;2020
03956099999,52.2833333,-6.4833333,6,2015;2016;2017;2018;2019;2020
03961099999,52.85,-6.9,6,2015;2016;2017;2018;2019;2020
03962099999,52.701978,-8.924817,6,2015;2016;2017;2018;2019;2020
03963099999,53.3166666,-9.9,6,2015;2016;2017;2018;2019;2020
03966099999,53.0166666,-8.0,6,2015;2016;2017;2018;2019;2020
03967099999,53.301667,-6.451333,6,2015;2016;2017;2018;2019;2020
03968999999,53.4333333,-6.25,2,2016;2019
03969099999,53.421333,-6.270075,6,2015;2016;2017;2018;2019;2020
03970099999,53.7166666,-8.9833333,6,2015;2016;2017;2018;2019;2020
03971099999,53.5333333,-7.3666666,6,2015;2016;2017;2018;2019;2020
03973099999,53.910297,-8.818492,6,2015;2016;2017;2018;2019;2020
03976099999,54.2333333,-10.0,6,2015;2016;2017;2018;2019;2020
03978099999,54.4833333,-8.2333333,6,2015;2016;2017;2018;2019;2020
03979099999,54.05,-7.3,6,2015;2016;2017;2018;2019;2020
03980099999,55.3666666,-7.3333333,6,2015;2016;2017;2018;2019;2020
04005099999,66.15,-23.25,6,2015;2016;2017;2018;2019;2020
04013099999,65.0833333,-22.7333333,6,2015;2016;2017;2018;2019;2020
04013199999,66.058056,-23.135278,6,2015;2016;2017;2018;2019;2020
04017099999,66.1,-22.6666666,5,2015;2016;2018;2019;2020
04018016201,63.96667,-22.6,6,2015;2016;2017;2018;2019;2020
04030099999,64.13,-21.940556,6,2015;2016;2017;2018;2019;2020
04034099999,64.6166666,-21.6,2,2019;2020
04038099999,63.8666666,-21.15,4,2015;2016;2019;2020
04041099999,65.2833333,-21.1,2,2019;2020
04048099999,63.424303,-20.278875,6,2015;2016;2017;2018;2019;2020
04053099999,65.7,-19.6166666,4,2015;2016;2017;2018
04056099999,64.8666666,-19.5666666,1,2020
04063099999,65.659994,-18.072703,6,2015;2016;2017;2018;2019;2020
04064099999,63.7833333,-18.0666666,2,2019;2020
04065099999,66.5333333,-18.0166667,6,2015;2016;2017;2018;2019;2020
04065599999,65.641331,-23.546169,6,2015;2016;2017;2018;2019;2020
04069099999,65.8166666,-17.2,2,2019;2020
04071099999,66.2,-17.1,2,2019;2020
04072099999,63.8833333,-16.65,2,2019;2020
04073099999,65.6333333,-16.1166666,6,2015;2016;2017;2018;2019;2020
04077099999,66.45,-15.95,2,2019;2020
04082099999,64.295556,-15.227222,6,2015;2016;2017;2018;2019;2020
04085099999,65.75,-14.8333333,6,2015;2016;2017;2018;2019;2020
04089099999,65.283333,-14.401389,6,2015;2016;2017;2018;2019;2020
04091099999,65.0333333,-14.2333333,1,2017
04097099999,65.2666666,-13.5833333,6,2015;2016;2017;2018;2019;2020
04101099999,65.5,-24.5166666,5,2015;2016;2018;2019;2020
04104099999,64.9,-23.9333333,6,2015;2016;2017;2018;2019;2020
04109099999,66.05,-23.3166666,5,2015;2016;2018;2019;2020
04115099999,65.7,-23.0833333,3,2015;2016;2017
04123099999,66.4166666,-22.3833333,6,2015;2016;2017;2018;2019;2020
04124099999,64.05,-22.3333333,5,2015;2016;2018;2019;2020
04126099999,64.35,-21.7833333,2,2015;2016
04127099999,66.1666666,-23.25,5,2015;2016;2017;2018;2019
04130099999,64.1333333,-21.9,6,2015;2016;2017;2018;2019;2020
04131099999,65.9833333,-21.35,5,2015;2016;2018;2019;2020
04137099999,65.6833333,-18.1166666,6,2015;2016;2017;2018;2019;2020
04145099999,65.6666666,-20.3,6,2015;2016;2017;2018;2019;2020
04146099999,63.4333333,-20.2833333,6,2015;2016;2017;2018;2019;2020
04149099999,65.4,-19.7166666,5,2015;2016;2018;2019;2020
04154099999,64.0833333,-19.7333333,5,2015;2016;2018;2019;2020
04156099999,64.8666666,-19.5666666,6,2015;2016;2017;2018;2019;2020
04160099999,64.5833333,-18.6,5,2015;2016;2018;2019;2020
04162099999,64.4,-18.5,5,2015;2016;2018;2019;2020
04165099999,66.5333333,-18.0166666,6,2015;2016;2017;2018;2019;2020
04166099999,64.3166666,-18.2166666,5,2015;2016;2018;2019;2020
04168099999,64.9333333,-17.9833333,5,2015;2016;2018;2019;2020
04170099999,63.5166666,-17.9833333,5,2015;2016;2018;2019;2020
04175099999,66.51,-16.54,4,2015;2016;2019;2020
04176099999,64.9333333,-15.7833333,6,2015;2016;2017;2018;2019;2020
04180099999,64.2333333,-15.2,1,2015
04183099999,66.3833333,-14.5333333,5,2015;2016;2018;2019;2020
04193099999,65.2166666,-14.2666666,5,2015;2016;2018;2019;2020
04195099999,65.28,-14.0,5,2015;2016;2018;2019;2020
04196099999,64.8,-13.85,5,2015;2016;2018;2019;2020
04197099999,65.2666666,-13.5833333,6,2015;2016;2017;2018;2019;2020
04202099999,76.531203,-68.703161,6,2015;2016;2017;2018;2019;2020
04202199999,68.717,-52.8,6,2015;2016;2017;2018;2019;2020
04202299999,69.233,-51.067,6,2015;2016;2017;2018;2019;2020
04202399999,70.7333333,-52.7,6,2015;2016;2017;2018;2019;2020
04202499999,66.95,-53.7333333,1,2016
04203099999,76.6333333,-73.0,6,2015;2016;2017;2018;2019;2020
04204099999,65.417,-52.933,6,2015;2016;2017;2018;2019;2020
04205099999,77.4833333,-69.3833333,6,2015;2016;2017;2018;2019;2020
04208099999,74.0333333,-57.8166666,6,2015;2016;2017;2018;2019;2020
04211099999,72.7833333,-56.1333333,4,2015;2018;2019;2020
04214099999,70.6833333,-54.6166666,6,2015;2016;2017;2018;2019;2020
04218099999,69.333,-53.583,4,2016;2017;2019;2020
04220099999,68.7,-52.85,6,2015;2016;2017;2018;2019;2020
04228099999,67.7833333,-53.9666666,6,2015;2016;2017;2018;2019;2020
04231099999,67.016969,-50.689325,6,2015;2016;2017;2018;2019;2020
04234099999,66.95,-53.7166666,6,2015;2016;2017;2018;2019;2020
04242099999,65.0166666,-52.55,6,2015;2016;2017;2018;2019;2020
04250099999,64.1666666,-51.75,6,2015;2016;2017;2018;2019;2020
04253099999,62.5666666,-50.4166666,6,2015;2016;2017;2018;2019;2020
04260599999,61.9833333,-49.7,6,2015;2016;2017;2018;2019;2020
04266099999,60.75,-48.45,6,2015;2016;2017;2018;2019;2020
04270099999,61.160517,-45.425978,6,2015;2016;2017;2018;2019;2020
04272099999,60.7166667,-46.05,6,2015;2016;2017;2018;2019;2020
04285099999,59.9833333,-45.2,6,2015;2016;2017;2018;2019;2020
04301099999,83.65,-33.3666666,6,2015;2016;2017;2018;2019;2020
04312099999,81.6,-16.65,6,2015;2016;2017;2018;2019;2020
04313099999,80.65,-13.7166666,6,2015;2016;2017;2018;2019;2020
04320099999,76.7666667,-18.6666667,6,2015;2016;2017;2018;2019;2020
04330099999,74.3,-20.2166667,6,2015;2016;2017;2018;2019;2020
04339099999,70.4833333,-21.95,5,2015;2016;2018;2019;2020
04341099999,70.75,-22.65,6,2015;2016;2017;2018;2019;2020
04351099999,67.7833333,-32.2833333,6,2015;2016;2017;2018;2019;2020
04360099999,65.6,-37.6333333,6,2015;2016;2017;2018;2019;2020
04361099999,65.5833333,-37.15,6,2015;2016;2017;2018;2019;2020
04373099999,64.7833333,-40.3,6,2015;2016;2017;2018;2019;2020
04382099999,61.9333333,-42.0666666,6,2015;2016;2017;2018;2019;2020
04390099999,60.0333333,-43.1166667,6,2015;2016;2017;2018;2019;2020
04416099999,72.5833333,-38.45,6,2015;2016;2017;2018;2019;2020
04436099999,77.5022222,-50.8744444,1,2015
04452099999,69.4963889,-49.6941667,2,2015;2016
04458099999,69.5647222,-49.3308333,2,2015;2016
04485099999,65.9833333,-44.5,2,2015;2016
04488099999,66.4666666,-42.4833333,2,2015;2016
06005099999,62.1,-7.6833333,1,2015
06008099999,61.5333333,-6.7666666,4,2016;2017;2018;2019
06009099999,61.4,-6.6666666,4,2015;2016;2017;2018
06010099999,62.063628,-7.277219,6,2015;2016;2017;2018;2019;2020
06011099999,62.0166666,-6.7666666,6,2015;2016;2017;2018;2019;2020
06012099999,62.3166666,-6.3166666,2,2015;2016
06013099999,-17.6342,24.1766,2,2016;2018
06016099999,55.5,7.8666666,6,2015;2016;2017;2018;2019;2020
06017099999,55.60017,7.623806,6,2015;2016;2017;2018;2019;2020
06019099999,56.9333333,8.6333333,6,2015;2016;2017;2018;2019;2020
06021099999,57.1166666,8.6,6,2015;2016;2017;2018;2019;2020
06022099999,55.72,4.8,5,2015;2016;2017;2018;2019
06022199999,55.57985,4.758914,6,2015;2016;2017;2018;2019;2020
06022299999,55.530858,5.004175,6,2015;2016;2017;2018;2019;2020
06022399999,55.721522,4.802078,6,2015;2016;2017;2018;2019;2020
06022499999,56.344119,4.271922,6,2015;2016;2017;2018;2019;2020
06030099999,57.092789,9.849164,6,2015;2016;2017;2018;2019;2020
06031099999,57.1833333,9.95,6,2015;2016;2017;2018;2019;2020
06032099999,57.3833333,10.3333333,6,2015;2016;2017;2018;2019;2020
06033099999,57.6,9.9666666,6,2015;2016;2017;2018;2019;2020
06034099999,57.503525,10.229372,6,2015;2016;2017;2018;2019;2020
06041099999,57.7333333,10.6333333,6,2015;2016;2017;2018;2019;2020
06044099999,56.9833333,10.3166666,6,2015;2016;2017;2018;2019;2020
06049099999,56.5666666,10.1,6,2015;2016;2017;2018;2019;2020
06052099999,56.7,8.2166666,6,2015;2016;2017;2018;2019;2020
06055099999,56.3666666,8.1166666,4,2015;2016;2017;2018
06056099999,56.3833333,8.6666666,6,2015;2016;2017;2018;2019;2020
06058099999,56.0,8.15,6,2015;2016;2017;2018;2019;2020
06060099999,56.297458,9.124628,6,2015;2016;2017;2018;2019;2020
06065099999,56.75,9.5,6,2015;2016;2017;2018;2019;2020
06066099999,55.990122,8.353906,6,2015;2016;2017;2018;2019;2020
06068099999,56.1,9.1833333,6,2015;2016;2017;2018;2019;2020
06069099999,56.5,9.5666666,5,2015;2016;2017;2018;2019
06070099999,56.300017,10.619008,6,2015;2016;2017;2018;2019;2020
06072099999,56.3,10.1333333,6,2015;2016;2017;2018;2019;2020
06073099999,56.1,10.5166666,6,2015;2016;2017;2018;2019;2020
06074099999,56.0833333,10.1333333,6,2015;2016;2017;2018;2019;2020
06079099999,56.7166666,11.5166666,6,2015;2016;2017;2018;2019;2020
06080099999,55.525942,8.553403,6,2015;2016;2017;2018;2019;2020
06081099999,55.55,8.0833333,6,2015;2016;2017;2018;2019;2020
06082099999,55.9666666,8.6333333,6,2015;2016;2017;2018;2019;2020
06093099999,55.3,8.6666666,6,2015;2016;2017;2018;2019;2020
06096099999,55.1833333,8.5666666,6,2015;2016;2017;2018;2019;2020
06099499999,55.5833333,8.25,3,2017;2018;2020
06102099999,55.8666666,9.7833333,6,2015;2016;2017;2018;2019;2020
06104099999,55.740322,9.151778,6,2015;2016;2017;2018;2019;2020
06108099999,55.436283,9.330925,6,2015;2016;2017;2018;2019;2020
06109099999,55.4666666,9.1166666,6,2015;2016;2017;2018;2019;2020
06110099999,55.225553,9.263931,6,2015;2016;2017;2018;2019;2020
06118099999,54.964367,9.791731,6,2015;2016;2017;2018;2019;2020
06119099999,54.85,9.9833333,6,2015;2016;2017;2018;2019;2020
06120099999,55.476664,10.330933,6,2015;2016;2017;2018;2019;2020
06123099999,55.25,9.8833333,6,2015;2016;2017;2018;2019;2020
06124099999,55.0166667,10.5666667,6,2015;2016;2017;2018;2019;2020
06124599999,55.0833333,11.7833333,6,2015;2016;2017;2018;2019;2020
06126099999,55.3166666,10.4333333,6,2015;2016;2017;2018;2019;2020
06135099999,55.3166666,11.3833333,6,2015;2016;2017;2018;2019;2020
06136099999,55.25,11.3333333,6,2015;2016;2017;2018;2019;2020
06138099999,54.8166666,11.0,6,2015;2016;2017;2018;2019;2020
06141099999,54.8333333,11.3333333,6,2015;2016;2017;2018;2019;2020
06143099999,54.699344,11.440117,1,2018
06147099999,54.8833333,12.1833333,6,2015;2016;2017;2018;2019;2020
06149099999,54.5666666,11.95,6,2015;2016;2017;2018;2019;2020
06151099999,55.1666666,11.1333333,6,2015;2016;2017;2018;2019;2020
06154099999,55.2,11.8666666,6,2015;2016;2017;2018;2019;2020
06155199999,55.425853,11.806822,2,2019;2020
06156099999,55.7333333,11.6,6,2015;2016;2017;2018;2019;2020
06159099999,55.75,10.8666666,6,2015;2016;2017;2018;2019;2020
06165099999,56.2,11.7166666,3,2015;2016;2017
06168099999,56.1166666,12.35,6,2015;2016;2017;2018;2019;2020
06169099999,56.0166666,11.2833333,6,2015;2016;2017;2018;2019;2020
06170099999,55.585567,12.131428,6,2015;2016;2017;2018;2019;2020
06174099999,55.4,12.15,6,2015;2016;2017;2018;2019;2020
06180099999,55.617917,12.655972,6,2015;2016;2017;2018;2019;2020
06181099999,55.7666666,12.5333333,6,2015;2016;2017;2018;2019;2020
06183099999,55.5333333,12.7166666,6,2015;2016;2017;2018;2019;2020
06188099999,55.8833333,12.4166666,6,2015;2016;2017;2018;2019;2020
06190099999,55.063267,14.759558,6,2015;2016;2017;2018;2019;2020
06193099999,55.3,14.7666666,6,2015;2016;2017;2018;2019;2020
06197099999,55.05,15.1,6,2015;2016;2017;2018;2019;2020
06201099999,54.3166666,2.9333333,6,2015;2016;2017;2018;2019;2020
06203099999,52.3666666,3.35,6,2015;2016;2017;2018;2019;2020
06204099999,53.2666666,3.6333333,6,2015;2016;2017;2018;2019;2020
06205099999,55.4166666,3.8166666,6,2015;2016;2017;2018;2019;2020
06206099999,54.1166666,4.0166666,6,2015;2016;2017;2018;2019;2020
06207099999,53.6166666,4.9666666,6,2015;2016;2017;2018;2019;2020
06208099999,53.5,5.95,6,2015;2016;2017;2018;2019;2020
06209099999,52.4666666,4.5166666,6,2015;2016;2017;2018;2019;2020
06210099999,52.1666666,4.4333333,2,2015;2016
06211099999,53.8166666,2.95,6,2015;2016;2017;2018;2019;2020
06212099999,52.9166666,4.15,6,2015;2016;2017;2018;2019;2020
06225099999,52.4666666,4.5666666,6,2015;2016;2017;2018;2019;2020
06229099999,53.0,4.7166666,4,2017;2018;2019;2020
06235099999,52.923353,4.780625,6,2015;2016;2017;2018;2019;2020
06239099999,54.85,4.7333333,6,2015;2016;2017;2018;2019;2020
06240099999,52.308613,4.763889,6,2015;2016;2017;2018;2019;2020
06242099999,53.25,4.9166667,6,2015;2016;2017;2018;2019;2020
06248099999,52.6333333,5.1666666,6,2015;2016;2017;2018;2019;2020
06249099999,52.65,4.9833333,6,2015;2016;2017;2018;2019;2020
06251099999,53.4,5.35,6,2015;2016;2017;2018;2019;2020
06252099999,53.2166666,3.2166666,6,2015;2016;2017;2018;2019;2020
06257099999,52.5,4.6,6,2015;2016;2017;2018;2019;2020
06258099999,52.65,5.4,6,2015;2016;2017;2018;2019;2020
06260099999,52.1,5.1833333,6,2015;2016;2017;2018;2019;2020
06267099999,52.9,5.3833333,6,2015;2016;2017;2018;2019;2020
06269099999,52.460278,5.527222,6,2015;2016;2017;2018;2019;2020
06269399999,51.45,3.6,6,2015;2016;2017;2018;2019;2020
06270099999,53.228611,5.760556,6,2015;2016;2017;2018;2019;2020
06273099999,52.7,5.8833333,6,2015;2016;2017;2018;2019;2020
06275099999,52.060556,5.873056,6,2015;2016;2017;2018;2019;2020
06277099999,53.4166666,6.2,6,2015;2016;2017;2018;2019;2020
06278099999,52.4333333,6.2666666,6,2015;2016;2017;2018;2019;2020
06279099999,52.7333333,6.5730556,6,2015;2016;2017;2018;2019;2020
06280099999,53.11972,6.579444,6,2015;2016;2017;2018;2019;2020
06283099999,52.0666666,6.65,6,2015;2016;2017;2018;2019;2020
06285099999,53.5666666,6.4,6,2015;2016;2017;2018;2019;2020
06286099999,53.2,7.15,6,2015;2016;2017;2018;2019;2020
06290099999,52.27,6.874167,6,2015;2016;2017;2018;2019;2020
06308099999,51.3833333,3.3833333,6,2015;2016;2017;2018;2019;2020
06310099999,51.45,3.6,6,2015;2016;2017;2018;2019;2020
06311099999,51.3666666,3.6666666,2,2015;2016
06312099999,51.7666666,3.6166666,6,2015;2016;2017;2018;2019;2020
06313099999,51.5,3.25,6,2015;2016;2017;2018;2019;2020
06315099999,51.4333333,4.0166666,6,2015;2016;2017;2018;2019;2020
06316099999,51.65,3.7,6,2015;2016;2017;2018;2019;2020
06319099999,51.2333333,3.8666666,6,2015;2016;2017;2018;2019;2020
06320099999,51.9333333,3.6666666,6,2015;2016;2017;2018;2019;2020
06321099999,52.0,3.2833333,6,2015;2016;2017;2018;2019;2020
06323099999,51.5333333,3.8833333,4,2017;2018;2019;2020
06324099999,51.6,4.0,6,2015;2016;2017;2018;2019;2020
06330099999,51.9833333,4.1,6,2015;2016;2017;2018;2019;2020
06331099999,51.4833333,4.2,6,2015;2016;2017;2018;2019;2020
06340099999,51.449092,4.342031,6,2015;2016;2017;2018;2019;2020
06343099999,51.9,4.3166666,6,2015;2016;2017;2018;2019;2020
06344099999,51.956944,4.437222,6,2015;2016;2017;2018;2019;2020
06348099999,51.9666666,4.9333333,6,2015;2016;2017;2018;2019;2020
06350099999,51.567389,4.931833,6,2015;2016;2017;2018;2019;2020
06356099999,51.85,5.1333333,6,2015;2016;2017;2018;2019;2020
06370099999,51.450139,5.374528,6,2015;2016;2017;2018;2019;2020
06375099999,51.656389,5.708611,6,2015;2016;2017;2018;2019;2020
06377099999,51.2,5.7666666,6,2015;2016;2017;2018;2019;2020
06380099999,50.911658,5.770144,6,2015;2016;2017;2018;2019;2020
06391099999,51.5,6.2,6,2015;2016;2017;2018;2019;2020
06400099999,51.090278,2.652778,6,2015;2016;2017;2018;2019;2020
06407099999,51.198889,2.862222,6,2015;2016;2017;2018;2019;2020
06414099999,50.9,3.1166666,6,2015;2016;2017;2018;2019;2020
06418099999,51.35,3.2,6,2015;2016;2017;2018;2019;2020
06428099999,50.9333333,3.6666666,6,2015;2016;2017;2018;2019;2020
06431099999,51.1833333,3.8,4,2015;2016;2017;2018
06432099999,50.575833,3.831,6,2015;2016;2017;2018;2019;2020
06432599999,50.5,3.98,6,2015;2016;2017;2018;2019;2020
06434099999,50.9833333,3.8166666,6,2015;2016;2017;2018;2019;2020
06439099999,51.0833333,4.5166666,6,2015;2016;2017;2018;2019;2020
06447099999,50.8,4.35,6,2015;2016;2017;2018;2019;2020
06449099999,50.459197,4.453817,6,2015;2016;2017;2018;2019;2020
06450099999,51.189444,4.460278,6,2015;2016;2017;2018;2019;2020
06451099999,50.901389,4.484444,6,2015;2016;2017;2018;2019;2020
06455099999,50.1,4.6,6,2015;2016;2017;2018;2019;2020
06456099999,50.243333,4.645833,6,2015;2016;2017;2018;2019;2020
06458099999,50.75861,4.768333,6,2015;2016;2017;2018;2019;2020
06459099999,50.5833333,4.6833333,6,2015;2016;2017;2018;2019;2020
06464099999,51.2166666,5.0333333,6,2015;2016;2017;2018;2019;2020
06465099999,51.0,5.0666667,6,2015;2016;2017;2018;2019;2020
06472099999,50.2,5.25,6,2015;2016;2017;2018;2019;2020
06476099999,50.035833,5.404167,6,2015;2016;2017;2018;2019;2020
06476599999,50.0333333,5.4,6,2015;2016;2017;2018;2019;2020
06477099999,50.9166666,5.45,6,2015;2016;2017;2018;2019;2020
06478099999,50.637417,5.443222,6,2015;2016;2017;2018;2019;2020
06479099999,51.168333,5.47,6,2015;2016;2017;2018;2019;2020
06484099999,49.6166666,5.5833333,6,2015;2016;2017;2018;2019;2020
06490099999,50.4833333,5.9166667,6,2015;2016;2017;2018;2019;2020
06490199999,50.9333333,3.65,6,2015;2016;2017;2018;2019;2020
06494099999,50.5166666,6.0666666,6,2015;2016;2017;2018;2019;2020
06496099999,50.4666667,6.1833333,6,2015;2016;2017;2018;2019;2020
06590099999,49.626575,6.211517,6,2015;2016;2017;2018;2019;2020
06601099999,47.55,7.5833333,6,2015;2016;2017;2018;2019;2020
06602099999,47.35,7.35,6,2015;2016;2017;2018;2019;2020
06604099999,47.0,6.95,6,2015;2016;2017;2018;2019;2020
06604599999,47.08385,6.792836,6,2015;2016;2017;2018;2019;2020
06605099999,47.1333333,7.0666666,6,2015;2016;2017;2018;2019;2020
06606099999,47.05,7.0666666,6,2015;2016;2017;2018;2019;2020
06608099999,47.05,6.9833333,6,2015;2016;2017;2018;2019;2020
06609099999,46.55,7.0166666,6,2015;2016;2017;2018;2019;2020
06609999999,47.398644,8.648231,6,2015;2016;2017;2018;2019;2020
06610099999,46.8166666,6.95,6,2015;2016;2017;2018;2019;2020
06612099999,47.0833333,6.8,6,2015;2016;2017;2018;2019;2020
06613099999,47.092369,8.305117,6,2015;2016;2017;2018;2019;2020
06614099999,46.743333,8.11,6,2015;2016;2017;2018;2019;2020
06616099999,47.4333333,6.95,6,2015;2016;2017;2018;2019;2020
06617099999,46.9833333,6.6166666,6,2015;2016;2017;2018;2019;2020
06618099999,46.7333333,6.5666666,6,2015;2016;2017;2018;2019;2020
06619099999,46.8333333,6.5833333,6,2015;2016;2017;2018;2019;2020
06620099999,47.6833333,8.6166666,6,2015;2016;2017;2018;2019;2020
06621099999,47.6,9.2833333,6,2015;2016;2017;2018;2019;2020
06623099999,47.65,9.0166666,6,2015;2016;2017;2018;2019;2020
06624099999,47.6833333,8.4666666,6,2015;2016;2017;2018;2019;2020
06625099999,46.7666666,7.1166666,6,2015;2016;2017;2018;2019;2020
06626099999,47.3666666,7.9833333,6,2015;2016;2017;2018;2019;2020
06627099999,46.4833333,7.1333333,6,2015;2016;2017;2018;2019;2020
06628099999,46.75,7.2666666,6,2015;2016;2017;2018;2019;2020
06630399999,46.9141,7.497153,6,2015;2016;2017;2018;2019;2020
06630499999,46.534075,9.884106,6,2015;2016;2017;2018;2019;2020
06631099999,46.9833333,7.4666666,6,2015;2016;2017;2018;2019;2020
06632099999,47.1833333,7.4166666,6,2015;2016;2017;2018;2019;2020
06633099999,47.3833333,8.0833333,6,2015;2016;2017;2018;2019;2020
06635099999,47.1333333,7.6166666,6,2015;2016;2017;2018;2019;2020
06636099999,46.9833333,7.2833333,6,2015;2016;2017;2018;2019;2020
06637099999,46.7166666,8.1666666,6,2015;2016;2017;2018;2019;2020
06638099999,46.9333333,7.8,6,2015;2016;2017;2018;2019;2020
06639099999,47.0,7.9333333,6,2015;2016;2017;2018;2019;2020
06640099999,46.65,7.0666666,6,2015;2016;2017;2018;2019;2020
06641099999,47.5833333,7.8833333,6,2015;2016;2017;2018;2019;2020
06643099999,47.25,7.7833333,6,2015;2016;2017;2018;2019;2020
06644099999,47.25,8.2333333,6,2015;2016;2017;2018;2019;2020
06645099999,47.4333333,7.8833333,6,2015;2016;2017;2018;2019;2020
06646099999,47.5666666,8.2333333,6,2015;2016;2017;2018;2019;2020
06647099999,47.5333333,8.2333333,6,2015;2016;2017;2018;2019;2020
06648099999,47.1833333,8.0,6,2015;2016;2017;2018;2019;2020
06650099999,47.0333333,8.3,6,2015;2016;2017;2018;2019;2020
06651099999,46.95,8.0166666,6,2015;2016;2017;2018;2019;2020
06652099999,46.8833333,8.0166666,6,2015;2016;2017;2018;2019;2020
06655099999,46.8166666,8.4166666,6,2015;2016;2017;2018;2019;2020
06656099999,46.75,8.0666666,6,2015;2016;2017;2018;2019;2020
06657099999,46.85,8.2,6,2015;2016;2017;2018;2019;2020
06658099999,46.943889,8.284167,6,2015;2016;2017;2018;2019;2020
06659099999,46.9833333,8.25,6,2015;2016;2017;2018;2019;2020
06660099999,47.3833333,8.5666666,6,2015;2016;2017;2018;2019;2020
06662199999,47.181628,7.417189,6,2015;2016;2017;2018;2019;2020
06664099999,47.4333333,8.5166666,6,2015;2016;2017;2018;2019;2020
06666099999,47.6,8.1833333,6,2015;2016;2017;2018;2019;2020
06669099999,47.4833333,8.4,6,2015;2016;2017;2018;2019;2020
06670099999,47.464722,8.549167,6,2015;2016;2017;2018;2019;2020
06671099999,47.6666666,8.9833333,6,2015;2016;2017;2018;2019;2020
06672099999,46.8666666,8.6333333,6,2015;2016;2017;2018;2019;2020
06673099999,47.2166666,8.6833333,6,2015;2016;2017;2018;2019;2020
06674099999,47.1833333,8.4666666,6,2015;2016;2017;2018;2019;2020
06675099999,47.1333333,8.75,6,2015;2016;2017;2018;2019;2020
06676099999,47.1333333,8.6166666,6,2015;2016;2017;2018;2019;2020
06678099999,47.5,9.2333333,6,2015;2016;2017;2018;2019;2020
06679099999,47.4833333,8.9,6,2015;2016;2017;2018;2019;2020
06680099999,47.25,9.35,6,2015;2016;2017;2018;2019;2020
06681099999,47.4333333,9.4,6,2015;2016;2017;2018;2019;2020
06681199999,47.485033,9.560775,6,2015;2016;2017;2018;2019;2020
06682099999,46.9166666,9.1833333,6,2015;2016;2017;2018;2019;2020
06683099999,47.2166666,8.9333333,6,2015;2016;2017;2018;2019;2020
06685099999,47.0333333,9.0666666,6,2015;2016;2017;2018;2019;2020
06686099999,47.0166666,9.5,6,2015;2016;2017;2018;2019;2020
06687099999,47.1333333,9.2166666,6,2015;2016;2017;2018;2019;2020
06688099999,46.85,9.1833333,6,2015;2016;2017;2018;2019;2020
06689099999,47.3666666,8.95,6,2015;2016;2017;2018;2019;2020
06690099999,47.4833333,9.5666666,6,2015;2016;2017;2018;2019;2020
06693099999,47.2666666,9.1,6,2015;2016;2017;2018;2019;2020
06695099999,46.6333333,8.5833333,6,2015;2016;2017;2018;2019;2020
06700099999,46.238064,6.10895,6,2015;2016;2017;2018;2019;2020
06702099999,46.4333333,6.1,6,2015;2016;2017;2018;2019;2020
06703099999,46.6666666,6.3166666,6,2015;2016;2017;2018;2019;2020
06704099999,46.5166666,6.3333333,6,2015;2016;2017;2018;2019;2020
06705099999,46.4,6.2333333,6,2015;2016;2017;2018;2019;2020
06706099999,46.4833333,6.45,6,2015;2016;2017;2018;2019;2020
06707099999,46.6166666,6.7166666,6,2015;2016;2017;2018;2019;2020
06708099999,46.5666666,6.8666666,6,2015;2016;2017;2018;2019;2020
06709099999,46.4,6.8666666,6,2015;2016;2017;2018;2019;2020
06711099999,46.5166666,6.6666666,6,2015;2016;2017;2018;2019;2020
06712099999,46.3333333,6.9166666,6,2015;2016;2017;2018;2019;2020
06714099999,46.3333333,7.2,6,2015;2016;2017;2018;2019;2020
06715099999,46.1833333,7.0333333,6,2015;2016;2017;2018;2019;2020
06716099999,46.15,7.6166666,6,2015;2016;2017;2018;2019;2020
06717099999,45.8666666,7.1666666,6,2015;2016;2017;2018;2019;2020
06720099999,46.219592,7.326764,6,2015;2016;2017;2018;2019;2020
06720599999,46.22,7.32,5,2015;2016;2017;2018;2019
06721099999,46.3666666,8.1833333,6,2015;2016;2017;2018;2019;2020
06722099999,46.1166666,7.5166666,6,2015;2016;2017;2018;2019;2020
06723099999,46.1,7.2666666,6,2015;2016;2017;2018;2019;2020
06724099999,46.3,7.4666666,6,2015;2016;2017;2018;2019;2020
06725099999,46.4166666,7.8166666,6,2015;2016;2017;2018;2019;2020
06727099999,46.3,7.85,6,2015;2016;2017;2018;2019;2020
06728099999,46.2,7.8333333,6,2015;2016;2017;2018;2019;2020
06730099999,46.55,7.9833333,6,2015;2016;2017;2018;2019;2020
06733099999,46.6333333,7.3833333,6,2015;2016;2017;2018;2019;2020
06734099999,46.6666666,7.8666666,6,2015;2016;2017;2018;2019;2020
06735099999,46.5,7.5666666,6,2015;2016;2017;2018;2019;2020
06739099999,46.4333333,8.0833333,6,2015;2016;2017;2018;2019;2020
06740099999,46.7666666,8.4333333,6,2015;2016;2017;2018;2019;2020
06744099999,46.5666666,8.3333333,6,2015;2016;2017;2018;2019;2020
06745099999,46.5,8.3166666,6,2015;2016;2017;2018;2019;2020
06747099999,45.95,7.8166666,6,2015;2016;2017;2018;2019;2020
06748099999,46.0333333,7.75,6,2015;2016;2017;2018;2019;2020
06749099999,45.9833333,7.7833333,6,2015;2016;2017;2018;2019;2020
06750099999,46.65,8.6166666,6,2015;2016;2017;2018;2019;2020
06751099999,46.45,8.5166666,6,2015;2016;2017;2018;2019;2020
06752099999,46.3166666,8.6,6,2015;2016;2017;2018;2019;2020
06753099999,46.5166666,8.6833333,6,2015;2016;2017;2018;2019;2020
06754099999,46.4166666,8.9333333,6,2015;2016;2017;2018;2019;2020
06756099999,46.4666666,8.9333333,6,2015;2016;2017;2018;2019;2020
06758099999,46.25,9.1666666,6,2015;2016;2017;2018;2019;2020
06759099999,46.2,8.8,6,2015;2016;2017;2018;2019;2020
06760099999,46.1666666,8.7833333,6,2015;2016;2017;2018;2019;2020
06762099999,46.17,8.88,6,2015;2016;2017;2018;2019;2020
06770099999,46.004275,8.910578,6,2015;2016;2017;2018;2019;2020
06771099999,45.85,8.9333333,6,2015;2016;2017;2018;2019;2020
06777099999,45.9333333,9.0166666,6,2015;2016;2017;2018;2019;2020
06778099999,46.65,10.2666666,6,2015;2016;2017;2018;2019;2020
06779099999,46.4333333,9.7666666,6,2015;2016;2017;2018;2019;2020
06780099999,46.8333333,9.8166666,6,2015;2016;2017;2018;2019;2020
06782099999,46.7,8.85,6,2015;2016;2017;2018;2019;2020
06783099999,46.4666666,9.1833333,6,2015;2016;2017;2018;2019;2020
06784099999,46.8166666,9.85,6,2015;2016;2017;2018;2019;2020
06785099999,46.8,9.6833333,5,2016;2017;2018;2019;2020
06786099999,46.8666666,9.5333333,6,2015;2016;2017;2018;2019;2020
06787099999,46.6166666,9.4333333,6,2015;2016;2017;2018;2019;2020
06788099999,46.35,9.6333333,6,2015;2016;2017;2018;2019;2020
06789099999,46.7833333,9.2166666,6,2015;2016;2017;2018;2019;2020
06790099999,46.9833333,9.6666666,6,2015;2016;2017;2018;2019;2020
06791099999,46.4166666,9.8166666,6,2015;2016;2017;2018;2019;2020
06792099999,46.5333333,9.8833333,6,2015;2016;2017;2018;2019;2020
06793099999,46.75,9.55,6,2015;2016;2017;2018;2019;2020
06794099999,46.35,10.0666666,6,2015;2016;2017;2018;2019;2020
06795099999,46.5833333,9.5333333,6,2015;2016;2017;2018;2019;2020
06796099999,46.6,10.4333333,6,2015;2016;2017;2018;2019;2020
06797099999,46.4166666,10.0166666,6,2015;2016;2017;2018;2019;2020
06798099999,46.8,10.2833333,6,2015;2016;2017;2018;2019;2020
06799099999,46.8166666,10.2666666,6,2015;2016;2017;2018;2019;2020
06806599999,46.9666666,8.4,6,2015;2016;2017;2018;2019;2020
06842099999,47.5166666,9.2666666,5,2015;2016;2017;2018;2019
06846099999,46.7166666,9.5166666,6,2015;2016;2017;2018;2019;2020
06848099999,46.9333333,9.5022222,6,2015;2016;2017;2018;2019;2020
06850099999,47.3,8.8833333,2,2015;2016
06851099999,47.25,8.7666666,5,2015;2016;2017;2018;2019
06990099999,47.1333333,9.5166666,6,2015;2016;2017;2018;2019;2020
07002099999,50.7333333,1.6,6,2015;2016;2017;2018;2019;2020
07003099999,50.514747,1.627339,6,2015;2016;2017;2018;2019;2020
07004099999,50.8666666,1.5833333,3,2015;2016;2017
07005099999,50.143492,1.831892,6,2015;2016;2017;2018;2019;2020
07009099999,50.967,1.95,6,2015;2016;2017;2018;2019;2020
07010099999,51.05,2.3333333,6,2015;2016;2017;2018;2019;2020
07015099999,50.561942,3.089444,6,2015;2016;2017;2018;2019;2020
07019099999,49.7,-1.2666667,6,2015;2016;2017;2018;2019;2020
07020099999,49.7166666,-1.9333333,6,2015;2016;2017;2018;2019;2020
07022099999,49.65,-1.5,6,2015;2016;2017;2018;2019;2020
07024099999,49.650106,-1.470281,6,2015;2016;2017;2018;2019;2020
07027099999,49.173333,-0.45,6,2015;2016;2017;2018;2019;2020
07028099999,49.533889,0.088056,6,2015;2016;2017;2018;2019;2020
07029099999,49.35,-0.7666666,6,2015;2016;2017;2018;2019;2020
07031099999,49.365339,0.154306,6,2015;2016;2017;2018;2019;2020
07034099999,49.3666667,-1.8,6,2015;2016;2017;2018;2019;2020
07037099999,49.384172,1.1748,6,2015;2016;2017;2018;2019;2020
07038034061,49.017,1.217,6,2015;2016;2017;2018;2019;2020
07040099999,49.9333333,1.1,6,2015;2016;2017;2018;2019;2020
07046099999,49.5333333,0.0833333,6,2015;2016;2017;2018;2019;2020
07053099999,49.0833333,2.0333333,6,2015;2016;2017;2018;2019;2020
07055099999,49.454444,2.112778,6,2015;2016;2017;2018;2019;2020
07057099999,49.253547,2.519139,6,2015;2016;2017;2018;2019;2020
07059099999,49.9666666,2.7038889,6,2015;2016;2017;2018;2019;2020
07061099999,49.8166667,3.2,6,2015;2016;2017;2018;2019;2020
07064099999,0.0,0.0,1,2018
07072099999,49.2166666,4.15,6,2015;2016;2017;2018;2019;2020
07075099999,49.783942,4.647078,6,2015;2016;2017;2018;2019;2020
07093099999,48.982142,6.251319,6,2015;2016;2017;2018;2019;2020
07100099999,48.4833333,-5.05,6,2015;2016;2017;2018;2019;2020
07102099999,48.3333333,-4.7666666,6,2015;2016;2017;2018;2019;2020
07103099999,48.0333333,-4.7333333,6,2015;2016;2017;2018;2019;2020
07104099999,48.2833333,-4.6333333,5,2015;2016;2017;2018;2019
07106099999,48.530258,-4.151642,6,2015;2016;2017;2018;2019;2020
07107099999,48.6833333,-4.3333333,6,2015;2016;2017;2018;2019;2020
07109099999,48.281703,-4.445017,6,2015;2016;2017;2018;2019;2020
07110099999,48.447911,-4.418539,6,2015;2016;2017;2018;2019;2020
07116099999,48.75,-4.0166667,6,2015;2016;2017;2018;2019;2020
07117099999,48.8333333,-3.4666666,6,2015;2016;2017;2018;2019;2020
07118099999,48.754378,-3.471656,6,2015;2016;2017;2018;2019;2020
07120099999,48.537777,-2.854445,6,2015;2016;2017;2018;2019;2020
07121099999,48.85,-3.0,6,2015;2016;2017;2018;2019;2020
07125099999,48.587778,-2.08,6,2015;2016;2017;2018;2019;2020
07130099999,48.069508,-1.734794,6,2015;2016;2017;2018;2019;2020
07133099999,48.8333333,-1.6166667,6,2015;2016;2017;2018;2019;2020
07134099999,48.0333333,-0.7333333,6,2015;2016;2017;2018;2019;2020
07139099999,48.45,0.1166667,6,2015;2016;2017;2018;2019;2020
07140099999,48.058142,1.376625,6,2015;2016;2017;2018;2019;2020
07143099999,48.4666667,1.5166667,6,2015;2016;2017;2018;2019;2020
07145099999,48.7666666,2.0,6,2015;2016;2017;2018;2019;2020
07146099999,48.751922,2.106189,6,2015;2016;2017;2018;2019;2020
07147099999,48.774406,2.201536,6,2015;2016;2017;2018;2019;2020
07149099999,48.725278,2.359444,6,2015;2016;2017;2018;2019;2020
07150099999,48.969444,2.441389,6,2015;2016;2017;2018;2019;2020
07151599999,43.55625,2.289183,6,2015;2016;2017;2018;2019;2020
07153099999,48.604725,2.671119,6,2015;2016;2017;2018;2019;2020
07156099999,48.8166666,2.3333333,6,2015;2016;2017;2018;2019;2020
07157099999,49.012779,2.55,6,2015;2016;2017;2018;2019;2020
07160499999,48.603222,-3.815783,6,2015;2016;2017;2018;2019;2020
07165099999,48.776072,4.184492,6,2015;2016;2017;2018;2019;2020
07166099999,48.7666666,4.15,6,2015;2016;2017;2018;2019;2020
07168099999,48.322136,4.016703,6,2015;2016;2017;2018;2019;2020
07169099999,48.636008,4.899417,6,2015;2016;2017;2018;2019;2020
07179034051,48.783,5.983,6,2015;2016;2017;2018;2019;2020
07180099999,48.692069,6.230458,6,2015;2016;2017;2018;2019;2020
07181099999,48.583056,5.955,6,2015;2016;2017;2018;2019;2020
07182599999,48.324961,6.069983,6,2015;2016;2017;2018;2019;2020
07190099999,48.538319,7.628233,6,2015;2016;2017;2018;2019;2020
07197099999,47.9166666,7.4,6,2015;2016;2017;2018;2019;2020
07200099999,47.8,-4.3666666,6,2015;2016;2017;2018;2019;2020
07201099999,47.974981,-4.167786,6,2015;2016;2017;2018;2019;2020
07203099999,47.65,-3.5,6,2015;2016;2017;2018;2019;2020
07205099999,47.760555,-3.44,6,2015;2016;2017;2018;2019;2020
07207099999,47.3,-3.2183333,6,2015;2016;2017;2018;2019;2020
07208099999,47.5,-3.1166666,4,2015;2016;2017;2019
07210099999,47.6,-2.7166666,6,2015;2016;2017;2018;2019;2020
07216099999,47.2333333,-2.3,6,2015;2016;2017;2018;2019;2020
07217099999,47.312189,-2.149181,6,2015;2016;2017;2018;2019;2020
07222099999,47.153189,-1.610725,6,2015;2016;2017;2018;2019;2020
07230099999,47.4833333,-0.6,6,2015;2016;2017;2018;2019;2020
07235099999,47.948611,0.201667,6,2015;2016;2017;2018;2019;2020
07240099999,47.432222,0.727606,6,2015;2016;2017;2018;2019;2020
07245099999,47.678492,1.208844,6,2015;2016;2017;2018;2019;2020
07247099999,47.3166667,1.6833333,6,2015;2016;2017;2018;2019;2020
07249099999,47.987778,1.760556,6,2015;2016;2017;2018;2019;2020
07255099999,47.058056,2.370278,6,2015;2016;2017;2018;2019;2020
07255399999,47.039014,5.42725,6,2015;2016;2017;2018;2019;2020
07255499999,47.053333,2.6325,6,2015;2016;2017;2018;2019;2020
07257099999,47.05,2.65,6,2015;2016;2017;2018;2019;2020
07260099999,47.002625,3.113333,6,2015;2016;2017;2018;2019;2020
07266099999,47.850193,3.497111,6,2015;2016;2017;2018;2019;2020
07280099999,47.26889,5.09,6,2015;2016;2017;2018;2019;2020
07283099999,47.85,5.3333333,6,2015;2016;2017;2018;2019;2020
07288099999,47.25,5.9833333,6,2015;2016;2017;2018;2019;2020
07292099999,47.783131,6.364056,6,2015;2016;2017;2018;2019;2020
07296099999,47.5916667,6.8333333,6,2015;2016;2017;2018;2019;2020
07299099999,47.589583,7.529914,6,2015;2016;2017;2018;2019;2020
07300099999,46.7,-2.3333333,6,2015;2016;2017;2018;2019;2020
07306099999,46.701944,-1.378625,6,2015;2016;2017;2018;2019;2020
07311099999,46.25,-1.5666667,6,2015;2016;2017;2018;2019;2020
07314099999,46.05,-1.4166666,6,2015;2016;2017;2018;2019;2020
07315099999,46.15,-1.15,3,2015;2016;2017
07316099999,46.179167,-1.195278,6,2015;2016;2017;2018;2019;2020
07317099999,44.4333333,-1.25,6,2015;2016;2017;2018;2019;2020
07317599999,49.971531,2.697661,6,2015;2016;2017;2018;2019;2020
07330099999,46.311303,-0.401503,6,2015;2016;2017;2018;2019;2020
07335099999,46.587745,0.306666,6,2015;2016;2017;2018;2019;2020
07354034048,46.867,1.717,6,2015;2016;2017;2018;2019;2020
07361099999,46.1833333,1.95,6,2015;2016;2017;2018;2019;2020
07374099999,46.169689,3.403736,6,2015;2016;2017;2018;2019;2020
07379099999,46.412536,4.013264,6,2015;2016;2017;2018;2019;2020
07385099999,46.295103,4.795767,6,2015;2016;2017;2018;2019;2020
07386099999,47.0333333,5.4166666,6,2015;2016;2017;2018;2019;2020
07390199999,47.560278,-0.312222,6,2015;2016;2017;2018;2019;2020
07412099999,45.658333,-0.3175,6,2015;2016;2017;2018;2019;2020
07420099999,45.7166666,0.2166666,6,2015;2016;2017;2018;2019;2020
07428099999,45.198055,0.815556,5,2016;2017;2018;2019;2020
07434099999,45.862778,1.179444,6,2015;2016;2017;2018;2019;2020
07438099999,45.150833,1.469167,6,2015;2016;2017;2018;2019;2020
07460099999,45.786661,3.169169,6,2015;2016;2017;2018;2019;2020
07470199999,45.05,3.9,4,2017;2018;2019;2020
07471099999,45.080689,3.762889,6,2015;2016;2017;2018;2019;2020
07475099999,45.540554,4.296389,6,2015;2016;2017;2018;2019;2020
07476099999,43.9073,4.901831,6,2015;2016;2017;2018;2019;2020
07476599999,49.096647,2.040833,6,2015;2016;2017;2018;2019;2020
07477099999,45.9333333,4.3833333,6,2015;2016;2017;2018;2019;2020
07480099999,45.727172,4.944275,6,2015;2016;2017;2018;2019;2020
07481099999,45.726387,5.090833,6,2015;2016;2017;2018;2019;2020
07482099999,45.987335,5.328445,6,2015;2016;2017;2018;2019;2020
07484099999,45.0666666,5.5166666,3,2015;2016;2017
07486099999,45.362944,5.329375,6,2015;2016;2017;2018;2019;2020
07487099999,45.22,5.85,6,2015;2016;2017;2018;2019;2020
07489099999,45.3,5.867,4,2015;2016;2017;2018
07490099999,45.929233,6.098764,6,2015;2016;2017;2018;2019;2020
07491099999,45.63805,5.880225,6,2015;2016;2017;2018;2019;2020
07495099999,45.867,6.617,3,2015;2016;2017
07497099999,45.6166666,6.7666666,6,2015;2016;2017;2018;2019;2020
07499099999,45.917833,6.866167,6,2015;2016;2017;2018;2019;2020
07500099999,44.6333333,-1.25,6,2015;2016;2017;2018;2019;2020
07502099999,44.533333,-1.125,6,2015;2016;2017;2018;2019;2020
07503099999,44.4333333,-1.25,6,2015;2016;2017;2018;2019;2020
07510099999,44.828335,-0.715556,6,2015;2016;2017;2018;2019;2020
07524099999,44.174721,0.590556,6,2015;2016;2017;2018;2019;2020
07530099999,44.825279,0.518611,6,2015;2016;2017;2018;2019;2020
07535099999,44.75,1.4,6,2015;2016;2017;2018;2019;2020
07540099999,44.025694,1.378042,6,2015;2016;2017;2018;2019;2020
07549099999,44.891388,2.421944,6,2015;2016;2017;2018;2019;2020
07552099999,44.407869,2.482672,6,2015;2016;2017;2018;2019;2020
07554099999,44.5333333,3.45,6,2015;2016;2017;2018;2019;2020
07558099999,44.1166666,3.0166666,6,2015;2016;2017;2018;2019;2020
07560099999,44.1166666,3.5833333,6,2015;2016;2017;2018;2019;2020
07563099999,43.9,4.9,6,2015;2016;2017;2018;2019;2020
07570099999,44.5333333,4.3666666,6,2015;2016;2017;2018;2019;2020
07577099999,44.5833333,4.7333333,6,2015;2016;2017;2018;2019;2020
07579099999,44.140481,4.866717,6,2015;2016;2017;2018;2019;2020
07579599999,44.921594,4.9699,6,2015;2016;2017;2018;2019;2020
07586099999,44.0833333,5.05,6,2015;2016;2017;2018;2019;2020
07588099999,44.0666667,6.0,6,2015;2016;2017;2018;2019;2020
07589099999,44.946667,6.188333,6,2015;2016;2017;2018;2019;2020
07590099999,44.81,6.195333,6,2015;2016;2017;2018;2019;2020
07591099999,44.5666666,6.5,6,2015;2016;2017;2018;2019;2020
07593099999,44.9166667,6.65,2,2019;2020
07600099999,43.4,-1.6833333,6,2015;2016;2017;2018;2019;2020
07602099999,43.468419,-1.523325,6,2015;2016;2017;2018;2019;2020
07603099999,43.6833333,-1.0666667,6,2015;2016;2017;2018;2019;2020
07607099999,43.911667,-0.5075,6,2015;2016;2017;2018;2019;2020
07610099999,43.38,-0.418611,6,2015;2016;2017;2018;2019;2020
07621099999,43.178675,-0.006439,6,2015;2016;2017;2018;2019;2020
07622099999,43.687778,0.601667,6,2015;2016;2017;2018;2019;2020
07627099999,43.007764,1.10315,6,2015;2016;2017;2018;2019;2020
07628099999,43.45,1.25,6,2015;2016;2017;2018;2019;2020
07629399999,43.448891,1.263333,6,2015;2016;2017;2018;2019;2020
07630099999,43.629075,1.363819,6,2015;2016;2017;2018;2019;2020
07631099999,43.545555,1.3675,6,2015;2016;2017;2018;2019;2020
07632099999,43.913887,2.113056,6,2015;2016;2017;2018;2019;2020
07635099999,43.215978,2.306317,6,2015;2016;2017;2018;2019;2020
07638099999,43.3166666,3.35,6,2015;2016;2017;2018;2019;2020
07641099999,43.4,3.7,6,2015;2016;2017;2018;2019;2020
07641599999,43.323522,3.353903,6,2015;2016;2017;2018;2019;2020
07643099999,43.576194,3.963014,6,2015;2016;2017;2018;2019;2020
07645099999,43.8666667,4.4,6,2015;2016;2017;2018;2019;2020
07646099999,43.757444,4.416347,6,2015;2016;2017;2018;2019;2020
07647099999,43.522736,4.923844,6,2015;2016;2017;2018;2019;2020
07648099999,43.606415,5.10925,6,2015;2016;2017;2018;2019;2020
07650099999,43.435555,5.213611,6,2015;2016;2017;2018;2019;2020
07651099999,44.222082,4.344786,6,2015;2016;2017;2018;2019;2020
07653099999,43.3333333,5.05,6,2015;2016;2017;2018;2019;2020
07656099999,43.1833333,5.5833333,6,2015;2016;2017;2018;2019;2020
07660099999,43.1,5.9333333,3,2015;2016;2017
07661099999,43.0833333,5.9333333,6,2015;2016;2017;2018;2019;2020
07666099999,42.9166666,3.0666666,6,2015;2016;2017;2018;2019;2020
07667099999,43.097344,6.146028,6,2015;2016;2017;2018;2019;2020
07670099999,43.0,6.2333333,1,2015
07675099999,43.384672,6.387139,6,2015;2016;2017;2018;2019;2020
07677099999,43.2,6.6833333,6,2015;2016;2017;2018;2019;2020
07678099999,43.0333333,6.4666667,6,2015;2016;2017;2018;2019;2020
07681099999,43.4166666,6.85,6,2015;2016;2017;2018;2019;2020
07684099999,43.54205,6.953478,6,2015;2016;2017;2018;2019;2020
07688099999,43.5666667,7.1333333,6,2015;2016;2017;2018;2019;2020
07690099999,43.658411,7.215872,6,2015;2016;2017;2018;2019;2020
07747099999,42.740442,2.870667,6,2015;2016;2017;2018;2019;2020
07749099999,42.5166666,3.1333333,6,2015;2016;2017;2018;2019;2020
07752099999,41.9166667,8.6166667,6,2015;2016;2017;2018;2019;2020
07753099999,42.6333333,8.9166666,6,2015;2016;2017;2018;2019;2020
07754099999,42.530753,8.793189,6,2015;2016;2017;2018;2019;2020
07761099999,41.923637,8.802917,6,2015;2016;2017;2018;2019;2020
07765099999,41.924416,9.406,6,2015;2016;2017;2018;2019;2020
07768099999,41.6,9.3666667,6,2015;2016;2017;2018;2019;2020
07770099999,41.3666666,9.1666666,6,2015;2016;2017;2018;2019;2020
07775099999,42.2666666,9.5333333,6,2015;2016;2017;2018;2019;2020
07780099999,41.500557,9.097777,6,2015;2016;2017;2018;2019;2020
07785099999,43.0,9.3666666,6,2015;2016;2017;2018;2019;2020
07790099999,42.552664,9.483731,6,2015;2016;2017;2018;2019;2020
07791099999,42.8,9.4833333,6,2015;2016;2017;2018;2019;2020
07876099999,45.972,6.454167,6,2015;2016;2017;2018;2019;2020
08000199999,32.697889,-16.774453,6,2015;2016;2017;2018;2019;2020
08001099999,43.3666666,-8.4166666,6,2015;2016;2017;2018;2019;2020
08002099999,43.302061,-8.377256,6,2015;2016;2017;2018;2019;2020
08008099999,43.1166666,-7.45,6,2015;2016;2017;2018;2019;2020
08011099999,43.563567,-6.034622,6,2015;2016;2017;2018;2019;2020
08014099999,43.5666666,-5.7,6,2015;2016;2017;2018;2019;2020
08014199999,38.9833333,-3.9166667,6,2015;2016;2017;2018;2019;2020
08014299999,42.2,-1.45,5,2016;2017;2018;2019;2020
08014399999,39.5833333,-0.45,6,2015;2016;2017;2018;2019;2020
08014499999,37.133222,-3.635694,6,2015;2016;2017;2018;2019;2020
08015099999,43.35,-5.8666666,6,2015;2016;2017;2018;2019;2020
08021099999,43.427064,-3.820006,6,2015;2016;2017;2018;2019;2020
08023099999,43.4833333,-3.8,6,2015;2016;2017;2018;2019;2020
08025099999,43.301097,-2.910608,6,2015;2016;2017;2018;2019;2020
08027099999,43.3,-2.0333333,6,2015;2016;2017;2018;2019;2020
08029099999,43.356519,-1.790611,6,2015;2016;2017;2018;2019;2020
08042099999,42.896333,-8.415144,6,2015;2016;2017;2018;2019;2020
08043099999,42.4,-8.7,2,2017;2018
08044099999,42.4333333,-8.6166666,6,2015;2016;2017;2018;2019;2020
08045099999,42.2318,-8.626775,6,2015;2016;2017;2018;2019;2020
08048099999,42.3333333,-7.8666666,6,2015;2016;2017;2018;2019;2020
08053099999,42.5666666,-6.6,6,2015;2016;2017;2018;2019;2020
08055099999,42.589,-5.655556,6,2015;2016;2017;2018;2019;2020
08072099999,42.0,-4.6,4,2017;2018;2019;2020
08075099999,42.357628,-3.620764,6,2015;2016;2017;2018;2019;2020
08080099999,42.882836,-2.724469,6,2015;2016;2017;2018;2019;2020
08084099999,42.45,-2.3333333,6,2015;2016;2017;2018;2019;2020
08085099999,42.770039,-1.646331,6,2015;2016;2017;2018;2019;2020
08087099999,42.2,-1.45,4,2017;2018;2019;2020
08091099999,42.567,-3.133,4,2017;2018;2019;2020
08094099999,42.0833333,-0.3333333,6,2015;2016;2017;2018;2019;2020
08112099999,42.2,0.8666666,4,2017;2018;2019;2020
08117099999,42.3333333,1.9333333,4,2017;2018;2019;2020
08130099999,41.5166666,-5.7333333,6,2015;2016;2017;2018;2019;2020
08140099999,41.706111,-4.851944,6,2015;2016;2017;2018;2019;2020
08141099999,41.6333333,-4.75,6,2015;2016;2017;2018;2019;2020
08148099999,41.7833333,-2.4833333,6,2015;2016;2017;2018;2019;2020
08157099999,41.1166666,-1.4166666,6,2015;2016;2017;2018;2019;2020
08160099999,41.666242,-1.041553,6,2015;2016;2017;2018;2019;2020
08171099999,41.6333333,0.6,6,2015;2016;2017;2018;2019;2020
08175099999,41.147392,1.167172,6,2015;2016;2017;2018;2019;2020
08176399999,41.5166667,2.1,6,2015;2016;2017;2018;2019;2020
08180099999,41.417,2.133,4,2017;2018;2019;2020
08181099999,41.297078,2.078464,6,2015;2016;2017;2018;2019;2020
08184099999,41.900969,2.760547,6,2015;2016;2017;2018;2019;2020
08186099999,41.633,2.017,4,2017;2018;2019;2020
08201099999,40.95,-5.65,4,2017;2018;2019;2020
08202099999,40.952117,-5.501986,6,2015;2016;2017;2018;2019;2020
08210099999,40.6666666,-4.6833333,6,2015;2016;2017;2018;2019;2020
08213099999,40.95,-4.1333333,6,2015;2016;2017;2018;2019;2020
08215099999,40.8,-4.0166666,6,2015;2016;2017;2018;2019;2020
08219099999,40.65,-3.7333333,6,2015;2016;2017;2018;2019;2020
08220099999,40.45,-3.7166666,4,2017;2018;2019;2020
08221099999,40.493556,-3.566764,6,2015;2016;2017;2018;2019;2020
08222099999,40.4166666,-3.6833333,4,2017;2018;2019;2020
08223099999,40.370678,-3.785144,6,2015;2016;2017;2018;2019;2020
08224099999,40.294139,-3.723833,6,2015;2016;2017;2018;2019;2020
08226099999,40.6666666,-3.1666666,6,2015;2016;2017;2018;2019;2020
08227099999,40.496747,-3.445872,6,2015;2016;2017;2018;2019;2020
08231099999,40.0666666,-2.1333333,6,2015;2016;2017;2018;2019;2020
08232099999,40.85,-1.8833333,6,2015;2016;2017;2018;2019;2020
08233099999,40.9333333,-1.3,6,2015;2016;2017;2018;2019;2020
08235099999,40.35,-1.1166666,6,2015;2016;2017;2018;2019;2020
08238099999,40.8166666,0.5,6,2015;2016;2017;2018;2019;2020
08261099999,39.4666666,-6.3333333,6,2015;2016;2017;2018;2019;2020
08272099999,39.8833333,-4.05,6,2015;2016;2017;2018;2019;2020
08280099999,38.948528,-1.863517,6,2015;2016;2017;2018;2019;2020
08284099999,39.489314,-0.481625,6,2015;2016;2017;2018;2019;2020
08285099999,39.4833333,-0.3833333,4,2017;2018;2019;2020
08286099999,39.95,-0.0666666,6,2015;2016;2017;2018;2019;2020
08290099999,39.15,-0.433,4,2017;2018;2019;2020
08301099999,39.55,2.6333333,4,2017;2018;2019;2020
08303099999,39.733,2.717,4,2017;2018;2019;2020
08306099999,39.55,2.7333333,6,2015;2016;2017;2018;2019;2020
08314099999,39.862597,4.218647,6,2015;2016;2017;2018;2019;2020
08330099999,38.89125,-6.821333,6,2015;2016;2017;2018;2019;2020
08335099999,38.5166666,-5.1166666,4,2017;2018;2019;2020
08348099999,38.9833333,-3.9166666,6,2015;2016;2017;2018;2019;2020
08359099999,38.3666666,-0.5,6,2015;2016;2017;2018;2019;2020
08360099999,38.282169,-0.558156,6,2015;2016;2017;2018;2019;2020
08365099999,38.833,0.117,4,2017;2018;2019;2020
08373099999,38.872858,1.373117,6,2015;2016;2017;2018;2019;2020
08383099999,37.2833333,-6.9166666,6,2015;2016;2017;2018;2019;2020
08390599999,37.3166666,-6.0,6,2015;2016;2017;2018;2019;2020
08391099999,37.418,-5.893106,6,2015;2016;2017;2018;2019;2020
08397099999,37.174917,-5.615944,6,2015;2016;2017;2018;2019;2020
08410099999,37.842006,-4.848878,6,2015;2016;2017;2018;2019;2020
08417099999,37.7833333,-3.8166666,6,2015;2016;2017;2018;2019;2020
08419099999,37.188731,-3.777356,6,2015;2016;2017;2018;2019;2020
08429099999,37.951111,-1.230319,6,2015;2016;2017;2018;2019;2020
08430099999,38.0,-1.1666666,6,2015;2016;2017;2018;2019;2020
08433099999,37.774972,-0.812389,6,2015;2016;2017;2018;2019;2020
08449013025,36.65,-6.35,6,2015;2016;2017;2018;2019;2020
08451099999,36.744622,-6.060111,6,2015;2016;2017;2018;2019;2020
08451599999,41.72778,0.53583,6,2015;2016;2017;2018;2019;2020
08452099999,36.5,-6.25,4,2017;2018;2019;2020
08453099999,36.467,-6.2,4,2017;2018;2019;2020
08458099999,36.0,-5.6,4,2017;2018;2019;2020
08482099999,36.6749,-4.499106,6,2015;2016;2017;2018;2019;2020
08487099999,36.843936,-2.370097,6,2015;2016;2017;2018;2019;2020
08488099999,36.833,-2.467,2,2017;2018
08490099999,35.933,-3.033,2,2017;2018
08495099999,36.151219,-5.349664,6,2015;2016;2017;2018;2019;2020
08501099999,39.455272,-31.131361,6,2015;2016;2017;2018;2019;2020
08502099999,39.67,-31.12,6,2015;2016;2017;2018;2019;2020
08505099999,38.519894,-28.715872,6,2015;2016;2017;2018;2019;2020
08506099999,38.5166666,-28.6333333,6,2015;2016;2017;2018;2019;2020
08507099999,39.1,-28.0333333,3,2018;2019;2020
08509099999,38.761842,-27.090797,6,2015;2016;2017;2018;2019;2020
08509599999,38.6655,-28.175817,5,2015;2016;2018;2019;2020
08511099999,38.6666666,-27.2166666,6,2015;2016;2017;2018;2019;2020
08512099999,37.741184,-25.69787,6,2015;2016;2017;2018;2019;2020
08512599999,38.554333,-28.441333,5,2015;2016;2018;2019;2020
08515099999,36.97139,-25.170639,6,2015;2016;2017;2018;2019;2020
08515599999,39.092169,-28.029847,2,2015;2016
08521099999,32.6833333,-16.7666666,6,2015;2016;2017;2018;2019;2020
08522099999,32.6333333,-16.9,6,2015;2016;2017;2018;2019;2020
08524099999,33.073386,-16.349975,6,2015;2016;2017;2018;2019;2020
08531099999,39.35,-9.4,6,2015;2016;2017;2018;2019;2020
08532099999,38.831053,-9.339553,6,2015;2016;2017;2018;2019;2020
08533099999,37.0,-8.95,6,2015;2016;2017;2018;2019;2020
08534099999,38.703861,-9.035916,6,2015;2016;2017;2018;2019;2020
08535099999,38.7166666,-9.15,6,2015;2016;2017;2018;2019;2020
08536099999,38.781311,-9.135919,6,2015;2016;2017;2018;2019;2020
08537099999,38.883278,-9.030097,6,2015;2016;2017;2018;2019;2020
08540099999,39.831244,-8.887261,6,2015;2016;2017;2018;2019;2020
08541099999,37.95,-8.8666666,6,2015;2016;2017;2018;2019;2020
08544099999,40.9166666,-8.6333333,6,2015;2016;2017;2018;2019;2020
08545099999,41.248055,-8.681389,6,2015;2016;2017;2018;2019;2020
08548099999,40.15,-8.4666666,6,2015;2016;2017;2018;2019;2020
08549099999,40.2,-8.4166667,1,2017
08551099999,41.6333333,-8.8,6,2015;2016;2017;2018;2019;2020
08554099999,37.014425,-7.965911,6,2015;2016;2017;2018;2019;2020
08558099999,38.5333333,-7.9,6,2015;2016;2017;2018;2019;2020
08558199999,40.915867,-8.645919,6,2015;2016;2017;2018;2019;2020
08560099999,40.7166666,-7.8833333,6,2015;2016;2017;2018;2019;2020
08561099999,38.0666666,-7.9166666,6,2015;2016;2017;2018;2019;2020
08562099999,38.078903,-7.932397,6,2015;2016;2017;2018;2019;2020
08567099999,41.274334,-7.720472,6,2015;2016;2017;2018;2019;2020
08568099999,40.4166666,-7.55,6,2015;2016;2017;2018;2019;2020
08570099999,39.8333333,-7.4833333,6,2015;2016;2017;2018;2019;2020
08571099999,39.2833333,-7.4166666,6,2015;2016;2017;2018;2019;2020
08575099999,41.859583,-6.706072,6,2015;2016;2017;2018;2019;2020
08579099999,38.7666666,-9.1333333,6,2015;2016;2017;2018;2019;2020
08583099999,16.8333333,-25.05,6,2015;2016;2017;2018;2019;2020
08589099999,14.9333333,-23.4833333,6,2015;2016;2017;2018;2019;2020
08594099999,16.741389,-22.949444,6,2015;2016;2017;2018;2019;2020
08594499999,16.136531,-22.888897,6,2015;2016;2017;2018;2019;2020
08594599999,16.833889,-25.056667,6,2015;2016;2017;2018;2019;2020
08911099999,42.7666666,-0.6333333,2,2019;2020
08912099999,42.95,-0.8,6,2015;2016;2017;2018;2019;2020
08913099999,42.9,-0.8,2,2019;2020
08914099999,42.7833333,-0.5333333,2,2019;2020
08916099999,42.8166666,-0.5,2,2019;2020
08917099999,42.7666666,-0.3833333,2,2019;2020
08918099999,42.7666666,-0.3666666,2,2019;2020
08920099999,42.8166666,-0.3,1,2020
08922099999,42.7666666,-0.2333333,6,2015;2016;2017;2018;2019;2020
08924099999,42.7,-0.2833333,2,2019;2020
08925099999,42.6333333,0.45,2,2019;2020
08926099999,42.6666666,0.0166666,2,2019;2020
08927099999,42.6666666,0.1,2,2019;2020
08928099999,42.6833333,0.4833333,2,2019;2020
08930099999,42.5666666,0.55,2,2019;2020
08958099999,40.1166666,-1.0333333,2,2019;2020
08960099999,40.3833333,-0.6333333,2,2019;2020
10000199999,51.602414,6.142172,6,2015;2016;2017;2018;2019;2020
10018099999,54.91325,8.340472,6,2015;2016;2017;2018;2019;2020
10033099999,54.8333333,9.5,6,2015;2016;2017;2018;2019;2020
10037099999,54.459333,9.516333,6,2015;2016;2017;2018;2019;2020
10038099999,54.312167,9.538167,6,2015;2016;2017;2018;2019;2020
10046599999,54.3795,10.145167,6,2015;2016;2017;2018;2019;2020
10126099999,53.547833,7.667333,6,2015;2016;2017;2018;2019;2020
10136099999,53.767667,8.6585,6,2015;2016;2017;2018;2019;2020
10147099999,53.630389,9.988228,6,2015;2016;2017;2018;2019;2020
10148099999,53.55,9.9666666,2,2015;2016
10149099999,53.535886,9.837025,6,2015;2016;2017;2018;2019;2020
10156099999,53.805367,10.719222,6,2015;2016;2017;2018;2019;2020
10162499999,53.426997,11.783436,5,2015;2016;2017;2018;2019
10172099999,53.918167,12.278333,6,2015;2016;2017;2018;2019;2020
10193599999,53.878706,14.152347,6,2015;2016;2017;2018;2019;2020
10224099999,53.0475,8.786667,6,2015;2016;2017;2018;2019;2020
10234099999,53.1333333,9.35,2,2015;2016
10238099999,52.8166667,9.9333333,2,2017;2018
10246099999,52.919406,10.197528,6,2015;2016;2017;2018;2019;2020
10304099999,52.7166667,7.3166667,6,2015;2016;2017;2018;2019;2020
10306099999,52.291167,7.387,3,2015;2016;2017
10315099999,52.134642,7.684831,6,2015;2016;2017;2018;2019;2020
10321099999,52.585514,8.341014,6,2015;2016;2017;2018;2019;2020
10334099999,52.457333,9.427167,6,2015;2016;2017;2018;2019;2020
10335099999,52.2785,9.082167,6,2015;2016;2017;2018;2019;2020
10338099999,52.461056,9.685078,6,2015;2016;2017;2018;2019;2020
10343099999,52.5912,10.022133,6,2015;2016;2017;2018;2019;2020
10348099999,52.319167,10.556111,6,2015;2016;2017;2018;2019;2020
10382099999,52.559686,13.287711,6,2015;2016;2017;2018;2019;2020
10385099999,52.380001,13.5225,6,2015;2016;2017;2018;2019;2020
10400099999,51.289453,6.766775,6,2015;2016;2017;2018;2019;2020
10416099999,51.518314,7.612242,6,2015;2016;2017;2018;2019;2020
10420399999,51.483333,7.899333,1,2018
10426099999,51.614089,8.616317,6,2015;2016;2017;2018;2019;2020
10436099999,51.408394,9.377631,6,2015;2016;2017;2018;2019;2020
10437499999,51.230356,6.504494,6,2015;2016;2017;2018;2019;2020
10439099999,51.1145,9.285833,6,2015;2016;2017;2018;2019;2020
10469099999,51.423992,12.236383,6,2015;2016;2017;2018;2019;2020
10476099999,51.767833,13.167667,6,2015;2016;2017;2018;2019;2020
10488099999,51.132767,13.767161,6,2015;2016;2017;2018;2019;2020
10500099999,50.960817,6.042422,6,2015;2016;2017;2018;2019;2020
10502099999,50.831167,6.658167,6,2015;2016;2017;2018;2019;2020
10513099999,50.865917,7.142744,6,2015;2016;2017;2018;2019;2020
10553699999,50.981817,12.506361,6,2015;2016;2017;2018;2019;2020
10554099999,50.979811,10.958106,6,2015;2016;2017;2018;2019;2020
10607099999,49.972667,6.6925,6,2015;2016;2017;2018;2019;2020
10613099999,50.173833,7.063333,6,2015;2016;2017;2018;2019;2020
10614099999,49.436911,7.600283,6,2015;2016;2017;2018;2019;2020
10616099999,49.948672,7.263892,6,2015;2016;2017;2018;2019;2020
10616299999,50.707658,8.082969,6,2015;2016;2017;2018;2019;2020
10616499999,51.854992,11.418889,3,2015;2016;2017
10618099999,49.7,7.3333333,1,2017
10619099999,49.650275,7.3,5,2016;2017;2018;2019;2020
10632599999,49.960833,8.6415,3,2015;2016;2017
10633099999,50.049819,8.325397,6,2015;2016;2017;2018;2019;2020
10637099999,50.026421,8.543125,6,2015;2016;2017;2018;2019;2020
10659799999,49.403058,7.536111,1,2015
10685099999,50.288836,11.854919,6,2015;2016;2017;2018;2019;2020
10687099999,49.698686,11.940175,6,2015;2016;2017;2018;2019;2020
10708099999,49.214553,7.109508,6,2015;2016;2017;2018;2019;2020
10727599999,48.779353,8.0805,6,2015;2016;2017;2018;2019;2020
10729099999,49.472706,8.514264,6,2015;2016;2017;2018;2019;2020
10738099999,48.689878,9.221964,6,2015;2016;2017;2018;2019;2020
10743099999,49.391833,9.958167,6,2015;2016;2017;2018;2019;2020
10745099999,49.118317,9.783956,6,2015;2016;2017;2018;2019;2020
10752099999,49.473817,10.387831,6,2015;2016;2017;2018;2019;2020
10755099999,49.308219,10.638717,6,2015;2016;2017;2018;2019;2020
10763099999,49.498644,11.078106,6,2015;2016;2017;2018;2019;2020
10775099999,49.218056,11.836111,6,2015;2016;2017;2018;2019;2020
10805099999,48.36925,7.827722,6,2015;2016;2017;2018;2019;2020
10805199999,48.791279,8.187139,2,2017;2018
10837099999,48.220297,9.910019,6,2015;2016;2017;2018;2019;2020
10852099999,48.425158,10.931764,6,2015;2016;2017;2018;2019;2020
10853099999,48.711,11.2115,6,2015;2016;2017;2018;2019;2020
10856099999,48.1855,10.861167,6,2015;2016;2017;2018;2019;2020
10857099999,48.070575,10.905994,4,2015;2016;2017;2018
10860099999,48.715667,11.534,6,2015;2016;2017;2018;2019;2020
10864499999,48.081364,11.283067,6,2015;2016;2017;2018;2019;2020
10866099999,48.353783,11.786086,6,2015;2016;2017;2018;2019;2020
10869099999,48.322333,11.948667,1,2015
10912099999,47.973331,8.522223,3,2017;2018;2019
10935099999,47.671317,9.511486,6,2015;2016;2017;2018;2019;2020
10947099999,47.988758,10.2395,6,2015;2016;2017;2018;2019;2020
10954099999,47.8333333,10.8666667,6,2015;2016;2017;2018;2019;2020
11001099999,48.1,13.6666666,6,2015;2016;2017;2018;2019;2020
11008099999,48.5666666,14.0,6,2015;2016;2017;2018;2019;2020
11010099999,48.233219,14.187511,6,2015;2016;2017;2018;2019;2020
11012099999,48.05,14.1333333,6,2015;2016;2017;2018;2019;2020
11016199999,47.843333,16.260139,6,2015;2016;2017;2018;2019;2020
11016299999,47.9666667,16.2666667,6,2015;2016;2017;2018;2019;2020
11016599999,47.85,16.25,6,2015;2016;2017;2018;2019;2020
11018099999,48.1,14.9,6,2015;2016;2017;2018;2019;2020
11019099999,48.6833333,15.3666666,6,2015;2016;2017;2018;2019;2020
11020099999,48.6166666,15.2,6,2015;2016;2017;2018;2019;2020
11021099999,48.95,15.0333333,6,2015;2016;2017;2018;2019;2020
11022099999,48.7666666,15.95,6,2015;2016;2017;2018;2019;2020
11023099999,48.5833333,15.6666666,2,2015;2016
11024099999,48.3333333,15.3333333,6,2015;2016;2017;2018;2019;2020
11025099999,48.7,14.8833333,6,2015;2016;2017;2018;2019;2020
11027099999,48.4,16.2,6,2015;2016;2017;2018;2019;2020
11030099999,48.321083,16.11186,6,2015;2016;2017;2018;2019;2020
11032099999,48.6666666,16.6333333,6,2015;2016;2017;2018;2019;2020
11034099999,48.2,16.3666666,6,2015;2016;2017;2018;2019;2020
11035099999,48.25,16.3666666,6,2015;2016;2017;2018;2019;2020
11036099999,48.110278,16.569722,6,2015;2016;2017;2018;2019;2020
11037099999,48.2,16.5666666,6,2015;2016;2017;2018;2019;2020
11040099999,48.1333333,16.4166666,6,2015;2016;2017;2018;2019;2020
11051099999,48.2166666,13.0333333,6,2015;2016;2017;2018;2019;2020
11053099999,48.2166666,13.4833333,6,2015;2016;2017;2018;2019;2020
11055099999,48.4666666,13.4333333,6,2015;2016;2017;2018;2019;2020
11059099999,48.1666666,14.0666666,6,2015;2016;2017;2018;2019;2020
11060099999,48.3,14.2833333,6,2015;2016;2017;2018;2019;2020
11070099999,48.4166666,15.6166666,6,2015;2016;2017;2018;2019;2020
11075099999,48.4666667,15.7,6,2015;2016;2017;2018;2019;2020
11078099999,48.0333333,15.5833333,6,2015;2016;2017;2018;2019;2020
11080099999,48.2,16.2333333,6,2015;2016;2017;2018;2019;2020
11082099999,48.0333333,16.2833333,6,2015;2016;2017;2018;2019;2020
11083099999,48.5666666,16.3666666,6,2015;2016;2017;2018;2019;2020
11085099999,48.3333333,16.8333333,6,2015;2016;2017;2018;2019;2020
11090099999,48.25,16.4333333,6,2015;2016;2017;2018;2019;2020
11101099999,47.5,9.75,6,2015;2016;2017;2018;2019;2020
11105099999,47.2666666,9.6166666,6,2015;2016;2017;2018;2019;2020
11109099999,47.1333333,10.3166666,6,2015;2016;2017;2018;2019;2020
11110099999,47.1333333,10.2333333,6,2015;2016;2017;2018;2019;2020
11112099999,47.1402778,10.5636111,6,2015;2016;2017;2018;2019;2020
11113099999,46.8833333,10.4833333,6,2015;2016;2017;2018;2019;2020
11116099999,47.5,10.75,6,2015;2016;2017;2018;2019;2020
11119099999,47.3166666,11.1833333,6,2015;2016;2017;2018;2019;2020
11120099999,47.260219,11.343964,6,2015;2016;2017;2018;2019;2020
11121099999,47.25,11.35,6,2015;2016;2017;2018;2019;2020
11124099999,47.15,10.2,3,2016;2017;2019
11126099999,47.2166666,11.4666666,6,2015;2016;2017;2018;2019;2020
11127099999,46.8666666,11.0333333,6,2015;2016;2017;2018;2019;2020
11129099999,47.0,11.5,6,2015;2016;2017;2018;2019;2020
11130099999,47.5833333,12.1666666,6,2015;2016;2017;2018;2019;2020
11135099999,47.4166666,12.3666666,3,2015;2016;2017
11136099999,47.2333333,12.1833333,6,2015;2016;2017;2018;2019;2020
11137099999,47.4,12.9,6,2015;2016;2017;2018;2019;2020
11138099999,47.1333333,12.6333333,6,2015;2016;2017;2018;2019;2020
11140099999,47.5833333,12.7,6,2015;2016;2017;2018;2019;2020
11141099999,47.4,13.2166666,6,2015;2016;2017;2018;2019;2020
11142099999,47.3166666,13.1833333,6,2015;2016;2017;2018;2019;2020
11144099999,47.3333333,12.8,6,2015;2016;2017;2018;2019;2020
11146099999,47.05,12.95,6,2015;2016;2017;2018;2019;2020
11147099999,47.3833333,13.45,1,2015
11148099999,47.1,13.65,6,2015;2016;2017;2018;2019;2020
11149099999,47.25,13.5666666,6,2015;2016;2017;2018;2019;2020
11150099999,47.793304,13.004333,6,2015;2016;2017;2018;2019;2020
11152099999,47.9833333,13.1,6,2015;2016;2017;2018;2019;2020
11153099999,47.85,13.3666666,6,2015;2016;2017;2018;2019;2020
11154099999,47.9,13.8,2,2015;2016
11155099999,47.8166666,13.7166666,6,2015;2016;2017;2018;2019;2020
11157099999,47.5333333,14.1333333,6,2015;2016;2017;2018;2019;2020
11161099999,47.5166666,14.95,6,2015;2016;2017;2018;2019;2020
11162099999,47.1333333,13.6833333,1,2017
11165099999,47.202751,14.744223,6,2015;2016;2017;2018;2019;2020
11170099999,47.85,15.0666666,6,2015;2016;2017;2018;2019;2020
11171099999,47.8,15.3,6,2015;2016;2017;2018;2019;2020
11172099999,47.7666666,15.3166666,1,2017
11173099999,47.45,15.65,6,2015;2016;2017;2018;2019;2020
11175099999,47.4166666,15.2666666,6,2015;2016;2017;2018;2019;2020
11176099999,47.4666666,15.3333333,3,2018;2019;2020
11180099999,47.7166666,15.7833333,6,2015;2016;2017;2018;2019;2020
11182099999,47.8333333,16.2166666,6,2015;2016;2017;2018;2019;2020
11185099999,47.5166666,16.0333333,6,2015;2016;2017;2018;2019;2020
11190099999,47.85,16.5333333,6,2015;2016;2017;2018;2019;2020
11192099999,47.2,16.3333333,6,2015;2016;2017;2018;2019;2020
11193099999,47.3333333,16.2166666,6,2015;2016;2017;2018;2019;2020
11194099999,47.95,16.85,1,2015
11201099999,46.75,12.4166666,6,2015;2016;2017;2018;2019;2020
11204099999,46.8333333,12.8166666,6,2015;2016;2017;2018;2019;2020
11210099999,46.9833333,13.1833333,1,2020
11212099999,46.6,13.6666666,5,2015;2016;2017;2018;2019
11213099999,46.6166666,13.8833333,6,2015;2016;2017;2018;2019;2020
11214099999,46.9333333,14.9166666,6,2015;2016;2017;2018;2019;2020
11220099999,47.0666666,14.4166666,6,2015;2016;2017;2018;2019;2020
11225099999,46.85,14.1833333,6,2015;2016;2017;2018;2019;2020
11227099999,46.7166666,14.1,6,2015;2016;2017;2018;2019;2020
11228099999,46.9666666,14.4,4,2015;2016;2017;2018
11229099999,46.7666666,14.8333333,6,2015;2016;2017;2018;2019;2020
11231099999,46.65,14.3333333,6,2015;2016;2017;2018;2019;2020
11232099999,46.5666666,14.7666666,6,2015;2016;2017;2018;2019;2020
11234099999,46.5,14.5933333,6,2015;2016;2017;2018;2019;2020
11240099999,46.991067,15.439628,6,2015;2016;2017;2018;2019;2020
11241099999,47.2,15.4666666,6,2015;2016;2017;2018;2019;2020
11242099999,47.1666666,15.4833333,6,2015;2016;2017;2018;2019;2020
11244099999,46.8666666,15.9,6,2015;2016;2017;2018;2019;2020
11248099999,46.6833333,15.9833333,2,2015;2016
11252099999,47.0,12.45,6,2015;2016;2017;2018;2019;2020
11255099999,46.6833333,13.0,6,2015;2016;2017;2018;2019;2020
11260099999,47.0,13.1666666,6,2015;2016;2017;2018;2019;2020
11261099999,46.9333333,13.2166666,1,2015
11263099999,46.7166666,13.2833333,6,2015;2016;2017;2018;2019;2020
11265099999,46.6,13.6666666,6,2015;2016;2017;2018;2019;2020
11270099999,46.7333333,13.0833333,6,2015;2016;2017;2018;2019;2020
11272099999,46.7833333,13.4833333,6,2015;2016;2017;2018;2019;2020
11275099999,46.7333333,13.85,6,2015;2016;2017;2018;2019;2020
11278099999,46.6333333,14.1666666,6,2015;2016;2017;2018;2019;2020
11280099999,47.1166666,14.1833333,6,2015;2016;2017;2018;2019;2020
11285099999,46.8166666,15.2333333,6,2015;2016;2017;2018;2019;2020
11290099999,47.0833333,15.45,6,2015;2016;2017;2018;2019;2020
11292099999,47.0666666,15.5833333,6,2015;2016;2017;2018;2019;2020
11296099999,46.7666666,15.55,6,2015;2016;2017;2018;2019;2020
11298099999,46.9333333,15.8666666,6,2015;2016;2017;2018;2019;2020
11301099999,47.45,9.85,6,2015;2016;2017;2018;2019;2020
11302099999,47.4333333,9.7333333,6,2015;2016;2017;2018;2019;2020
11304099999,47.1,9.7333333,6,2015;2016;2017;2018;2019;2020
11306099999,47.2666666,10.0833333,5,2015;2016;2017;2018;2020
11307099999,47.1166666,10.1166666,6,2015;2016;2017;2018;2019;2020
11308099999,47.25,10.1833333,6,2015;2016;2017;2018;2019;2020
11310099999,46.9833333,10.3166666,6,2015;2016;2017;2018;2019;2020
11312099999,46.9666666,10.1833333,6,2015;2016;2017;2018;2019;2020
11315099999,47.25,10.3333333,6,2015;2016;2017;2018;2019;2020
11316099999,46.9333333,10.8833333,6,2015;2016;2017;2018;2019;2020
11318099999,46.9166666,10.8666666,6,2015;2016;2017;2018;2019;2020
11325099999,47.3833333,11.75,6,2015;2016;2017;2018;2019;2020
11328099999,47.5166666,11.7,2,2015;2016
11330099999,47.1666666,11.85,6,2015;2016;2017;2018;2019;2020
11331099999,46.6333333,14.3166666,6,2015;2016;2017;2018;2019;2020
11332099999,48.5666666,16.6,6,2015;2016;2017;2018;2019;2020
11337099999,47.6,12.65,6,2015;2016;2017;2018;2019;2020
11340099999,47.3333333,12.7333333,6,2015;2016;2017;2018;2019;2020
11343099999,47.05,12.95,6,2015;2016;2017;2018;2019;2020
11345099999,47.3333333,13.15,6,2015;2016;2017;2018;2019;2020
11346099999,47.2166666,13.0,6,2015;2016;2017;2018;2019;2020
11348099999,47.15,13.75,6,2015;2016;2017;2018;2019;2020
11349099999,47.0666666,13.6166666,6,2015;2016;2017;2018;2019;2020
11350099999,47.7833333,13.05,6,2015;2016;2017;2018;2019;2020
11351099999,47.4333333,13.6333333,6,2015;2016;2017;2018;2019;2020
11352099999,47.9833333,13.4166666,3,2015;2016;2017
11354099999,47.6333333,13.6166666,2,2015;2016
11355099999,47.7333333,14.3333333,6,2015;2016;2017;2018;2019;2020
11356099999,47.6166666,13.75,6,2015;2016;2017;2018;2019;2020
11357099999,47.7333333,13.45,6,2015;2016;2017;2018;2019;2020
11358099999,47.55,13.9333333,6,2015;2016;2017;2018;2019;2020
11359099999,47.4333333,13.9,6,2015;2016;2017;2018;2019;2020
11362099999,47.4166666,14.7666666,6,2015;2016;2017;2018;2019;2020
11365099999,47.2,14.7666666,6,2015;2016;2017;2018;2019;2020
11366099999,47.3833333,12.65,6,2015;2016;2017;2018;2019;2020
11367099999,48.3833333,15.0,6,2015;2016;2017;2018;2019;2020
11368099999,47.95,15.783,1,2015
11370099999,47.45,15.3,4,2015;2016;2017;2018
11372099999,47.1,13.1333333,5,2015;2016;2017;2018;2019
11375099999,47.55,15.2333333,6,2015;2016;2017;2018;2019;2020
11378099999,47.8666666,15.8833333,6,2015;2016;2017;2018;2019;2020
11380099999,47.7,15.8333333,6,2015;2016;2017;2018;2019;2020
11382099999,47.7833333,15.9,6,2015;2016;2017;2018;2019;2020
11383099999,47.6166666,15.8166666,6,2015;2016;2017;2018;2019;2020
11384099999,47.6166666,15.8333333,6,2015;2016;2017;2018;2019;2020
11385099999,47.8166666,16.0333333,6,2015;2016;2017;2018;2019;2020
11386099999,47.5166666,16.1833333,6,2015;2016;2017;2018;2019;2020
11387099999,47.9833333,16.5,6,2015;2016;2017;2018;2019;2020
11389099999,48.1833333,15.6166666,6,2015;2016;2017;2018;2019;2020
11390099999,47.2833333,15.9833333,6,2015;2016;2017;2018;2019;2020
11393099999,47.4666666,16.6666666,6,2015;2016;2017;2018;2019;2020
11395099999,47.7666666,17.0333333,6,2015;2016;2017;2018;2019;2020
11406099999,50.0666666,12.3833333,6,2015;2016;2017;2018;2019;2020
11414099999,50.202978,12.914983,6,2015;2016;2017;2018;2019;2020
11423099999,49.6666666,12.6833333,6,2015;2016;2017;2018;2019;2020
11423299999,50.121367,14.543642,6,2015;2016;2017;2018;2019;2020
11423399999,49.029444,17.439722,6,2015;2016;2017;2018;2019;2020
11438099999,50.3833333,13.3333333,6,2015;2016;2017;2018;2019;2020
11448099999,49.675172,13.274617,6,2015;2016;2017;2018;2019;2020
11450099999,49.7666666,13.3833333,6,2015;2016;2017;2018;2019;2020
11457099999,49.0666666,13.6166666,6,2015;2016;2017;2018;2019;2020
11464099999,50.55,13.9333333,6,2015;2016;2017;2018;2019;2020
11487099999,49.4666666,13.8333333,6,2015;2016;2017;2018;2019;2020
11502099999,50.6833333,14.0333333,6,2015;2016;2017;2018;2019;2020
11509099999,50.4666666,14.1666666,6,2015;2016;2017;2018;2019;2020
11518099999,50.100833,14.26,6,2015;2016;2017;2018;2019;2020
11519099999,50.0666666,14.4333333,6,2015;2016;2017;2018;2019;2020
11520099999,50.0,14.45,6,2015;2016;2017;2018;2019;2020
11535199999,49.27356,14.50171,3,2018;2019;2020
11538099999,49.2,14.35,6,2015;2016;2017;2018;2019;2020
11546099999,48.95,14.4666666,6,2015;2016;2017;2018;2019;2020
11567099999,50.1166666,14.5333333,6,2015;2016;2017;2018;2019;2020
11603099999,50.7666666,15.0166666,6,2015;2016;2017;2018;2019;2020
11624099999,49.939653,15.381808,6,2015;2016;2017;2018;2019;2020
11628099999,49.5666666,15.0833333,6,2015;2016;2017;2018;2019;2020
11636099999,49.1666666,15.4333333,6,2015;2016;2017;2018;2019;2020
11643099999,50.7,15.7333333,6,2015;2016;2017;2018;2019;2020
11652099999,50.013419,15.738647,6,2015;2016;2017;2018;2019;2020
11653099999,50.7333333,15.7333333,6,2015;2016;2017;2018;2019;2020
11659099999,49.5833333,15.7666666,6,2015;2016;2017;2018;2019;2020
11679099999,49.9833333,16.4166666,6,2015;2016;2017;2018;2019;2020
11683099999,49.7333333,16.0333333,6,2015;2016;2017;2018;2019;2020
11692099999,49.165833,16.124925,6,2015;2016;2017;2018;2019;2020
11693099999,49.1,16.1333333,6,2015;2016;2017;2018;2019;2020
11698099999,48.8833333,16.0833333,6,2015;2016;2017;2018;2019;2020
11710099999,49.65,16.95,6,2015;2016;2017;2018;2019;2020
11723099999,49.151269,16.694433,6,2015;2016;2017;2018;2019;2020
11730099999,50.1833333,17.1166666,6,2015;2016;2017;2018;2019;2020
11747099999,49.45,17.1333333,6,2015;2016;2017;2018;2019;2020
11766099999,49.7833333,17.55,6,2015;2016;2017;2018;2019;2020
11774099999,49.3166667,17.5666667,6,2015;2016;2017;2018;2019;2020
11782099999,49.696292,18.111053,6,2015;2016;2017;2018;2019;2020
11787099999,49.55,18.45,6,2015;2016;2017;2018;2019;2020
11801099999,48.4,17.15,6,2015;2016;2017;2018;2019;2020
11812099999,48.25,17.15,6,2015;2016;2017;2018;2019;2020
11813099999,48.1666666,17.1166666,6,2015;2016;2017;2018;2019;2020
11816099999,48.170167,17.212667,6,2015;2016;2017;2018;2019;2020
11819099999,48.4833333,17.6666666,6,2015;2016;2017;2018;2019;2020
11826099999,48.6166666,17.8333333,6,2015;2016;2017;2018;2019;2020
11841099999,49.2333333,18.6166666,6,2015;2016;2017;2018;2019;2020
11855099999,48.2833333,18.1333333,6,2015;2016;2017;2018;2019;2020
11856099999,48.2833333,18.45,6,2015;2016;2017;2018;2019;2020
11858099999,47.8666666,18.2,6,2015;2016;2017;2018;2019;2020
11867099999,48.7666666,18.6,6,2015;2016;2017;2018;2019;2020
11880099999,48.1666666,18.8666666,6,2015;2016;2017;2018;2019;2020
11900099999,48.5861111,18.8522222,6,2015;2016;2017;2018;2019;2020
11903099999,48.65,19.15,4,2017;2018;2019;2020
11916099999,48.9833333,19.6,6,2015;2016;2017;2018;2019;2020
11918099999,49.3666666,19.6833333,6,2015;2016;2017;2018;2019;2020
11927099999,48.3333333,19.7333333,6,2015;2016;2017;2018;2019;2020
11927199999,48.663055,21.241112,6,2015;2016;2017;2018;2019;2020
11927499999,48.625247,17.828444,6,2015;2016;2017;2018;2019;2020
11927599999,48.637839,19.134108,6,2015;2016;2017;2018;2019;2020
11927699999,49.231528,18.6135,6,2015;2016;2017;2018;2019;2020
11930099999,49.2,20.2166666,6,2015;2016;2017;2018;2019;2020
11933099999,48.9333333,22.0,6,2015;2016;2017;2018;2019;2020
11934099999,49.073594,20.241142,6,2015;2016;2017;2018;2019;2020
11938099999,48.85,20.1833333,6,2015;2016;2017;2018;2019;2020
11952099999,49.0333333,20.3166666,6,2015;2016;2017;2018;2019;2020
11955099999,49.0333333,21.3166666,6,2015;2016;2017;2018;2019;2020
11958099999,48.7833333,20.9833333,6,2015;2016;2017;2018;2019;2020
11968099999,48.6666666,21.2166666,6,2015;2016;2017;2018;2019;2020
11976099999,49.2166666,21.65,6,2015;2016;2017;2018;2019;2020
11978099999,48.6666666,21.7333333,6,2015;2016;2017;2018;2019;2020
11993099999,48.9333333,22.0,6,2015;2016;2017;2018;2019;2020
12001099999,55.4666666,18.1666666,3,2018;2019;2020
12100099999,54.1833333,15.5833333,6,2015;2016;2017;2018;2019;2020
12105099999,54.2,16.15,6,2015;2016;2017;2018;2019;2020
12105199999,52.268494,20.911047,6,2015;2016;2017;2018;2019;2020
12105299999,52.817,18.333,6,2015;2016;2017;2018;2019;2020
12105399999,52.0,19.15,6,2015;2016;2017;2018;2019;2020
12105499999,51.5333333,20.0166667,6,2015;2016;2017;2018;2019;2020
12105599999,51.717,19.4,6,2015;2016;2017;2018;2019;2020
12105699999,52.451111,20.651778,6,2015;2016;2017;2018;2019;2020
12115099999,54.5833333,16.8666666,6,2015;2016;2017;2018;2019;2020
12119599999,51.2333333,22.6833333,6,2015;2016;2017;2018;2019;2020
12120099999,54.75,17.5333333,6,2015;2016;2017;2018;2019;2020
12122099999,54.55,16.62,6,2015;2016;2017;2018;2019;2020
12124099999,54.4,16.35,6,2015;2016;2017;2018;2019;2020
12125099999,54.55,17.75,6,2015;2016;2017;2018;2019;2020
12129099999,54.55,16.5333333,2,2015;2016
12135099999,54.6,18.8166666,6,2015;2016;2017;2018;2019;2020
12136099999,54.4166667,17.7666667,6,2015;2016;2017;2018;2019;2020
12142099999,54.5666667,18.5166667,6,2015;2016;2017;2018;2019;2020
12146099999,54.247972,18.671583,6,2015;2016;2017;2018;2019;2020
12146599999,51.3833333,19.6833333,6,2015;2016;2017;2018;2019;2020
12150099999,54.377569,18.466222,6,2015;2016;2017;2018;2019;2020
12154099999,54.03,19.13,2,2015;2019
12155099999,54.3333333,18.9333333,3,2018;2019;2020
12160099999,54.2230556,19.5430556,6,2015;2016;2017;2018;2019;2020
12185099999,54.0666666,21.3666666,6,2015;2016;2017;2018;2019;2020
12195099999,54.1333333,22.95,6,2015;2016;2017;2018;2019;2020
12200099999,53.9166666,14.2333333,6,2015;2016;2017;2018;2019;2020
12205099999,53.4,14.6166666,6,2015;2016;2017;2018;2019;2020
12210099999,53.7666666,15.4,6,2015;2016;2017;2018;2019;2020
12212099999,53.790639,15.82625,6,2015;2016;2017;2018;2019;2020
12215099999,53.7166666,16.7466667,6,2015;2016;2017;2018;2019;2020
12225099999,53.45,16.5,6,2015;2016;2017;2018;2019;2020
12226099999,53.395072,16.082814,6,2015;2016;2017;2018;2019;2020
12235099999,53.7166666,17.55,6,2015;2016;2017;2018;2019;2020
12236099999,53.733,18.933,2,2016;2017
12237099999,53.5245,18.849333,1,2018
12250099999,53.05,18.5833333,6,2015;2016;2017;2018;2019;2020
12270099999,53.1,20.35,6,2015;2016;2017;2018;2019;2020
12272099999,53.7666666,20.4166666,6,2015;2016;2017;2018;2019;2020
12280099999,53.7833333,21.5833333,6,2015;2016;2017;2018;2019;2020
12285099999,53.0833333,21.5666666,6,2015;2016;2017;2018;2019;2020
12295099999,53.1,23.1666666,6,2015;2016;2017;2018;2019;2020
12300099999,52.75,15.2833333,6,2015;2016;2017;2018;2019;2020
12310099999,52.35,14.6,6,2015;2016;2017;2018;2019;2020
12312099999,52.138517,15.798556,6,2015;2016;2017;2018;2019;2020
12326099999,52.331719,16.966428,6,2015;2016;2017;2018;2019;2020
12330099999,52.421031,16.826325,6,2015;2016;2017;2018;2019;2020
12336099999,52.379444,17.853889,6,2015;2016;2017;2018;2019;2020
12345099999,52.2,18.6666666,6,2015;2016;2017;2018;2019;2020
12360099999,52.5833333,19.7333333,6,2015;2016;2017;2018;2019;2020
12375099999,52.16575,20.967122,6,2015;2016;2017;2018;2019;2020
12376099999,52.195528,21.655917,6,2015;2016;2017;2018;2019;2020
12376499999,50.4333333,21.7666666,3,2016;2017;2019
12376599999,54.026944,19.134167,6,2015;2016;2017;2018;2019;2020
12376799999,53.1,17.983,6,2015;2016;2017;2018;2019;2020
12385099999,52.1811111,22.25,6,2015;2016;2017;2018;2019;2020
12396099999,52.0,23.15,1,2016
12399099999,52.0666666,23.6166666,6,2015;2016;2017;2018;2019;2020
12400099999,51.9333333,15.5333333,6,2015;2016;2017;2018;2019;2020
12406099999,51.560972,15.585056,1,2019
12414099999,51.267,15.567,1,2016
12415099999,51.2,16.2,6,2015;2016;2017;2018;2019;2020
12424099999,51.102683,16.885836,6,2015;2016;2017;2018;2019;2020
12425099999,51.1166666,16.8833333,1,2017
12426099999,51.3,17.717,1,2018
12435099999,51.7833333,18.0833333,6,2015;2016;2017;2018;2019;2020
12454099999,51.551667,19.179058,6,2015;2016;2017;2018;2019;2020
12455099999,51.2166666,18.5666666,6,2015;2016;2017;2018;2019;2020
12469099999,51.35,19.8666666,6,2015;2016;2017;2018;2019;2020
12488099999,51.5666666,21.55,6,2015;2016;2017;2018;2019;2020
12490099999,51.551389,21.893611,6,2015;2016;2017;2018;2019;2020
12495099999,51.2166666,22.4,6,2015;2016;2017;2018;2019;2020
12497099999,51.55,23.5333333,6,2015;2016;2017;2018;2019;2020
12500099999,50.9,15.8,6,2015;2016;2017;2018;2019;2020
12510099999,50.7333333,15.7333333,6,2015;2016;2017;2018;2019;2020
12520099999,50.4333333,16.6166666,6,2015;2016;2017;2018;2019;2020
12530099999,50.6166666,17.9666666,6,2015;2016;2017;2018;2019;2020
12533099999,50.3,16.667,1,2018
12540099999,50.05,18.2,6,2015;2016;2017;2018;2019;2020
12550099999,50.8166666,19.1,6,2015;2016;2017;2018;2019;2020
12556099999,50.083,19.783,1,2016
12560099999,50.2333333,19.0333333,6,2015;2016;2017;2018;2019;2020
12566099999,50.077731,19.784836,6,2015;2016;2017;2018;2019;2020
12570099999,50.8166666,20.7,6,2015;2016;2017;2018;2019;2020
12575099999,50.0333333,20.9833333,6,2015;2016;2017;2018;2019;2020
12580099999,50.109958,22.019,6,2015;2016;2017;2018;2019;2020
12585099999,50.7,21.7166666,6,2015;2016;2017;2018;2019;2020
12595099999,50.7,23.25,6,2015;2016;2017;2018;2019;2020
12600099999,49.8,19.0,6,2015;2016;2017;2018;2019;2020
12625099999,49.3,19.9666666,6,2015;2016;2017;2018;2019;2020
12650099999,49.2333333,19.9833333,6,2015;2016;2017;2018;2019;2020
12660099999,49.6166666,20.7,6,2015;2016;2017;2018;2019;2020
12665099999,49.75,18.633,1,2020
12670099999,49.7,21.7666666,6,2015;2016;2017;2018;2019;2020
12689999999,49.4666666,20.05,5,2015;2016;2017;2018;2019
12690099999,49.4666666,22.35,6,2015;2016;2017;2018;2019;2020
12695099999,49.8,22.7666666,6,2015;2016;2017;2018;2019;2020
12756099999,48.1166666,19.5166666,6,2015;2016;2017;2018;2019;2020
12766099999,48.4833333,20.5333333,6,2015;2016;2017;2018;2019;2020
12772099999,48.0833333,20.7666667,6,2015;2016;2017;2018;2019;2020
12786099999,48.4,22.1666666,6,2015;2016;2017;2018;2019;2020
12805099999,47.6833333,16.6,6,2015;2016;2017;2018;2019;2020
12812099999,47.283333,16.6333333,6,2015;2016;2017;2018;2019;2020
12815099999,47.8833333,17.2833333,6,2015;2016;2017;2018;2019;2020
12822099999,47.7166667,17.6833333,6,2015;2016;2017;2018;2019;2020
12825099999,47.363972,17.50075,6,2015;2016;2017;2018;2019;2020
12830099999,47.0666666,17.8333333,6,2015;2016;2017;2018;2019;2020
12836099999,47.65,18.3166666,6,2015;2016;2017;2018;2019;2020
12839099999,47.436933,19.255592,6,2015;2016;2017;2018;2019;2020
12843099999,47.4333333,19.1833333,6,2015;2016;2017;2018;2019;2020
12846099999,47.1833333,18.6166666,6,2015;2016;2017;2018;2019;2020
12847099999,47.75,18.6,6,2015;2016;2017;2018;2019;2020
12851099999,47.8666666,20.0166666,6,2015;2016;2017;2018;2019;2020
12860099999,47.122861,20.2355,6,2015;2016;2017;2018;2019;2020
12860599999,46.686389,17.159056,6,2015;2016;2017;2018;2019;2020
12866099999,47.65,20.6333333,6,2015;2016;2017;2018;2019;2020
12870099999,47.9,20.3833333,6,2015;2016;2017;2018;2019;2020
12882099999,47.488917,21.615331,6,2015;2016;2017;2018;2019;2020
12892099999,47.983892,21.692317,6,2015;2016;2017;2018;2019;2020
12910099999,46.9166666,16.3166666,6,2015;2016;2017;2018;2019;2020
12915099999,46.8666666,16.8,6,2015;2016;2017;2018;2019;2020
12920099999,46.73556,17.23861,2,2019;2020
12922099999,46.6833333,17.1666666,6,2015;2016;2017;2018;2019;2020
12925099999,46.45,16.9666666,6,2015;2016;2017;2018;2019;2020
12930099999,46.3833333,17.8333333,6,2015;2016;2017;2018;2019;2020
12935099999,46.9166667,18.05,6,2015;2016;2017;2018;2019;2020
12942099999,45.990928,18.240983,6,2015;2016;2017;2018;2019;2020
12950099999,46.5833333,18.85,6,2015;2016;2017;2018;2019;2020
12960099999,46.1833333,19.0166666,6,2015;2016;2017;2018;2019;2020
12970099999,46.9175,19.749222,6,2015;2016;2017;2018;2019;2020
12982099999,46.25,20.1,6,2015;2016;2017;2018;2019;2020
12992099999,46.6833333,21.1666667,6,2015;2016;2017;2018;2019;2020
13014599999,45.899971,15.530194,6,2015;2016;2017;2018;2019;2020
13067099999,46.1,19.7666666,6,2015;2016;2017;2018;2019;2020
13116099999,45.216889,14.570267,6,2015;2016;2017;2018;2019;2020
13160099999,45.7666666,19.15,6,2015;2016;2017;2018;2019;2020
13168099999,45.3333333,19.85,6,2015;2016;2017;2018;2019;2020
13173099999,45.3666666,20.4166666,6,2015;2016;2017;2018;2019;2020
13174099999,45.85,20.4666666,6,2015;2016;2017;2018;2019;2020
13180099999,45.05,21.0333333,6,2015;2016;2017;2018;2019;2020
13183099999,45.146889,21.309889,6,2015;2016;2017;2018;2019;2020
13242099999,44.941444,17.297501,6,2015;2016;2017;2018;2019;2020
13262099999,44.55,19.2333333,6,2015;2016;2017;2018;2019;2020
13266099999,45.1,19.55,6,2015;2016;2017;2018;2019;2020
13269099999,44.3166666,19.9166666,6,2015;2016;2017;2018;2019;2020
13272099999,44.818444,20.309139,6,2015;2016;2017;2018;2019;2020
13272599999,44.935331,20.257506,6,2015;2016;2017;2018;2019;2020
13274099999,44.8,20.4666666,6,2015;2016;2017;2018;2019;2020
13278099999,44.0333333,20.9333333,6,2015;2016;2017;2018;2019;2020
13279099999,44.3666666,20.95,6,2015;2016;2017;2018;2019;2020
13285099999,44.75,21.5166666,6,2015;2016;2017;2018;2019;2020
13289099999,44.1166666,21.95,6,2015;2016;2017;2018;2019;2020
13295099999,44.2333333,22.55,6,2015;2016;2017;2018;2019;2020
13348099999,43.2829,17.845878,6,2015;2016;2017;2018;2019;2020
13353099999,43.824583,18.331467,6,2015;2016;2017;2018;2019;2020
13361099999,43.15,19.1333333,1,2020
13363099999,43.35,19.35,6,2015;2016;2017;2018;2019;2020
13367099999,43.7333333,19.7166666,6,2015;2016;2017;2018;2019;2020
13369099999,43.2833333,20.0,6,2015;2016;2017;2018;2019;2020
13370099999,43.8333333,20.0333333,6,2015;2016;2017;2018;2019;2020
13376099999,43.7,20.7,6,2015;2016;2017;2018;2019;2020
13376699999,43.9,19.7,6,2015;2016;2017;2018;2019;2020
13378099999,43.2833333,20.8,6,2015;2016;2017;2018;2019;2020
13383099999,43.5666666,21.35,6,2015;2016;2017;2018;2019;2020
13384099999,43.9333333,21.3833333,6,2015;2016;2017;2018;2019;2020
13388099999,43.337289,21.853722,6,2015;2016;2017;2018;2019;2020
13389099999,42.9833333,21.95,6,2015;2016;2017;2018;2019;2020
13397099999,43.0166666,22.75,6,2015;2016;2017;2018;2019;2020
13457099999,42.404664,18.723286,6,2015;2016;2017;2018;2019;2020
13459099999,42.7666666,18.95,6,2015;2016;2017;2018;2019;2020
13461099999,42.1,19.1,6,2015;2016;2017;2018;2019;2020
13461599999,41.1,20.8166666,6,2015;2016;2017;2018;2019;2020
13462099999,42.3666666,19.25,6,2015;2016;2017;2018;2019;2020
13462499999,42.4333333,19.2833333,6,2015;2016;2017;2018;2019;2020
13463099999,42.4333333,19.2833333,6,2015;2016;2017;2018;2019;2020
13481199999,42.57,21.03,6,2015;2016;2017;2018;2019;2020
13489099999,42.55,21.9166666,6,2015;2016;2017;2018;2019;2020
13493099999,42.2,22.3333333,6,2015;2016;2017;2018;2019;2020
13571099999,42.0,20.9666666,6,2015;2016;2017;2018;2019;2020
13575099999,41.85,20.8666666,6,2015;2016;2017;2018;2019;2020
13576099999,41.7,20.75,6,2015;2016;2017;2018;2019;2020
13577099999,41.5333333,20.7,6,2015;2016;2017;2018;2019;2020
13578099999,41.179956,20.742325,6,2015;2016;2017;2018;2019;2020
13580099999,40.9833333,21.0666666,6,2015;2016;2017;2018;2019;2020
13581099999,41.2166666,21.4666666,6,2015;2016;2017;2018;2019;2020
13583099999,41.05,21.3666666,6,2015;2016;2017;2018;2019;2020
13585099999,41.3333333,21.5666666,6,2015;2016;2017;2018;2019;2020
13586099999,41.961622,21.621381,6,2015;2016;2017;2018;2019;2020
13588099999,42.0166666,21.4,6,2015;2016;2017;2018;2019;2020
13589099999,42.1333333,21.7166666,1,2015
13590099999,41.9,21.85,6,2015;2016;2017;2018;2019;2020
13591099999,41.75,22.1833333,6,2015;2016;2017;2018;2019;2020
13592099999,41.4166666,22.25,6,2015;2016;2017;2018;2019;2020
13593099999,41.3,22.4166666,3,2015;2016;2019
13594099999,41.8833333,22.5,6,2015;2016;2017;2018;2019;2020
13595099999,41.4333333,22.65,6,2015;2016;2017;2018;2019;2020
13597099999,41.15,22.5,6,2015;2016;2017;2018;2019;2020
13598099999,41.7166666,22.85,6,2015;2016;2017;2018;2019;2020
13600099999,42.1,19.5333333,6,2015;2016;2017;2018;2019;2020
13601099999,41.3333333,19.8,6,2015;2016;2017;2018;2019;2020
13610099999,42.0333333,20.4166666,6,2015;2016;2017;2018;2019;2020
13611099999,41.3,19.45,6,2015;2016;2017;2018;2019;2020
13615099999,41.414742,19.720561,6,2015;2016;2017;2018;2019;2020
13619099999,41.6833333,20.4333333,6,2015;2016;2017;2018;2019;2020
13622099999,40.4666666,19.4833333,6,2015;2016;2017;2018;2019;2020
13623099999,40.5,19.2833333,6,2015;2016;2017;2018;2019;2020
13624099999,40.8,19.9,6,2015;2016;2017;2018;2019;2020
13625099999,40.0833333,20.15,6,2015;2016;2017;2018;2019;2020
13629099999,40.6,20.7666666,6,2015;2016;2017;2018;2019;2020
14006099999,46.2666666,13.8333333,6,2015;2016;2017;2018;2019;2020
14007099999,46.5,13.7166666,6,2015;2016;2017;2018;2019;2020
14008099999,46.3833333,13.85,6,2015;2016;2017;2018;2019;2020
14009099999,46.0333333,13.9,6,2015;2016;2017;2018;2019;2020
14010099999,46.3666666,14.1833333,6,2015;2016;2017;2018;2019;2020
14012099999,46.1,14.3666666,6,2015;2016;2017;2018;2019;2020
14014099999,46.223686,14.457611,6,2015;2016;2017;2018;2019;2020
14015099999,46.0666666,14.5166666,6,2015;2016;2017;2018;2019;2020
14021099999,46.4833333,15.1166666,6,2015;2016;2017;2018;2019;2020
14023099999,46.2333333,15.2333333,6,2015;2016;2017;2018;2019;2020
14024099999,46.0666666,15.2833333,6,2015;2016;2017;2018;2019;2020
14026099999,46.479861,15.686131,6,2015;2016;2017;2018;2019;2020
14031099999,46.65,16.2,6,2015;2016;2017;2018;2019;2020
14105099999,45.473353,13.614978,6,2015;2016;2017;2018;2019;2020
14106099999,45.9,13.6333333,6,2015;2016;2017;2018;2019;2020
14112099999,45.7666666,14.2,6,2015;2016;2017;2018;2019;2020
14118099999,45.65,14.85,6,2015;2016;2017;2018;2019;2020
14120099999,45.5666666,15.15,6,2015;2016;2017;2018;2019;2020
14121099999,45.8,15.1833333,6,2015;2016;2017;2018;2019;2020
14122099999,45.9,15.5166666,6,2015;2016;2017;2018;2019;2020
14216099999,45.3333333,14.45,6,2015;2016;2017;2018;2019;2020
14219099999,45.6,14.6333333,6,2015;2016;2017;2018;2019;2020
14232099999,45.5,15.5666666,6,2015;2016;2017;2018;2019;2020
14234099999,46.1333333,15.8833333,6,2015;2016;2017;2018;2019;2020
14235099999,45.9166666,15.9666666,6,2015;2016;2017;2018;2019;2020
14236099999,45.8,15.9666666,6,2015;2016;2017;2018;2019;2020
14240099999,45.8166667,16.0333333,6,2015;2016;2017;2018;2019;2020
14241099999,45.742931,16.068778,6,2015;2016;2017;2018;2019;2020
14244099999,45.5,16.3666666,6,2015;2016;2017;2018;2019;2020
14246099999,46.294724,16.38125,6,2015;2016;2017;2018;2019;2020
14248099999,46.0333333,16.55,6,2015;2016;2017;2018;2019;2020
14253099999,45.9166666,16.8666666,6,2015;2016;2017;2018;2019;2020
14253199999,44.5666667,14.4,6,2015;2016;2017;2018;2019;2020
14256099999,45.8833333,17.2,6,2015;2016;2017;2018;2019;2020
14258099999,45.6,17.2333333,6,2015;2016;2017;2018;2019;2020
14280099999,45.5,18.5666666,6,2015;2016;2017;2018;2019;2020
14284099999,45.462667,18.810156,6,2015;2016;2017;2018;2019;2020
14303099999,45.05,13.6166666,1,2020
14307099999,44.893533,13.922192,6,2015;2016;2017;2018;2019;2020
14308099999,45.2333333,13.9333333,6,2015;2016;2017;2018;2019;2020
14314099999,44.5333333,14.4833333,6,2015;2016;2017;2018;2019;2020
14321099999,44.75,14.7666666,6,2015;2016;2017;2018;2019;2020
14323099999,45.0,14.9,6,2015;2016;2017;2018;2019;2020
14324099999,44.8166666,14.9833333,6,2015;2016;2017;2018;2019;2020
14328099999,45.2666666,15.2333333,6,2015;2016;2017;2018;2019;2020
14330099999,44.55,15.3666666,6,2015;2016;2017;2018;2019;2020
14370099999,45.1666667,18.0,6,2015;2016;2017;2018;2019;2020
14382099999,45.15,18.7,6,2015;2016;2017;2018;2019;2020
14428099999,44.1333333,15.2166666,6,2015;2016;2017;2018;2019;2020
14431099999,44.108269,15.346697,6,2015;2016;2017;2018;2019;2020
14438099999,43.7333333,15.9166666,6,2015;2016;2017;2018;2019;2020
14441099999,43.05,16.1,6,2015;2016;2017;2018;2019;2020
14442099999,44.0333333,16.2,6,2015;2016;2017;2018;2019;2020
14443099999,42.4,16.2666666,6,2015;2016;2017;2018;2019;2020
14444099999,43.538944,16.297964,6,2015;2016;2017;2018;2019;2020
14445099999,43.5166666,16.4333333,6,2015;2016;2017;2018;2019;2020
14446099999,43.285719,16.679719,6,2015;2016;2017;2018;2019;2020
14447099999,43.1666667,16.45,6,2015;2016;2017;2018;2019;2020
14452099999,42.7666666,16.9,6,2015;2016;2017;2018;2019;2020
14454099999,43.2833333,17.0166666,6,2015;2016;2017;2018;2019;2020
14462099999,43.05,17.45,6,2015;2016;2017;2018;2019;2020
14472099999,42.65,18.0833333,6,2015;2016;2017;2018;2019;2020
14474099999,42.561353,18.268244,6,2015;2016;2017;2018;2019;2020
14528099999,44.8166666,15.8833333,6,2015;2016;2017;2018;2019;2020
14537099999,44.7666666,16.7,6,2015;2016;2017;2018;2019;2020
14542099999,44.7833333,17.2166666,6,2015;2016;2017;2018;2019;2020
14543099999,44.35,17.2666666,6,2015;2016;2017;2018;2019;2020
14544099999,44.0666666,17.4666666,6,2015;2016;2017;2018;2019;2020
14549099999,44.2166666,17.9,6,2015;2016;2017;2018;2019;2020
14554099999,44.8833333,18.4333333,6,2015;2016;2017;2018;2019;2020
14557099999,44.55,18.7,6,2015;2016;2017;2018;2019;2020
14640099999,43.8333333,17.0166667,6,2015;2016;2017;2018;2019;2020
14648099999,43.35,17.8,6,2015;2016;2017;2018;2019;2020
14650099999,43.7666666,18.0333333,6,2015;2016;2017;2018;2019;2020
14652099999,43.7166666,18.2666666,6,2015;2016;2017;2018;2019;2020
14654099999,43.8666666,18.4333333,6,2015;2016;2017;2018;2019;2020
14657099999,42.9166666,17.6,6,2015;2016;2017;2018;2019;2020
15000099999,48.2,26.5833333,6,2015;2016;2017;2018;2019;2020
15000199999,45.21,26.97,6,2015;2016;2017;2018;2019;2020
15000299999,44.3833333,27.7166666,5,2016;2017;2018;2019;2020
15004099999,47.9333333,23.9,6,2015;2016;2017;2018;2019;2020
15007099999,47.8333333,25.9,6,2015;2016;2017;2018;2019;2020
15010099999,47.703414,22.885606,6,2015;2016;2017;2018;2019;2020
15014099999,47.658389,23.470022,6,2015;2016;2017;2018;2019;2020
15015099999,47.7333333,23.95,6,2015;2016;2017;2018;2019;2020
15020099999,47.7333333,26.65,6,2015;2016;2017;2018;2019;2020
15023099999,47.6875,26.354056,6,2015;2016;2017;2018;2019;2020
15025099999,47.8333333,27.2166666,6,2015;2016;2017;2018;2019;2020
15033099999,47.6,24.65,6,2015;2016;2017;2018;2019;2020
15042099999,47.35,22.1,6,2015;2016;2017;2018;2019;2020
15044099999,47.45,22.7833333,6,2015;2016;2017;2018;2019;2020
15047099999,47.4333333,23.8666666,6,2015;2016;2017;2018;2019;2020
15056099999,47.3666666,26.9333333,6,2015;2016;2017;2018;2019;2020
15063099999,47.1833333,23.05,6,2015;2016;2017;2018;2019;2020
15069099999,47.3166666,25.1333333,6,2015;2016;2017;2018;2019;2020
15073099999,47.2166666,26.3833333,6,2015;2016;2017;2018;2019;2020
15080099999,47.025278,21.9025,6,2015;2016;2017;2018;2019;2020
15083099999,47.1333333,23.9,6,2015;2016;2017;2018;2019;2020
15085099999,47.15,24.5166666,6,2015;2016;2017;2018;2019;2020
15088099999,47.1,25.25,6,2015;2016;2017;2018;2019;2020
15090099999,47.178492,27.620631,6,2015;2016;2017;2018;2019;2020
15094099999,47.0166666,27.5833333,6,2015;2016;2017;2018;2019;2020
15095099999,46.9833333,22.6,6,2015;2016;2017;2018;2019;2020
15099099999,46.85,23.0325,6,2015;2016;2017;2018;2019;2020
15107099999,46.9333333,25.3666666,6,2015;2016;2017;2018;2019;2020
15108099999,46.9833333,25.95,6,2015;2016;2017;2018;2019;2020
15109099999,46.9166666,26.3833333,6,2015;2016;2017;2018;2019;2020
15111099999,46.9666666,26.9166666,6,2015;2016;2017;2018;2019;2020
15113099999,46.85,27.45,6,2015;2016;2017;2018;2019;2020
15117099999,46.7833333,22.1166666,6,2015;2016;2017;2018;2019;2020
15118099999,46.6833333,22.6166666,6,2015;2016;2017;2018;2019;2020
15119099999,46.7666666,22.8,6,2015;2016;2017;2018;2019;2020
15120099999,46.785111,23.686167,6,2015;2016;2017;2018;2019;2020
15123099999,46.75,24.1666666,6,2015;2016;2017;2018;2019;2020
15124099999,46.8833333,24.65,6,2015;2016;2017;2018;2019;2020
15127099999,46.7,25.5166666,6,2015;2016;2017;2018;2019;2020
15136099999,46.5333333,21.5333333,6,2015;2016;2017;2018;2019;2020
15138099999,46.6333333,22.1666666,6,2015;2016;2017;2018;2019;2020
15143099999,46.5833333,23.7833333,6,2015;2016;2017;2018;2019;2020
15145099999,46.467714,24.412525,6,2015;2016;2017;2018;2019;2020
15148099999,46.65,25.3,6,2015;2016;2017;2018;2019;2020
15150099999,46.521946,26.910278,6,2015;2016;2017;2018;2019;2020
15154099999,46.65,27.7166666,6,2015;2016;2017;2018;2019;2020
15160099999,46.5333333,22.4666666,6,2015;2016;2017;2018;2019;2020
15162099999,46.3666666,23.05,6,2015;2016;2017;2018;2019;2020
15163099999,46.5333333,23.3166666,6,2015;2016;2017;2018;2019;2020
15165099999,46.3666666,24.2333333,6,2015;2016;2017;2018;2019;2020
15168099999,46.3,25.3,6,2015;2016;2017;2018;2019;2020
15170099999,46.3666666,25.7333333,6,2015;2016;2017;2018;2019;2020
15179099999,46.25,21.65,6,2015;2016;2017;2018;2019;2020
15182099999,46.2666666,22.3333333,6,2015;2016;2017;2018;2019;2020
15184099999,46.3166666,23.1333333,6,2015;2016;2017;2018;2019;2020
15189099999,46.2333333,24.6,6,2015;2016;2017;2018;2019;2020
15194099999,46.2666666,26.65,6,2015;2016;2017;2018;2019;2020
15197099999,46.2333333,27.65,6,2015;2016;2017;2018;2019;2020
15199099999,46.0666666,20.6,6,2015;2016;2017;2018;2019;2020
15200099999,46.17655,21.262022,6,2015;2016;2017;2018;2019;2020
15204099999,46.0166666,22.15,6,2015;2016;2017;2018;2019;2020
15206099999,46.1666666,22.7261111,6,2015;2016;2017;2018;2019;2020
15208099999,46.0666666,23.5666666,6,2015;2016;2017;2018;2019;2020
15209099999,46.1833333,23.9333333,6,2015;2016;2017;2018;2019;2020
15215099999,46.0833333,25.6,6,2015;2016;2017;2018;2019;2020
15217099999,46.0,26.1333333,6,2015;2016;2017;2018;2019;2020
15219099999,46.1,27.1666666,6,2015;2016;2017;2018;2019;2020
15230099999,45.8666666,22.9,6,2015;2016;2017;2018;2019;2020
15231099999,45.9666666,23.5333333,6,2015;2016;2017;2018;2019;2020
15235099999,45.8333333,24.9333333,6,2015;2016;2017;2018;2019;2020
15238099999,45.8666666,25.8166666,6,2015;2016;2017;2018;2019;2020
15245099999,45.7833333,20.7,6,2015;2016;2017;2018;2019;2020
15247099999,45.809861,21.337861,6,2015;2016;2017;2018;2019;2020
15254099999,45.65,23.9333333,6,2015;2016;2017;2018;2019;2020
15260099999,45.785597,24.091342,6,2015;2016;2017;2018;2019;2020
15261099999,45.6833333,26.0166666,6,2015;2016;2017;2018;2019;2020
15262099999,45.8166666,26.3833333,6,2015;2016;2017;2018;2019;2020
15264099999,45.7,27.2,6,2015;2016;2017;2018;2019;2020
15265099999,45.85,27.4166666,6,2015;2016;2017;2018;2019;2020
15270099999,45.6833333,21.9333333,6,2015;2016;2017;2018;2019;2020
15277099999,45.65,24.2666666,6,2015;2016;2017;2018;2019;2020
15279099999,45.6,24.6166666,6,2015;2016;2017;2018;2019;2020
15280099999,45.45,25.45,6,2015;2016;2017;2018;2019;2020
15284099999,45.6,26.4166666,6,2015;2016;2017;2018;2019;2020
15285099999,45.55,26.7,6,2015;2016;2017;2018;2019;2020
15289099999,45.3833333,21.1333333,6,2015;2016;2017;2018;2019;2020
15292099999,45.42,22.253333,6,2015;2016;2017;2018;2019;2020
15296099999,45.4166666,23.3833333,6,2015;2016;2017;2018;2019;2020
15297099999,45.4333333,23.6333333,6,2015;2016;2017;2018;2019;2020
15300099999,45.7,25.5333333,6,2015;2016;2017;2018;2019;2020
15301099999,45.4333333,25.2666666,6,2015;2016;2017;2018;2019;2020
15302099999,45.5,25.5833333,6,2015;2016;2017;2018;2019;2020
15307099999,45.3833333,27.05,6,2015;2016;2017;2018;2019;2020
15310099999,45.4833333,28.0333333,6,2015;2016;2017;2018;2019;2020
15314099999,45.3,21.9166666,6,2015;2016;2017;2018;2019;2020
15315099999,45.1833333,22.05,6,2015;2016;2017;2018;2019;2020
15316099999,45.3,22.5166666,6,2015;2016;2017;2018;2019;2020
15317099999,45.2833333,22.5333333,6,2015;2016;2017;2018;2019;2020
15319099999,45.4166666,23.9666666,6,2015;2016;2017;2018;2019;2020
15320099999,45.3833333,23.4666666,6,2015;2016;2017;2018;2019;2020
15324099999,45.2833333,25.0333333,6,2015;2016;2017;2018;2019;2020
15325099999,45.35,25.5,6,2015;2016;2017;2018;2019;2020
15328099999,45.3166666,26.3666666,6,2015;2016;2017;2018;2019;2020
15333099999,45.2,27.9166666,6,2015;2016;2017;2018;2019;2020
15335099999,45.062486,28.714311,6,2015;2016;2017;2018;2019;2020
15336099999,45.1833333,29.1666666,6,2015;2016;2017;2018;2019;2020
15337099999,45.0833333,29.0666666,6,2015;2016;2017;2018;2019;2020
15338099999,45.0333333,21.6833333,6,2015;2016;2017;2018;2019;2020
15340099999,45.0333333,23.2666666,6,2015;2016;2017;2018;2019;2020
15341099999,45.0,22.8666666,6,2015;2016;2017;2018;2019;2020
15344099999,45.1833333,23.8166666,6,2015;2016;2017;2018;2019;2020
15345099999,45.0,24.5333333,6,2015;2016;2017;2018;2019;2020
15346099999,45.1,24.3666666,6,2015;2016;2017;2018;2019;2020
15347099999,45.1666666,24.6666666,6,2015;2016;2017;2018;2019;2020
15349099999,45.1436111,25.75,6,2015;2016;2017;2018;2019;2020
15350099999,45.15,26.8166666,6,2015;2016;2017;2018;2019;2020
15360099999,45.1666666,29.7333333,6,2015;2016;2017;2018;2019;2020
15364099999,44.9166666,22.0,6,2015;2016;2017;2018;2019;2020
15366099999,44.8833333,22.4166666,6,2015;2016;2017;2018;2019;2020
15369099999,44.8833333,23.7,6,2015;2016;2017;2018;2019;2020
15373099999,44.85,24.8166666,6,2015;2016;2017;2018;2019;2020
15375099999,44.9333333,25.4333333,6,2015;2016;2017;2018;2019;2020
15377099999,44.95,26.0,6,2015;2016;2017;2018;2019;2020
15387099999,44.9,29.6,6,2015;2016;2017;2018;2019;2020
15388099999,44.7166666,21.6333333,6,2015;2016;2017;2018;2019;2020
15395099999,44.6666666,24.2333333,6,2015;2016;2017;2018;2019;2020
15402099999,44.7166666,26.65,6,2015;2016;2017;2018;2019;2020
15405099999,44.75,27.3,6,2015;2016;2017;2018;2019;2020
15406099999,44.6833333,27.95,6,2015;2016;2017;2018;2019;2020
15408099999,44.7333333,28.35,6,2015;2016;2017;2018;2019;2020
15409099999,44.7666666,28.8833333,6,2015;2016;2017;2018;2019;2020
15410099999,44.6333333,22.6333333,6,2015;2016;2017;2018;2019;2020
15412099999,44.4833333,23.1166666,6,2015;2016;2017;2018;2019;2020
15416099999,44.5666666,24.8,6,2015;2016;2017;2018;2019;2020
15419099999,44.65,25.5833333,6,2015;2016;2017;2018;2019;2020
15420099999,44.503194,26.102111,6,2015;2016;2017;2018;2019;2020
15421099999,44.570992,26.085119,6,2015;2016;2017;2018;2019;2020
15421599999,46.502281,23.885914,6,2015;2016;2017;2018;2019;2020
15422099999,44.4166666,26.1,6,2015;2016;2017;2018;2019;2020
15425099999,44.55,27.4,6,2015;2016;2017;2018;2019;2020
15428099999,44.6833333,29.0,6,2015;2016;2017;2018;2019;2020
15434099999,44.4333333,24.35,6,2015;2016;2017;2018;2019;2020
15444099999,44.3666666,27.85,6,2015;2016;2017;2018;2019;2020
15445099999,44.35,28.05,6,2015;2016;2017;2018;2019;2020
15450099999,44.318139,23.888611,6,2015;2016;2017;2018;2019;2020
15455099999,44.2833333,25.5333333,6,2015;2016;2017;2018;2019;2020
15460099999,44.2,27.35,6,2015;2016;2017;2018;2019;2020
15462099999,44.25,28.2666666,6,2015;2016;2017;2018;2019;2020
15465099999,44.0166666,23.3333333,6,2015;2016;2017;2018;2019;2020
15469099999,44.1,24.3666666,6,2015;2016;2017;2018;2019;2020
15470099999,44.1,24.9833333,6,2015;2016;2017;2018;2019;2020
15475099999,44.0666666,26.6333333,6,2015;2016;2017;2018;2019;2020
15479099999,44.0833333,27.9666666,6,2015;2016;2017;2018;2019;2020
15480099999,44.2166666,28.65,6,2015;2016;2017;2018;2019;2020
15481099999,44.362222,28.488333,6,2015;2016;2017;2018;2019;2020
15482099999,43.9833333,22.95,6,2015;2016;2017;2018;2019;2020
15489099999,43.9833333,25.35,6,2015;2016;2017;2018;2019;2020
15490099999,43.75,24.8833333,6,2015;2016;2017;2018;2019;2020
15491099999,43.8833333,25.95,6,2015;2016;2017;2018;2019;2020
15493199999,43.9852138,28.6066111,6,2015;2016;2017;2018;2019;2020
15494099999,43.7833333,23.95,6,2015;2016;2017;2018;2019;2020
15498099999,43.6666666,25.35,6,2015;2016;2017;2018;2019;2020
15499099999,43.8166666,28.5833333,6,2015;2016;2017;2018;2019;2020
15501099999,44.1666666,22.8,2,2016;2018
15502099999,43.9833333,22.85,6,2015;2016;2017;2018;2019;2020
15505099999,43.2,23.5333333,1,2018
15507099999,43.4166666,23.2166666,1,2018
15511099999,43.8166666,23.25,1,2018
15514099999,43.6833333,23.9666666,1,2018
15525099999,43.15,24.7,6,2015;2016;2017;2018;2019;2020
15525399999,43.151444,25.712889,6,2015;2016;2017;2018;2019;2020
15525499999,43.45,24.5,4,2017;2018;2019;2020
15525599999,42.29,24.73,5,2016;2017;2018;2019;2020
15525699999,42.45,26.35,4,2017;2018;2019;2020
15525799999,43.4166666,28.1833333,4,2017;2018;2019;2020
15528099999,43.4,24.6,1,2018
15530099999,43.0833333,25.65,1,2018
15533099999,43.6166666,25.35,1,2018
15535099999,43.85,25.95,1,2018
15549099999,43.5666666,26.5,6,2015;2016;2017;2018;2019;2020
15550099999,44.1166666,27.2666666,1,2018
15552099999,43.232072,27.825106,6,2015;2016;2017;2018;2019;2020
15561099999,43.5333333,28.5333333,1,2018
15562099999,43.3666666,28.4666666,1,2018
15600099999,42.8333333,23.6666666,6,2015;2016;2017;2018;2019;2020
15601099999,42.2666666,22.7666666,1,2018
15605099999,42.9333333,22.9333333,2,2015;2018
15613099999,42.5833333,23.2666666,1,2018
15614099999,42.695194,23.406167,6,2015;2016;2017;2018;2019;2020
15615099999,42.1833333,23.5833333,6,2015;2016;2017;2018;2019;2020
15625099999,42.067806,24.850833,6,2015;2016;2017;2018;2019;2020
15626099999,42.0666666,24.85,1,2018
15627099999,42.6666666,24.8333333,2,2018;2019
15628099999,42.2166666,24.3333333,1,2018
15635099999,42.2,25.3333333,1,2018
15640099999,42.6666666,26.3333333,6,2015;2016;2017;2018;2019;2020
15642099999,42.1833333,26.5666666,1,2018
15655099999,42.569583,27.515236,6,2015;2016;2017;2018;2019;2020
15661099999,42.1,27.85,1,2018
15712099999,41.55,23.2666666,6,2015;2016;2017;2018;2019;2020
15726099999,41.8833333,24.7333333,2,2018;2019
15730099999,41.65,25.3833333,6,2015;2016;2017;2018;2019;2020
16008099999,46.75,10.5333333,6,2015;2016;2017;2018;2019;2020
16008399999,46.8333333,10.5,6,2015;2016;2017;2018;2019;2020
16014099999,46.8833333,11.4333333,6,2015;2016;2017;2018;2019;2020
16020099999,46.460194,11.326383,6,2015;2016;2017;2018;2019;2020
16021099999,46.3,11.7833333,6,2015;2016;2017;2018;2019;2020
16022099999,46.15,11.0333333,6,2015;2016;2017;2018;2019;2020
16023099999,46.0166666,11.1166666,5,2016;2017;2018;2019;2020
16033099999,46.7333333,12.2166667,6,2015;2016;2017;2018;2019;2020
16036099999,46.031889,12.596472,6,2015;2016;2017;2018;2019;2020
16040099999,46.5,13.5833333,6,2015;2016;2017;2018;2019;2020
16045099999,45.97875,13.049331,6,2015;2016;2017;2018;2019;2020
16052099999,45.9333333,7.7,6,2015;2016;2017;2018;2019;2020
16054099999,45.7333333,7.35,6,2015;2016;2017;2018;2019;2020
16058099999,44.9333333,6.8166666,6,2015;2016;2017;2018;2019;2020
16059099999,45.200761,7.649631,6,2015;2016;2017;2018;2019;2020
16059599999,45.086353,7.603375,6,2015;2016;2017;2018;2019;2020
16060099999,45.1166666,7.6166666,6,2015;2016;2017;2018;2019;2020
16061099999,45.0333333,7.7333333,6,2015;2016;2017;2018;2019;2020
16064099999,45.529592,8.669225,6,2015;2016;2017;2018;2019;2020
16066099999,45.630606,8.728111,6,2015;2016;2017;2018;2019;2020
16068099999,45.1,8.45,5,2016;2017;2018;2019;2020
16076099999,45.673889,9.704166,6,2015;2016;2017;2018;2019;2020
16080099999,45.445103,9.276739,6,2015;2016;2017;2018;2019;2020
16081099999,45.4666666,9.2666666,4,2015;2016;2017;2018
16084099999,44.913055,9.723333,6,2015;2016;2017;2018;2019;2020
16088099999,45.432167,10.267667,6,2015;2016;2017;2018;2019;2020
16089099999,45.4666666,10.55,6,2015;2016;2017;2018;2019;2020
16090099999,45.395706,10.888533,6,2015;2016;2017;2018;2019;2020
16094099999,45.573411,11.52955,1,2015
16095099999,45.4,11.85,6,2015;2016;2017;2018;2019;2020
16098099999,45.684867,12.082881,6,2015;2016;2017;2018;2019;2020
16099099999,45.6484,12.194422,6,2015;2016;2017;2018;2019;2020
16101099999,45.4333333,12.3833333,5,2016;2017;2018;2019;2020
16105099999,45.505142,12.351883,6,2015;2016;2017;2018;2019;2020
16107099999,45.75,12.85,6,2015;2016;2017;2018;2019;2020
16108099999,45.8275,13.472222,6,2015;2016;2017;2018;2019;2020
16110099999,45.65,13.75,6,2015;2016;2017;2018;2019;2020
16111099999,44.2333333,8.2,6,2015;2016;2017;2018;2019;2020
16114099999,44.3833333,7.8166666,6,2015;2016;2017;2018;2019;2020
16115099999,44.25,7.8,6,2015;2016;2017;2018;2019;2020
16119099999,44.6333333,8.9333333,6,2015;2016;2017;2018;2019;2020
16120099999,44.411953,8.841875,6,2015;2016;2017;2018;2019;2020
16121099999,44.4,8.9,6,2015;2016;2017;2018;2019;2020
16122099999,44.050608,8.127428,6,2015;2016;2017;2018;2019;2020
16123099999,44.3166666,9.3333333,6,2015;2016;2017;2018;2019;2020
16124099999,44.4333333,9.9333333,5,2015;2016;2017;2018;2019
16125099999,44.0833333,9.9833333,6,2015;2016;2017;2018;2019;2020
16128099999,44.65,10.95,1,2016
16129099999,44.0333333,9.8333333,6,2015;2016;2017;2018;2019;2020
16130099999,44.8166666,10.2833333,1,2016
16132099999,44.5333333,11.2833333,6,2015;2016;2017;2018;2019;2020
16133099999,44.8,11.6,6,2015;2016;2017;2018;2019;2020
16134099999,44.2,10.7,6,2015;2016;2017;2018;2019;2020
16138099999,44.8333333,11.6166667,6,2015;2016;2017;2018;2019;2020
16140099999,44.535444,11.288667,6,2015;2016;2017;2018;2019;2020
16146099999,44.45,12.3,5,2015;2016;2018;2019;2020
16147099999,44.194753,12.070094,6,2015;2016;2017;2018;2019;2020
16148099999,44.224175,12.307203,6,2015;2016;2017;2018;2019;2020
16149099999,44.020292,12.611747,6,2015;2016;2017;2018;2019;2020
16153099999,43.95,8.1666667,6,2015;2016;2017;2018;2019;2020
16154099999,43.4333333,9.9,1,2019
16158099999,43.683917,10.39275,6,2015;2016;2017;2018;2019;2020
16164099999,43.4,10.8666667,1,2017
16168099999,42.3833333,11.1666667,6,2015;2016;2017;2018;2019;2020
16170099999,43.809953,11.2051,6,2015;2016;2017;2018;2019;2020
16171099999,43.7833333,11.2166666,6,2015;2016;2017;2018;2019;2020
16172099999,43.4666667,11.85,6,2015;2016;2017;2018;2019;2020
16179099999,43.5166667,12.7333333,6,2015;2016;2017;2018;2019;2020
16181099999,43.095906,12.513222,6,2015;2016;2017;2018;2019;2020
16190099999,43.6166666,13.5333333,6,2015;2016;2017;2018;2019;2020
16191099999,43.616342,13.362319,6,2015;2016;2017;2018;2019;2020
16192099999,43.4333333,13.5833333,5,2015;2016;2017;2018;2019
16197099999,42.7333333,10.4,6,2015;2016;2017;2018;2019;2020
16204099999,42.9,11.7666667,6,2015;2016;2017;2018;2019;2020
16206099999,42.759722,11.071944,6,2015;2016;2017;2018;2019;2020
16210099999,42.0,12.0166666,2,2015;2016
16214099999,42.0166666,11.8166666,6,2015;2016;2017;2018;2019;2020
16215099999,42.02,11.82,6,2015;2016;2017;2018;2019;2020
16216099999,42.430183,12.064156,6,2015;2016;2017;2018;2019;2020
16218099999,42.4333333,12.05,5,2015;2016;2017;2018;2019
16219099999,42.4666667,12.9833333,6,2015;2016;2017;2018;2019;2020
16221099999,42.4166667,12.85,6,2015;2016;2017;2018;2019;2020
16224099999,42.0833333,12.2166667,6,2015;2016;2017;2018;2019;2020
16227099999,41.9833333,13.6,4,2015;2016;2017;2018
16230099999,42.431656,14.181067,6,2015;2016;2017;2018;2019;2020
16231099999,41.7,15.95,6,2015;2016;2017;2018;2019;2020
16232099999,42.0,15.0,6,2015;2016;2017;2018;2019;2020
16234099999,41.990278,12.740833,6,2015;2016;2017;2018;2019;2020
16235099999,41.951946,12.498889,6,2015;2016;2017;2018;2019;2020
16239099999,41.799361,12.594936,6,2015;2016;2017;2018;2019;2020
16242099999,41.804475,12.250797,6,2015;2016;2017;2018;2019;2020
16243099999,41.542436,12.909019,6,2015;2016;2017;2018;2019;2020
16244099999,41.6333333,13.3,6,2015;2016;2017;2018;2019;2020
16245099999,41.659372,12.445156,6,2015;2016;2017;2018;2019;2020
16247099999,41.55,12.9,4,2015;2016;2017;2018
16249099999,41.2166667,13.05,3,2015;2016;2018
16252099999,41.5666667,14.65,6,2015;2016;2017;2018;2019;2020
16253099999,41.060833,14.081944,6,2015;2016;2017;2018;2019;2020
16258099999,41.7,15.95,6,2015;2016;2017;2018;2019;2020
16259199999,44.824483,10.296367,6,2015;2016;2017;2018;2019;2020
16259299999,44.547019,7.623217,6,2015;2016;2017;2018;2019;2020
16259399999,45.428889,10.330556,6,2015;2016;2017;2018;2019;2020
16260099999,41.4333333,15.5333333,6,2015;2016;2017;2018;2019;2020
16261099999,41.541392,15.718083,6,2015;2016;2017;2018;2019;2020
16263099999,41.05,15.2333333,6,2015;2016;2017;2018;2019;2020
16266099999,41.8833333,16.1666666,6,2015;2016;2017;2018;2019;2020
16270099999,41.1333333,16.7666666,6,2015;2016;2017;2018;2019;2020
16271099999,41.1166666,16.8833333,5,2016;2017;2018;2019;2020
16280099999,40.9166667,12.95,6,2015;2016;2017;2018;2019;2020
16288099999,41.0666666,14.3166666,6,2015;2016;2017;2018;2019;2020
16289034113,40.9,14.3,6,2015;2016;2017;2018;2019;2020
16292399999,40.6204,14.911294,6,2015;2016;2017;2018;2019;2020
16294099999,40.55,14.25,6,2015;2016;2017;2018;2019;2020
16310099999,40.0166667,15.2833333,6,2015;2016;2017;2018;2019;2020
16312099999,40.767833,16.933333,6,2015;2016;2017;2018;2019;2020
16314099999,40.65,16.7,6,2015;2016;2017;2018;2019;2020
16316099999,40.0833333,16.0166666,6,2015;2016;2017;2018;2019;2020
16317099999,40.0833333,16.0166667,6,2015;2016;2017;2018;2019;2020
16318099999,40.6333333,17.2166666,6,2015;2016;2017;2018;2019;2020
16320099999,40.657633,17.947033,6,2015;2016;2017;2018;2019;2020
16324099999,40.517514,17.403212,6,2015;2016;2017;2018;2019;2020
16325099999,40.4333333,16.8833333,6,2015;2016;2017;2018;2019;2020
16332099999,40.239228,18.133325,6,2015;2016;2017;2018;2019;2020
16333099999,40.2333333,18.1333333,4,2015;2016;2017;2018
16334099999,40.1,18.4833333,6,2015;2016;2017;2018;2019;2020
16337099999,39.5833333,15.8833333,6,2015;2016;2017;2018;2019;2020
16344099999,39.3333333,16.4,6,2015;2016;2017;2018;2019;2020
16344599999,39.3333333,16.4,6,2015;2016;2017;2018;2019;2020
16350099999,38.997225,17.080169,6,2015;2016;2017;2018;2019;2020
16360099999,39.8166667,18.35,6,2015;2016;2017;2018;2019;2020
16362099999,38.905394,16.242269,6,2015;2016;2017;2018;2019;2020
16364099999,38.75,16.3666666,6,2015;2016;2017;2018;2019;2020
16365099999,38.9,16.6,6,2015;2016;2017;2018;2019;2020
16400099999,38.7,13.1833333,6,2015;2016;2017;2018;2019;2020
16405099999,38.175958,13.091019,6,2015;2016;2017;2018;2019;2020
16409099999,38.1166666,13.3166666,1,2017
16415099999,38.5666666,14.85,6,2015;2016;2017;2018;2019;2020
16416099999,38.8,15.2333333,6,2015;2016;2017;2018;2019;2020
16420099999,38.2,15.55,6,2015;2016;2017;2018;2019;2020
16422099999,38.071206,15.651556,6,2015;2016;2017;2018;2019;2020
16429099999,37.911403,12.487961,6,2015;2016;2017;2018;2019;2020
16434099999,37.7166667,13.4333333,6,2015;2016;2017;2018;2019;2020
16435099999,37.7166666,13.4333333,1,2016
16436099999,37.5166666,13.0833333,5,2016;2017;2018;2019;2020
16442099999,37.9833333,14.0166666,6,2015;2016;2017;2018;2019;2020
16450099999,37.5666667,14.2833333,6,2015;2016;2017;2018;2019;2020
16453099999,37.0833333,14.2166667,6,2015;2016;2017;2018;2019;2020
16454099999,37.0833333,14.2166666,1,2017
16459099999,37.4,14.917,6,2015;2016;2017;2018;2019;2020
16460099999,37.466781,15.0664,6,2015;2016;2017;2018;2019;2020
16464099999,37.05,15.2794444,6,2015;2016;2017;2018;2019;2020
16465099999,36.9666666,14.95,6,2015;2016;2017;2018;2019;2020
16469099999,37.9333333,16.05,6,2015;2016;2017;2018;2019;2020
16470099999,36.816519,11.968864,6,2015;2016;2017;2018;2019;2020
16475099999,36.9833333,14.6166666,6,2015;2016;2017;2018;2019;2020
16480099999,36.6833333,15.1333333,6,2015;2016;2017;2018;2019;2020
16490099999,35.497914,12.618083,6,2015;2016;2017;2018;2019;2020
16504099999,40.8391666,8.4052777,2,2015;2016
16520099999,40.632133,8.290772,6,2015;2016;2017;2018;2019;2020
16522099999,40.5666667,8.1666667,6,2015;2016;2017;2018;2019;2020
16523099999,40.5666666,8.1666666,1,2020
16524099999,40.2666666,8.7666666,1,2018
16531099999,40.898661,9.517628,6,2015;2016;2017;2018;2019;2020
16532099999,40.85,9.1666666,2,2017;2019
16538099999,40.1166667,9.25,1,2016
16539099999,39.75,8.4666667,6,2015;2016;2017;2018;2019;2020
16541099999,39.6666667,9.4333333,6,2015;2016;2017;2018;2019;2020
16542099999,39.5,9.6166667,6,2015;2016;2017;2018;2019;2020
16546099999,39.354222,8.972481,6,2015;2016;2017;2018;2019;2020
16550099999,39.9333333,9.7166667,6,2015;2016;2017;2018;2019;2020
16560099999,39.251469,9.054283,6,2015;2016;2017;2018;2019;2020
16564099999,39.1,9.5166667,6,2015;2016;2017;2018;2019;2020
16582099999,45.7,11.85,1,2017
16584099999,41.1333333,16.7666666,3,2016;2017;2019
16597099999,35.857497,14.4775,6,2015;2016;2017;2018;2019;2020
16599099999,35.85,14.5,2,2019;2020
16606099999,41.0666666,23.5666666,6,2015;2016;2017;2018;2019;2020
16613099999,40.7833333,21.4,6,2015;2016;2017;2018;2019;2020
16614099999,40.446294,21.282186,6,2015;2016;2017;2018;2019;2020
16618199999,40.8144,22.0458,4,2017;2018;2019;2020
16622099999,40.519725,22.97095,6,2015;2016;2017;2018;2019;2020
16624099999,40.913306,24.619223,6,2015;2016;2017;2018;2019;2020
16627099999,40.855869,25.956264,6,2015;2016;2017;2018;2019;2020
16632099999,40.28611,21.840834,6,2015;2016;2017;2018;2019;2020
16641099999,39.601944,19.911667,6,2015;2016;2017;2018;2019;2020
16642099999,39.7,20.8166666,6,2015;2016;2017;2018;2019;2020
16642199999,37.0166667,25.1333333,6,2015;2016;2017;2018;2019;2020
16643099999,38.925467,20.765311,6,2015;2016;2017;2018;2019;2020
16648099999,39.650253,22.4655,6,2015;2016;2017;2018;2019;2020
16650099999,39.917072,25.236308,6,2015;2016;2017;2018;2019;2020
16665099999,39.219619,22.794339,6,2015;2016;2017;2018;2019;2020
16665399999,39.1771,23.503675,6,2015;2016;2017;2018;2019;2020
16667099999,39.056667,26.598333,6,2015;2016;2017;2018;2019;2020
16675099999,38.8833333,22.4333333,6,2015;2016;2017;2018;2019;2020
16682099999,37.920708,21.292583,6,2015;2016;2017;2018;2019;2020
16684099999,38.967553,24.487228,6,2015;2016;2017;2018;2019;2020
16685099999,38.120069,20.500481,6,2015;2016;2017;2018;2019;2020
16687099999,38.151111,21.425556,6,2015;2016;2017;2018;2019;2020
16693199999,38.4169,22.5293,4,2017;2018;2019;2020
16699099999,38.339847,23.564958,6,2015;2016;2017;2018;2019;2020
16706099999,38.343175,26.140572,6,2015;2016;2017;2018;2019;2020
16710099999,37.530567,22.403633,6,2015;2016;2017;2018;2019;2020
16713199999,37.583,22.767,5,2016;2017;2018;2019;2020
16715099999,38.108928,23.783836,6,2015;2016;2017;2018;2019;2020
16716099999,37.882236,23.734831,6,2015;2016;2017;2018;2019;2020
16716199999,37.936358,23.944467,6,2015;2016;2017;2018;2019;2020
16718099999,38.063831,23.556011,6,2015;2016;2017;2018;2019;2020
16719099999,37.7833333,20.8833333,6,2015;2016;2017;2018;2019;2020
16719399999,37.750853,20.88425,6,2015;2016;2017;2018;2019;2020
16723099999,37.689999,26.911667,6,2015;2016;2017;2018;2019;2020
16726099999,37.068319,22.025525,6,2015;2016;2017;2018;2019;2020
16726399999,37.435128,25.348103,6,2015;2016;2017;2018;2019;2020
16726499999,37.422792,24.950936,6,2015;2016;2017;2018;2019;2020
16732099999,37.1,25.3666666,6,2015;2016;2017;2018;2019;2020
16734099999,36.8333333,21.7,6,2015;2016;2017;2018;2019;2020
16734199999,37.0833333,25.3666667,6,2015;2016;2017;2018;2019;2020
16738099999,36.7333333,24.4333333,6,2015;2016;2017;2018;2019;2020
16741099999,37.9166666,23.9333333,6,2015;2016;2017;2018;2019;2020
16742099999,36.793335,27.091667,6,2015;2016;2017;2018;2019;2020
16743099999,36.274258,23.016978,6,2015;2016;2017;2018;2019;2020
16744399999,36.399169,25.479333,6,2015;2016;2017;2018;2019;2020
16746099999,35.531747,24.149678,6,2015;2016;2017;2018;2019;2020
16749099999,36.405419,28.086192,6,2015;2016;2017;2018;2019;2020
16754099999,35.339719,25.180297,6,2015;2016;2017;2018;2019;2020
16754399999,35.421408,27.146008,6,2015;2016;2017;2018;2019;2020
16757099999,35.2,26.1,6,2015;2016;2017;2018;2019;2020
16759099999,35.0663889,24.75,6,2015;2016;2017;2018;2019;2020
16760099999,35.1833333,25.3166666,6,2015;2016;2017;2018;2019;2020
16765099999,35.4275,27.1469444,6,2015;2016;2017;2018;2019;2020
17020099999,41.6333333,32.3333333,6,2015;2016;2017;2018;2019;2020
17022099999,41.45,31.8,6,2015;2016;2017;2018;2019;2020
17022399999,41.0,29.2166666,6,2015;2016;2017;2018;2019;2020
17024099999,41.9833333,33.7833333,6,2015;2016;2017;2018;2019;2020
17026099999,42.0333333,35.1666666,6,2015;2016;2017;2018;2019;2020
17030099999,41.2833333,36.3,6,2015;2016;2017;2018;2019;2020
17031099999,41.254481,36.567106,6,2015;2016;2017;2018;2019;2020
17033099999,40.9833333,37.9,6,2015;2016;2017;2018;2019;2020
17034099999,40.9166666,38.3833333,6,2015;2016;2017;2018;2019;2020
17038099999,40.995108,39.789728,6,2015;2016;2017;2018;2019;2020
17040099999,41.0333333,40.5166666,6,2015;2016;2017;2018;2019;2020
17042099999,41.4,41.4333333,6,2015;2016;2017;2018;2019;2020
17045099999,41.1833333,41.8166666,6,2015;2016;2017;2018;2019;2020
17046099999,41.1166666,42.7166666,6,2015;2016;2017;2018;2019;2020
17050099999,41.6666666,26.5666666,6,2015;2016;2017;2018;2019;2020
17052099999,41.7333333,27.2333333,6,2015;2016;2017;2018;2019;2020
17054099999,41.13825,27.919094,6,2015;2016;2017;2018;2019;2020
17056099999,40.9833333,27.55,6,2015;2016;2017;2018;2019;2020
17059099999,41.25,29.0333333,6,2015;2016;2017;2018;2019;2020
17060099999,40.976892,28.821111,6,2015;2016;2017;2018;2019;2020
17061099999,41.1333333,29.0666666,6,2015;2016;2017;2018;2019;2020
17063099999,40.898553,29.309219,6,2015;2016;2017;2018;2019;2020
17064099999,40.9,29.15,6,2015;2016;2017;2018;2019;2020
17066199999,40.767,29.9,6,2015;2016;2017;2018;2019;2020
17067099999,40.6666666,29.8333333,2,2015;2016
17067499999,36.3,32.3,6,2015;2016;2017;2018;2019;2020
17068099999,40.85,29.9,6,2015;2016;2017;2018;2019;2020
17069099999,40.7833333,30.4166666,6,2015;2016;2017;2018;2019;2020
17070099999,40.7333333,31.6,6,2015;2016;2017;2018;2019;2020
17072099999,40.8333333,31.1666666,6,2015;2016;2017;2018;2019;2020
17074099999,41.314003,33.795919,6,2015;2016;2017;2018;2019;2020
17078099999,41.2,32.6333333,1,2016
17080099999,40.6,33.6166666,6,2015;2016;2017;2018;2019;2020
17082099999,40.829375,35.521992,6,2015;2016;2017;2018;2019;2020
17084099999,40.55,34.95,6,2015;2016;2017;2018;2019;2020
17085099999,40.65,35.85,6,2015;2016;2017;2018;2019;2020
17086099999,40.3,36.5666667,6,2015;2016;2017;2018;2019;2020
17088099999,40.4666666,39.4666666,6,2015;2016;2017;2018;2019;2020
17089099999,40.25,40.2333333,6,2015;2016;2017;2018;2019;2020
17090099999,39.813828,36.903497,6,2015;2016;2017;2018;2019;2020
17092099999,39.710203,39.527003,6,2015;2016;2017;2018;2019;2020
17095099999,39.9,41.2833333,6,2015;2016;2017;2018;2019;2020
17096099999,39.956501,41.170166,6,2015;2016;2017;2018;2019;2020
17098099999,40.562222,43.115002,6,2015;2016;2017;2018;2019;2020
17098199999,37.978886,41.840436,6,2015;2016;2017;2018;2019;2020
17099099999,39.7333333,43.05,6,2015;2016;2017;2018;2019;2020
17100099999,39.9166666,44.05,6,2015;2016;2017;2018;2019;2020
17100199999,39.9833333,43.8666666,6,2015;2016;2017;2018;2019;2020
17110099999,40.1833333,25.9,2,2015;2016
17111099999,39.8333333,26.0666666,2,2015;2016
17112099999,40.137722,26.426777,6,2015;2016;2017;2018;2019;2020
17115099999,40.317972,27.977694,6,2015;2016;2017;2018;2019;2020
17116099999,40.1833333,29.0666667,6,2015;2016;2017;2018;2019;2020
17117099999,39.433,30.017,6,2015;2016;2017;2018;2019;2020
17118099999,40.255208,29.562569,6,2015;2016;2017;2018;2019;2020
17118599999,39.451469,31.365308,6,2015;2016;2017;2018;2019;2020
17119099999,40.6666666,29.2833333,6,2015;2016;2017;2018;2019;2020
17120099999,40.15,29.9666666,6,2015;2016;2017;2018;2019;2020
17124099999,39.784138,30.582111,6,2015;2016;2017;2018;2019;2020
17127099999,40.078919,32.565625,6,2015;2016;2017;2018;2019;2020
17128099999,40.128082,32.995083,6,2015;2016;2017;2018;2019;2020
17129099999,39.949831,32.688622,6,2015;2016;2017;2018;2019;2020
17130099999,39.95,32.8833333,6,2015;2016;2017;2018;2019;2020
17131099999,39.93495,32.740775,6,2015;2016;2017;2018;2019;2020
17135099999,39.85,33.5166666,6,2015;2016;2017;2018;2019;2020
17140099999,39.8166666,34.8,6,2015;2016;2017;2018;2019;2020
17145099999,39.554589,27.013833,6,2015;2016;2017;2018;2019;2020
17150099999,39.619258,27.925958,6,2015;2016;2017;2018;2019;2020
17155099999,39.4166666,29.9666666,6,2015;2016;2017;2018;2019;2020
17160099999,39.15,34.1666666,6,2015;2016;2017;2018;2019;2020
17162099999,39.1833333,36.0666666,2,2015;2016
17165099999,39.1166666,39.55,6,2015;2016;2017;2018;2019;2020
17170099999,38.468219,43.3323,6,2015;2016;2017;2018;2019;2020
17175099999,39.3,26.7,6,2015;2016;2017;2018;2019;2020
17180099999,39.0666666,26.8833333,6,2015;2016;2017;2018;2019;2020
17184099999,38.808887,27.83386,6,2015;2016;2017;2018;2019;2020
17186099999,38.6166666,27.4333333,6,2015;2016;2017;2018;2019;2020
17186599999,38.6333333,27.35,6,2015;2016;2017;2018;2019;2020
17188099999,38.6833333,29.4,6,2015;2016;2017;2018;2019;2020
17189099999,38.73,30.6,3,2017;2018;2019
17190099999,38.726425,30.601114,6,2015;2016;2017;2018;2019;2020
17191099999,38.65,32.95,6,2015;2016;2017;2018;2019;2020
17192099999,38.3833333,34.05,6,2015;2016;2017;2018;2019;2020
17193099999,38.6166666,34.7,6,2015;2016;2017;2018;2019;2020
17194099999,38.771867,34.53455,6,2015;2016;2017;2018;2019;2020
17195099999,38.770386,35.495428,6,2015;2016;2017;2018;2019;2020
17197099999,38.35375,38.253944,6,2015;2016;2017;2018;2019;2020
17200099999,38.435347,38.091006,6,2015;2016;2017;2018;2019;2020
17200599999,40.735028,30.083336,6,2015;2016;2017;2018;2019;2020
17200699999,39.809858,30.519378,6,2015;2016;2017;2018;2019;2020
17202099999,38.606925,39.291417,6,2015;2016;2017;2018;2019;2020
17203099999,38.8666666,40.5,6,2015;2016;2017;2018;2019;2020
17204099999,38.7333333,41.5166666,6,2015;2016;2017;2018;2019;2020
17204399999,38.747769,41.661236,6,2015;2016;2017;2018;2019;2020
17205099999,38.4833333,42.3,2,2015;2016
17210099999,37.9166666,41.95,6,2015;2016;2017;2018;2019;2020
17218099999,38.513022,27.010053,6,2015;2016;2017;2018;2019;2020
17218999999,38.517608,26.977406,6,2015;2016;2017;2018;2019;2020
17219099999,38.292392,27.156953,6,2015;2016;2017;2018;2019;2020
17219199999,38.319106,27.159353,6,2015;2016;2017;2018;2019;2020
17220099999,38.4333333,27.1666666,6,2015;2016;2017;2018;2019;2020
17221099999,38.3,26.3,6,2015;2016;2017;2018;2019;2020
17232099999,37.8666666,27.25,6,2015;2016;2017;2018;2019;2020
17234099999,37.85,27.85,6,2015;2016;2017;2018;2019;2020
17237099999,37.7833333,29.0833333,6,2015;2016;2017;2018;2019;2020
17237599999,37.785567,29.701297,6,2015;2016;2017;2018;2019;2020
17238099999,37.6666666,30.3333333,6,2015;2016;2017;2018;2019;2020
17239099999,38.35,31.4166666,6,2015;2016;2017;2018;2019;2020
17240099999,37.785369,30.581817,6,2015;2016;2017;2018;2019;2020
17241099999,37.855417,30.368397,6,2015;2016;2017;2018;2019;2020
17244099999,37.979,32.561861,6,2015;2016;2017;2018;2019;2020
17246099999,37.2,33.2166666,6,2015;2016;2017;2018;2019;2020
17248099999,37.5,34.05,6,2015;2016;2017;2018;2019;2020
17250099999,37.9666666,34.6833333,6,2015;2016;2017;2018;2019;2020
17255099999,37.6,36.9333333,6,2015;2016;2017;2018;2019;2020
17260099999,36.947183,37.478683,6,2015;2016;2017;2018;2019;2020
17262099999,36.7166666,37.1166666,6,2015;2016;2017;2018;2019;2020
17265099999,37.75,38.2833333,6,2015;2016;2017;2018;2019;2020
17270099999,37.1333333,38.7666666,6,2015;2016;2017;2018;2019;2020
17271099999,37.4833333,38.8833333,6,2015;2016;2017;2018;2019;2020
17275099999,37.3,40.7333333,6,2015;2016;2017;2018;2019;2020
17280099999,37.893897,40.201019,6,2015;2016;2017;2018;2019;2020
17282099999,37.928969,41.116583,6,2015;2016;2017;2018;2019;2020
17282199999,37.3666666,42.5666666,6,2015;2016;2017;2018;2019;2020
17285099999,37.5666666,43.7666666,6,2015;2016;2017;2018;2019;2020
17290099999,37.140144,27.669717,6,2015;2016;2017;2018;2019;2020
17291099999,37.250611,27.664311,6,2015;2016;2017;2018;2019;2020
17292099999,37.2166666,28.3666666,6,2015;2016;2017;2018;2019;2020
17295099999,36.713056,28.7925,6,2015;2016;2017;2018;2019;2020
17296099999,36.6166666,29.1166666,6,2015;2016;2017;2018;2019;2020
17297099999,36.7,27.6666666,6,2015;2016;2017;2018;2019;2020
17298099999,36.85,28.2666666,6,2015;2016;2017;2018;2019;2020
17300099999,36.898731,30.800461,6,2015;2016;2017;2018;2019;2020
17302099999,36.8666666,30.7,6,2015;2016;2017;2018;2019;2020
17310099999,36.55,32.0,6,2015;2016;2017;2018;2019;2020
17320099999,36.0833333,32.8333333,6,2015;2016;2017;2018;2019;2020
17330099999,36.3833333,33.9333333,6,2015;2016;2017;2018;2019;2020
17340099999,36.8,34.6333333,6,2015;2016;2017;2018;2019;2020
17350033308,37.0,35.417,6,2015;2016;2017;2018;2019;2020
17352099999,36.982166,35.280388,6,2015;2016;2017;2018;2019;2020
17355099999,37.1,36.25,6,2015;2016;2017;2018;2019;2020
17370099999,36.573472,36.154,6,2015;2016;2017;2018;2019;2020
17372599999,36.35,36.2833333,6,2015;2016;2017;2018;2019;2020
17375099999,36.3,30.15,6,2015;2016;2017;2018;2019;2020
17380099999,36.2,29.65,6,2015;2016;2017;2018;2019;2020
17500099999,35.1833333,32.9833333,6,2015;2016;2017;2018;2019;2020
17501099999,35.8166666,32.85,6,2015;2016;2017;2018;2019;2020
17505099999,35.3,32.9666666,6,2015;2016;2017;2018;2019;2020
17507099999,35.1666666,32.7333333,6,2015;2016;2017;2018;2019;2020
17510099999,35.35,33.3333333,6,2015;2016;2017;2018;2019;2020
17515099999,35.2,33.35,6,2015;2016;2017;2018;2019;2020
17521099999,35.15,33.5,1,2016
17530099999,35.2333333,33.7333333,6,2015;2016;2017;2018;2019;2020
17535099999,35.2833333,33.8833333,6,2015;2016;2017;2018;2019;2020
17540099999,35.1333333,33.9333333,6,2015;2016;2017;2018;2019;2020
17547099999,35.5833333,34.3833333,6,2015;2016;2017;2018;2019;2020
17550099999,35.5333333,34.0166666,6,2015;2016;2017;2018;2019;2020
17600099999,34.718039,32.485731,6,2015;2016;2017;2018;2019;2020
17601099999,34.590416,32.987861,6,2015;2016;2017;2018;2019;2020
17607099999,35.15,33.4,6,2015;2016;2017;2018;2019;2020
17607499999,35.15,33.5,6,2015;2016;2017;2018;2019;2020
17609099999,34.875117,33.62485,6,2015;2016;2017;2018;2019;2020
20046099999,80.6166666,58.05,6,2015;2016;2017;2018;2019;2020
20069099999,79.4833333,76.9833333,6,2015;2016;2017;2018;2019;2020
20087099999,79.55,90.5666666,6,2015;2016;2017;2018;2019;2020
20107099999,78.0666666,14.25,6,2015;2016;2017;2018;2019;2020
20292099999,77.7166666,104.3,6,2015;2016;2017;2018;2019;2020
20353099999,76.95,68.55,1,2015
20471099999,75.95,82.95,6,2015;2016;2017;2018;2019;2020
20476099999,75.4166666,88.9,6,2015;2016;2017;2018;2019;2020
20667099999,73.3333333,70.05,6,2015;2016;2017;2018;2019;2020
20674099999,73.5,80.4,6,2015;2016;2017;2018;2019;2020
20744099999,72.3666666,52.7,6,2015;2016;2017;2018;2019;2020
20871099999,71.8833333,82.7,6,2015;2016;2017;2018;2019;2020
20891099999,71.9833333,102.4666666,6,2015;2016;2017;2018;2019;2020
20946099999,70.45,59.0833333,6,2015;2016;2017;2018;2019;2020
20967099999,70.1666666,72.5166666,6,2015;2016;2017;2018;2019;2020
20978099999,70.0833333,83.1666666,6,2015;2016;2017;2018;2019;2020
20982099999,70.9666666,94.5,4,2015;2016;2017;2018
21432099999,76.0,137.8666666,6,2015;2016;2017;2018;2019;2020
21535099999,74.6666666,138.9,6,2015;2016;2017;2018;2019;2020
21608099999,73.2166666,113.5,6,2015;2016;2017;2018;2019;2020
21636099999,73.3358333,139.8666666,6,2015;2016;2017;2018;2019;2020
21711099999,73.0,119.8666666,6,2015;2016;2017;2018;2019;2020
21721099999,72.4,126.35,6,2015;2016;2017;2018;2019;2020
21802099999,71.9666666,114.0833333,6,2015;2016;2017;2018;2019;2020
21813099999,71.9166666,123.5666666,6,2015;2016;2017;2018;2019;2020
21821099999,72.0,129.1166666,6,2015;2016;2017;2018;2019;2020
21823099999,62.09325,129.770672,6,2015;2016;2017;2018;2019;2020
21824099999,71.697667,128.903017,6,2015;2016;2017;2018;2019;2020
21908099999,70.1333333,113.9666666,6,2015;2016;2017;2018;2019;2020
21921099999,70.6833333,127.4,6,2015;2016;2017;2018;2019;2020
21931099999,70.7666666,136.2166666,6,2015;2016;2017;2018;2019;2020
21937099999,70.0333333,135.6666666,6,2015;2016;2017;2018;2019;2020
21946099999,70.6166666,147.8833333,6,2015;2016;2017;2018;2019;2020
21978099999,70.0833333,170.9333333,6,2015;2016;2017;2018;2019;2020
21982099999,70.9833333,-178.65,6,2015;2016;2017;2018;2019;2020
22003099999,69.9333333,31.9833333,6,2015;2016;2017;2018;2019;2020
22004099999,69.4,30.2333333,6,2015;2016;2017;2018;2019;2020
22012099999,69.7333333,33.1,2,2015;2016
22028099999,69.2,35.1166666,6,2015;2016;2017;2018;2019;2020
22100099999,68.5333333,28.9166666,6,2015;2016;2017;2018;2019;2020
22101099999,68.9666666,28.7833333,3,2015;2016;2020
22105099999,68.35,30.7333333,2,2015;2016
22106099999,68.6,31.8,6,2015;2016;2017;2018;2019;2020
22113099999,68.781672,32.750822,6,2015;2016;2017;2018;2019;2020
22127099999,68.0,35.0333333,6,2015;2016;2017;2018;2019;2020
22140099999,68.15,39.7666666,3,2015;2016;2017
22165099999,68.65,43.3,6,2015;2016;2017;2018;2019;2020
22193099999,68.7833333,49.3,6,2015;2016;2017;2018;2019;2020
22212099999,67.9333333,32.9166666,6,2015;2016;2017;2018;2019;2020
22213099999,67.55,33.35,6,2015;2016;2017;2018;2019;2020
22217099999,67.15,32.35,6,2015;2016;2017;2018;2019;2020
22235099999,67.35,37.05,6,2015;2016;2017;2018;2019;2020
22249099999,67.1333333,39.6666666,6,2015;2016;2017;2018;2019;2020
22271099999,67.8833333,44.15,6,2015;2016;2017;2018;2019;2020
22282099999,67.8,46.6666666,4,2015;2016;2017;2018
22292099999,67.6833333,48.6833333,6,2015;2016;2017;2018;2019;2020
22305099999,66.25,31.1166666,3,2015;2016;2020
22312099999,66.7,32.8833333,6,2015;2016;2017;2018;2019;2020
22324099999,66.6833333,34.35,6,2015;2016;2017;2018;2019;2020
22334099999,66.3333333,36.0166666,6,2015;2016;2017;2018;2019;2020
22349099999,66.1833333,39.5333333,6,2015;2016;2017;2018;2019;2020
22361099999,66.7166666,42.4833333,4,2015;2016;2017;2018
22365099999,66.3833333,43.25,6,2015;2016;2017;2018;2019;2020
22383099999,66.7394444,47.7197222,6,2015;2016;2017;2018;2019;2020
22408099999,65.2166666,31.1666666,6,2015;2016;2017;2018;2019;2020
22413099999,65.7833333,33.9333333,6,2015;2016;2017;2018;2019;2020
22429099999,65.0333333,35.7,6,2015;2016;2017;2018;2019;2020
22438099999,65.2,36.8166666,6,2015;2016;2017;2018;2019;2020
22446099999,65.4666666,39.7333333,6,2015;2016;2017;2018;2019;2020
22456099999,65.3833333,41.8833333,6,2015;2016;2017;2018;2019;2020
22471099999,65.8666666,44.2166666,6,2015;2016;2017;2018;2019;2020
22481099999,65.7666666,46.2,6,2015;2016;2017;2018;2019;2020
22520099999,64.9833333,34.8,6,2015;2016;2017;2018;2019;2020
22525099999,64.5666666,34.9166666,6,2015;2016;2017;2018;2019;2020
22529099999,64.2333333,35.8833333,6,2015;2016;2017;2018;2019;2020
22541099999,64.8333333,38.4,6,2015;2016;2017;2018;2019;2020
22546099999,64.55,39.7666666,6,2015;2016;2017;2018;2019;2020
22550099999,64.600281,40.716667,6,2015;2016;2017;2018;2019;2020
22551099999,64.85,40.2833333,6,2015;2016;2017;2018;2019;2020
22559099999,64.2166666,41.6666666,6,2015;2016;2017;2018;2019;2020
22563099999,64.7,43.3833333,6,2015;2016;2017;2018;2019;2020
22573099999,64.9,45.7666666,6,2015;2016;2017;2018;2019;2020
22583099999,64.75,47.65,6,2015;2016;2017;2018;2019;2020
22602099999,63.8333333,30.8166666,6,2015;2016;2017;2018;2019;2020
22619099999,63.2666666,33.4166666,6,2015;2016;2017;2018;2019;2020
22621099999,63.7666666,34.2833333,6,2015;2016;2017;2018;2019;2020
22641099999,63.9,38.1166666,6,2015;2016;2017;2018;2019;2020
22648099999,63.1166666,39.2333333,6,2015;2016;2017;2018;2019;2020
22656099999,63.4833333,41.8,6,2015;2016;2017;2018;2019;2020
22671099999,64.0166666,44.45,6,2015;2016;2017;2018;2019;2020
22676099999,63.5833333,45.6333333,6,2015;2016;2017;2018;2019;2020
22686099999,63.45,47.9166666,6,2015;2016;2017;2018;2019;2020
22695099999,63.45,48.9,6,2015;2016;2017;2018;2019;2020
22717099999,62.1,32.3833333,6,2015;2016;2017;2018;2019;2020
22721099999,62.9166666,34.4333333,6,2015;2016;2017;2018;2019;2020
22727099999,62.1666666,34.3,6,2015;2016;2017;2018;2019;2020
22749099999,62.1333333,39.3,6,2015;2016;2017;2018;2019;2020
22762099999,62.8166666,42.7833333,6,2015;2016;2017;2018;2019;2020
22768099999,62.1,42.9,6,2015;2016;2017;2018;2019;2020
22778099999,62.2333333,45.0166666,6,2015;2016;2017;2018;2019;2020
22798099999,62.1666666,49.1166666,6,2015;2016;2017;2018;2019;2020
22802099999,61.7166666,30.7166666,6,2015;2016;2017;2018;2019;2020
22805099999,61.3666666,30.8833333,6,2015;2016;2017;2018;2019;2020
22820099999,61.8166666,34.2666666,6,2015;2016;2017;2018;2019;2020
22829099999,61.0166666,35.4833333,3,2015;2016;2020
22831099999,61.8,36.5833333,6,2015;2016;2017;2018;2019;2020
22837099999,61.0166666,36.45,6,2015;2016;2017;2018;2019;2020
22845099999,61.5,38.9333333,6,2015;2016;2017;2018;2019;2020
22854099999,61.6666666,40.1833333,6,2015;2016;2017;2018;2019;2020
22867099999,61.0833333,42.0666666,6,2015;2016;2017;2018;2019;2020
22869099999,61.1333333,43.35,6,2015;2016;2017;2018;2019;2020
22876099999,61.55,45.9333333,6,2015;2016;2017;2018;2019;2020
22887099999,61.2333333,46.7166667,6,2015;2016;2017;2018;2019;2020
22889099999,61.1166666,48.0,6,2015;2016;2017;2018;2019;2020
22891099999,60.55,30.3166666,3,2015;2016;2020
22892099999,60.7166666,28.7333333,6,2015;2016;2017;2018;2019;2020
22897099999,60.2,29.0,3,2015;2016;2020
22912099999,60.9833333,32.9833333,6,2015;2016;2017;2018;2019;2020
22913099999,60.7166666,33.55,6,2015;2016;2017;2018;2019;2020
22917099999,60.1166666,32.3166666,6,2015;2016;2017;2018;2019;2020
22925099999,60.6333333,34.7833333,6,2015;2016;2017;2018;2019;2020
22939099999,60.0166666,37.75,6,2015;2016;2017;2018;2019;2020
22951099999,60.9833333,40.25,6,2015;2016;2017;2018;2019;2020
22954099999,60.4666666,40.2,6,2015;2016;2017;2018;2019;2020
22974099999,60.4166666,44.2166666,6,2015;2016;2017;2018;2019;2020
22981099999,60.7666666,46.25,6,2015;2016;2017;2018;2019;2020
22983099999,60.7,47.6,6,2015;2016;2017;2018;2019;2020
22996099999,60.3666666,49.65,6,2015;2016;2017;2018;2019;2020
23022099999,69.75,61.7,6,2015;2016;2017;2018;2019;2020
23032099999,69.7166666,66.8,6,2015;2016;2017;2018;2019;2020
23058099999,69.0833333,76.85,6,2015;2016;2017;2018;2019;2020
23078099999,69.3333333,88.25,6,2015;2016;2017;2018;2019;2020
23112099999,68.8,57.9833333,6,2015;2016;2017;2018;2019;2020
23114099999,68.5333333,55.5,6,2015;2016;2017;2018;2019;2020
23174099999,68.6666666,86.25,6,2015;2016;2017;2018;2019;2020
23179099999,68.1,87.7666666,6,2015;2016;2017;2018;2019;2020
23205099999,67.6333333,53.0333333,6,2015;2016;2017;2018;2019;2020
23219099999,67.0333333,59.4,2,2015;2016
23220199999,66.590753,66.611042,3,2015;2016;2017
23220499999,57.189567,65.3243,6,2015;2016;2017;2018;2019;2020
23221599999,53.393131,58.755661,6,2015;2016;2017;2018;2019;2020
23226099999,67.4833333,64.0166666,6,2015;2016;2017;2018;2019;2020
23242099999,67.6833333,72.8833333,6,2015;2016;2017;2018;2019;2020
23256099999,67.4666666,78.7333333,6,2015;2016;2017;2018;2019;2020
23274099999,67.4666666,86.5666666,6,2015;2016;2017;2018;2019;2020
23305099999,66.25,52.55,6,2015;2016;2017;2018;2019;2020
23324099999,66.4333333,60.7666666,6,2015;2016;2017;2018;2019;2020
23330099999,66.5333333,66.6666666,6,2015;2016;2017;2018;2019;2020
23339099999,66.0333333,68.6833333,6,2015;2016;2017;2018;2019;2020
23345099999,66.6333333,72.9333333,6,2015;2016;2017;2018;2019;2020
23358099999,66.1,76.7833333,6,2015;2016;2017;2018;2019;2020
23376099999,66.9333333,88.3666666,6,2015;2016;2017;2018;2019;2020
23383099999,66.8833333,93.4666666,6,2015;2016;2017;2018;2019;2020
23405099999,65.4333333,52.2666666,6,2015;2016;2017;2018;2019;2020
23412099999,65.9666666,56.9166666,6,2015;2016;2017;2018;2019;2020
23418099999,65.1333333,57.1333333,6,2015;2016;2017;2018;2019;2020
23426099999,65.4833333,64.7166666,6,2015;2016;2017;2018;2019;2020
23431099999,65.8333333,65.9333333,6,2015;2016;2017;2018;2019;2020
23443099999,65.8333333,74.5,6,2015;2016;2017;2018;2019;2020
23445099999,65.4666666,72.6666666,6,2015;2016;2017;2018;2019;2020
23453099999,65.95,78.4,6,2015;2016;2017;2018;2019;2020
23463099999,65.9833333,84.3277778,3,2015;2016;2017
23465099999,65.7,82.45,6,2015;2016;2017;2018;2019;2020
23471099999,60.949272,76.483617,6,2015;2016;2017;2018;2019;2020
23472099999,65.7833333,87.9888889,6,2015;2016;2017;2018;2019;2020
23503099999,65.0333333,53.9666666,6,2015;2016;2017;2018;2019;2020
23518099999,64.2666666,57.6166666,6,2015;2016;2017;2018;2019;2020
23527099999,64.2833333,60.8833333,6,2015;2016;2017;2018;2019;2020
23552099999,64.9166666,77.8166666,6,2015;2016;2017;2018;2019;2020
23578099999,64.2333333,87.5666666,6,2015;2016;2017;2018;2019;2020
23589099999,64.2,93.7833333,6,2015;2016;2017;2018;2019;2020
23606099999,63.55,53.8166666,6,2015;2016;2017;2018;2019;2020
23625099999,63.65,62.1,6,2015;2016;2017;2018;2019;2020
23631099999,63.9333333,65.05,6,2015;2016;2017;2018;2019;2020
23635099999,63.6666666,69.6,6,2015;2016;2017;2018;2019;2020
23656099999,63.3833333,78.3166666,6,2015;2016;2017;2018;2019;2020
23657099999,63.1166666,75.2833333,6,2015;2016;2017;2018;2019;2020
23662099999,63.9833333,82.0833333,6,2015;2016;2017;2018;2019;2020
23678099999,63.15,87.95,6,2015;2016;2017;2018;2019;2020
23699099999,62.7166666,101.1166666,6,2015;2016;2017;2018;2019;2020
23701099999,62.9833333,50.9,6,2015;2016;2017;2018;2019;2020
23708099999,62.2333333,52.4833333,6,2015;2016;2017;2018;2019;2020
23711099999,62.7,56.2,6,2015;2016;2017;2018;2019;2020
23724099999,62.4333333,60.8666666,6,2015;2016;2017;2018;2019;2020
23734099999,62.45,66.05,6,2015;2016;2017;2018;2019;2020
23741099999,62.75,71.6666666,6,2015;2016;2017;2018;2019;2020
23748099999,62.190417,74.533803,6,2015;2016;2017;2018;2019;2020
23758099999,62.158333,77.3125,6,2015;2016;2017;2018;2019;2020
23774099999,62.4833333,86.2833333,6,2015;2016;2017;2018;2019;2020
23776099999,62.4666666,89.0166666,6,2015;2016;2017;2018;2019;2020
23788099999,62.3166666,92.1166666,6,2015;2016;2017;2018;2019;2020
23803099999,61.6833333,53.6833333,6,2015;2016;2017;2018;2019;2020
23804099999,61.64705,50.84505,6,2015;2016;2017;2018;2019;2020
23804599999,55.508,37.505,6,2015;2016;2017;2018;2019;2020
23812099999,61.8333333,56.8666666,6,2015;2016;2017;2018;2019;2020
23823099999,61.95,64.9,6,2015;2016;2017;2018;2019;2020
23847099999,61.3,71.3,6,2015;2016;2017;2018;2019;2020
23849099999,61.343694,73.401842,6,2015;2016;2017;2018;2019;2020
23862099999,61.5333333,82.4166666,6,2015;2016;2017;2018;2019;2020
23867099999,61.1,80.25,6,2015;2016;2017;2018;2019;2020
23884099999,61.6,90.0166666,6,2015;2016;2017;2018;2019;2020
23891099999,61.6666666,96.3666666,6,2015;2016;2017;2018;2019;2020
23909099999,60.2833333,54.35,6,2015;2016;2017;2018;2019;2020
23914099999,60.4,56.5166666,6,2015;2016;2017;2018;2019;2020
23921099999,60.6833333,60.45,6,2015;2016;2017;2018;2019;2020
23929099999,60.3166666,64.2166666,6,2015;2016;2017;2018;2019;2020
23933099999,61.028479,69.086067,6,2015;2016;2017;2018;2019;2020
23939099999,60.3333333,68.9666666,6,2015;2016;2017;2018;2019;2020
23946099999,60.5,74.0166666,6,2015;2016;2017;2018;2019;2020
23947099999,60.0666666,71.4833333,6,2015;2016;2017;2018;2019;2020
23955099999,60.4333333,77.8666666,6,2015;2016;2017;2018;2019;2020
23966099999,60.35,84.0833333,6,2015;2016;2017;2018;2019;2020
23973099999,61.0333333,89.6333333,6,2015;2016;2017;2018;2019;2020
23975099999,60.35,88.3666666,6,2015;2016;2017;2018;2019;2020
23982099999,61.0166666,93.4333333,6,2015;2016;2017;2018;2019;2020
23986099999,60.3666666,93.0333333,6,2015;2016;2017;2018;2019;2020
23987099999,60.25,90.2333333,6,2015;2016;2017;2018;2019;2020
23992099999,60.7166666,97.5166666,6,2015;2016;2017;2018;2019;2020
24076099999,69.3333333,139.6666666,6,2015;2016;2017;2018;2019;2020
24125099999,68.5,112.4333333,6,2015;2016;2017;2018;2019;2020
24136099999,68.6166666,118.3333333,6,2015;2016;2017;2018;2019;2020
24143099999,68.7333333,124.0,6,2015;2016;2017;2018;2019;2020
24194099999,68.55,146.2166666,6,2015;2016;2017;2018;2019;2020
24219099999,67.1333333,108.5333333,6,2015;2016;2017;2018;2019;2020
24261099999,67.8,130.3833333,6,2015;2016;2017;2018;2019;2020
24263099999,67.65,134.6833333,6,2015;2016;2017;2018;2019;2020
24266099999,67.5666666,133.4,6,2015;2016;2017;2018;2019;2020
24322099999,66.400431,112.030325,6,2015;2016;2017;2018;2019;2020
24329099999,66.25,114.2833333,6,2015;2016;2017;2018;2019;2020
24338099999,66.0333333,117.4,6,2015;2016;2017;2018;2019;2020
24343099999,66.7666666,123.4,6,2015;2016;2017;2018;2019;2020
24361099999,66.7666666,131.6,6,2015;2016;2017;2018;2019;2020
24371099999,66.8,136.6833333,6,2015;2016;2017;2018;2019;2020
24382099999,66.45,143.2333333,6,2015;2016;2017;2018;2019;2020
24449099999,65.3,127.1166667,6,2015;2016;2017;2018;2019;2020
24462099999,65.3,130.0,6,2015;2016;2017;2018;2019;2020
24477099999,65.3,135.8,6,2015;2016;2017;2018;2019;2020
24507099999,64.2666666,100.2333333,6,2015;2016;2017;2018;2019;2020
24525099999,64.6,112.5166666,6,2015;2016;2017;2018;2019;2020
24538099999,64.2333333,116.9166666,6,2015;2016;2017;2018;2019;2020
24557099999,64.2833333,126.45,6,2015;2016;2017;2018;2019;2020
24585099999,64.55,144.4,6,2015;2016;2017;2018;2019;2020
24588099999,64.05,141.8833333,6,2015;2016;2017;2018;2019;2020
24606099999,63.5833333,103.9666666,6,2015;2016;2017;2018;2019;2020
24639099999,63.2833333,118.3333333,6,2015;2016;2017;2018;2019;2020
24641099999,63.7666666,121.6166666,6,2015;2016;2017;2018;2019;2020
24643099999,63.95,124.8333333,6,2015;2016;2017;2018;2019;2020
24644099999,63.45,120.3166666,6,2015;2016;2017;2018;2019;2020
24652099999,63.9666666,127.4666666,6,2015;2016;2017;2018;2019;2020
24656099999,63.5166666,129.4833333,6,2015;2016;2017;2018;2019;2020
24661099999,64.0,130.3,6,2015;2016;2017;2018;2019;2020
24668099999,63.3166666,132.0166666,6,2015;2016;2017;2018;2019;2020
24671099999,63.95,135.8666666,6,2015;2016;2017;2018;2019;2020
24679099999,63.2166666,139.6,6,2015;2016;2017;2018;2019;2020
24684099999,63.3333333,141.7333333,6,2015;2016;2017;2018;2019;2020
24688099999,63.25,143.15,6,2015;2016;2017;2018;2019;2020
24691099999,63.8333333,145.6,6,2015;2016;2017;2018;2019;2020
24724099999,63.0333333,112.4833333,6,2015;2016;2017;2018;2019;2020
24725099999,62.5333333,111.2333333,6,2015;2016;2017;2018;2019;2020
24726099999,62.534689,114.038928,6,2015;2016;2017;2018;2019;2020
24737099999,62.2666666,116.15,6,2015;2016;2017;2018;2019;2020
24738099999,62.15,117.65,6,2015;2016;2017;2018;2019;2020
24739099999,62.2833333,119.85,1,2015
24753099999,62.7333333,129.6666666,6,2015;2016;2017;2018;2019;2020
24758099999,62.2666666,127.0666666,6,2015;2016;2017;2018;2019;2020
24763099999,62.8166666,134.4333333,6,2015;2016;2017;2018;2019;2020
24768099999,62.0333333,132.6,6,2015;2016;2017;2018;2019;2020
24771099999,62.7833333,136.85,6,2015;2016;2017;2018;2019;2020
24790099999,62.7833333,148.1666666,6,2015;2016;2017;2018;2019;2020
24802099999,61.7333333,102.8166666,6,2015;2016;2017;2018;2019;2020
24807099999,61.3333333,100.4833333,6,2015;2016;2017;2018;2019;2020
24817099999,61.2666666,108.0166666,6,2015;2016;2017;2018;2019;2020
24826099999,61.6166666,114.6166666,6,2015;2016;2017;2018;2019;2020
24843099999,61.9166666,124.55,6,2015;2016;2017;2018;2019;2020
24856099999,61.4833333,129.15,6,2015;2016;2017;2018;2019;2020
24871099999,61.8666666,135.5,6,2015;2016;2017;2018;2019;2020
24894099999,61.85,147.6666666,6,2015;2016;2017;2018;2019;2020
24898099999,61.1166666,149.6333333,6,2015;2016;2017;2018;2019;2020
24908099999,60.3333333,102.2666666,6,2015;2016;2017;2018;2019;2020
24918099999,60.05,108.0833333,6,2015;2016;2017;2018;2019;2020
24923099999,60.7166666,114.8833333,6,2015;2016;2017;2018;2019;2020
24928099999,60.2666666,111.7333333,6,2015;2016;2017;2018;2019;2020
24933099999,60.95,119.3,6,2015;2016;2017;2018;2019;2020
24944099999,60.4,120.4166666,6,2015;2016;2017;2018;2019;2020
24951099999,60.8166666,125.3166666,6,2015;2016;2017;2018;2019;2020
24959099999,62.0166666,129.7166666,6,2015;2016;2017;2018;2019;2020
24962099999,60.9,131.9833333,6,2015;2016;2017;2018;2019;2020
24966099999,60.3833333,134.45,6,2015;2016;2017;2018;2019;2020
24967099999,60.4666666,130.0,6,2015;2016;2017;2018;2019;2020
24982099999,60.7166666,142.7833333,6,2015;2016;2017;2018;2019;2020
24988099999,60.0833333,142.3333333,6,2015;2016;2017;2018;2019;2020
25017099999,69.1666666,154.5,6,2015;2016;2017;2018;2019;2020
25034099999,69.6166666,162.3,6,2015;2016;2017;2018;2019;2020
25042099999,69.9166666,167.9666666,6,2015;2016;2017;2018;2019;2020
25044099999,69.5,166.5833333,6,2015;2016;2017;2018;2019;2020
25051099999,69.783283,170.597006,6,2015;2016;2017;2018;2019;2020
25062099999,69.8833333,175.7666666,6,2015;2016;2017;2018;2019;2020
25121099999,68.7333333,158.7166666,6,2015;2016;2017;2018;2019;2020
25123099999,68.75,161.2833333,6,2015;2016;2017;2018;2019;2020
25129099999,68.15,161.1666666,6,2015;2016;2017;2018;2019;2020
25138099999,68.1166666,164.1666666,6,2015;2016;2017;2018;2019;2020
25147099999,68.05,166.45,6,2015;2016;2017;2018;2019;2020
25151099999,68.8833333,170.7833333,6,2015;2016;2017;2018;2019;2020
25173099999,68.9,-179.6333333,1,2015
25206099999,67.45,153.7166666,6,2015;2016;2017;2018;2019;2020
25248099999,67.25,167.9666666,6,2015;2016;2017;2018;2019;2020
25282099999,67.8333333,-175.833333,6,2015;2016;2017;2018;2019;2020
25335099999,66.5333333,164.2833333,6,2015;2016;2017;2018;2019;2020
25356099999,66.3833333,173.3333333,6,2015;2016;2017;2018;2019;2020
25378099999,66.35,-179.1166666,6,2015;2016;2017;2018;2019;2020
25399099999,66.15,-169.8333333,6,2015;2016;2017;2018;2019;2020
25400099999,65.7333333,150.9,6,2015;2016;2017;2018;2019;2020
25428099999,65.2333333,160.5333333,6,2015;2016;2017;2018;2019;2020
25469099999,65.1833333,176.7666666,6,2015;2016;2017;2018;2019;2020
25503099999,64.75,153.9666666,6,2015;2016;2017;2018;2019;2020
25538099999,64.2166666,164.2333333,2,2015;2016
25551099999,64.6833333,170.4166666,6,2015;2016;2017;2018;2019;2020
25561099999,64.8666666,174.4166666,6,2015;2016;2017;2018;2019;2020
25563099999,64.73495,177.741483,6,2015;2016;2017;2018;2019;2020
25594099999,64.378139,-173.243306,6,2015;2016;2017;2018;2019;2020
25627099999,63.3,158.5,6,2015;2016;2017;2018;2019;2020
25648099999,63.2,167.85,6,2015;2016;2017;2018;2019;2020
25700099999,62.8,150.6666666,6,2015;2016;2017;2018;2019;2020
25703099999,62.9166666,152.4166666,6,2015;2016;2017;2018;2019;2020
25705099999,62.45,152.3166666,6,2015;2016;2017;2018;2019;2020
25707099999,62.1,150.6833333,6,2015;2016;2017;2018;2019;2020
25715099999,62.5166666,155.8,6,2015;2016;2017;2018;2019;2020
25745099999,62.4833333,166.2166666,6,2015;2016;2017;2018;2019;2020
25808099999,61.1333333,152.3833333,6,2015;2016;2017;2018;2019;2020
25820099999,61.9166666,159.2166666,6,2015;2016;2017;2018;2019;2020
25904099999,60.6,150.7,6,2015;2016;2017;2018;2019;2020
25913099999,59.910989,150.720439,6,2015;2016;2017;2018;2019;2020
25916099999,58.8333333,151.35,6,2015;2016;2017;2018;2019;2020
25919099999,59.1,153.3333333,6,2015;2016;2017;2018;2019;2020
25922099999,60.7166666,155.8833333,6,2015;2016;2017;2018;2019;2020
25927099999,59.65,154.2666666,6,2015;2016;2017;2018;2019;2020
25941099999,60.7333333,163.0166666,6,2015;2016;2017;2018;2019;2020
25956099999,60.4333333,169.6666666,6,2015;2016;2017;2018;2019;2020
26029099999,59.3833333,24.0333333,6,2015;2016;2017;2018;2019;2020
26038099999,59.413317,24.832844,6,2015;2016;2017;2018;2019;2020
26038199999,58.417,24.467,6,2015;2016;2017;2018;2019;2020
26045099999,59.5166666,26.55,6,2015;2016;2017;2018;2019;2020
26046099999,59.3333333,27.3833333,6,2015;2016;2017;2018;2019;2020
26058099999,59.3894444,28.1166666,6,2015;2016;2017;2018;2019;2020
26059099999,59.3666666,28.6,6,2015;2016;2017;2018;2019;2020
26063099999,59.800292,30.262503,6,2015;2016;2017;2018;2019;2020
26067099999,59.4333333,29.5,3,2015;2016;2020
26069099999,59.35,30.1333333,6,2015;2016;2017;2018;2019;2020
26072099999,59.9333333,31.0,6,2015;2016;2017;2018;2019;2020
26078099999,59.35,31.2333333,6,2015;2016;2017;2018;2019;2020
26080099999,59.45,32.0333333,6,2015;2016;2017;2018;2019;2020
26094099999,59.65,33.55,6,2015;2016;2017;2018;2019;2020
26099099999,59.5,34.7,6,2015;2016;2017;2018;2019;2020
26114899999,53.882469,28.030731,6,2015;2016;2017;2018;2019;2020
26114999999,53.95,30.1,6,2015;2016;2017;2018;2019;2020
26115099999,58.9166666,22.0666666,6,2015;2016;2017;2018;2019;2020
26116099999,58.990756,22.830733,6,2015;2016;2017;2018;2019;2020
26116199999,58.217,22.5,6,2015;2016;2017;2018;2019;2020
26124099999,58.95,23.8166666,6,2015;2016;2017;2018;2019;2020
26128099999,58.5666666,23.5166666,6,2015;2016;2017;2018;2019;2020
26134099999,58.9666666,24.7333333,6,2015;2016;2017;2018;2019;2020
26135099999,58.8166666,25.4166666,6,2015;2016;2017;2018;2019;2020
26141099999,59.1333333,26.2333333,6,2015;2016;2017;2018;2019;2020
26144099999,58.75,26.4166666,6,2015;2016;2017;2018;2019;2020
26145099999,58.8666666,26.95,6,2015;2016;2017;2018;2019;2020
26157099999,58.7333333,27.8333333,6,2015;2016;2017;2018;2019;2020
26167099999,58.5666666,29.8,6,2015;2016;2017;2018;2019;2020
26179099999,58.5166666,31.25,6,2015;2016;2017;2018;2019;2020
26214099999,58.3833333,21.8166666,6,2015;2016;2017;2018;2019;2020
26218099999,57.9166666,22.05,6,2015;2016;2017;2018;2019;2020
26226099999,58.1,23.9666666,6,2015;2016;2017;2018;2019;2020
26227099999,57.7833333,23.25,6,2015;2016;2017;2018;2019;2020
26229099999,57.8666666,24.3666666,6,2015;2016;2017;2018;2019;2020
26233099999,58.3666666,25.6,6,2015;2016;2017;2018;2019;2020
26238099999,57.9,25.3833333,6,2015;2016;2017;2018;2019;2020
26242099999,58.307461,26.690428,6,2015;2016;2017;2018;2019;2020
26247099999,57.7833333,26.0333333,6,2015;2016;2017;2018;2019;2020
26249099999,57.85,27.0166666,6,2015;2016;2017;2018;2019;2020
26258099999,57.783917,28.395614,6,2015;2016;2017;2018;2019;2020
26268099999,57.8166666,29.95,6,2015;2016;2017;2018;2019;2020
26275099999,58.0166666,31.3166666,6,2015;2016;2017;2018;2019;2020
26285099999,58.2666666,32.5333333,6,2015;2016;2017;2018;2019;2020
26291099999,58.4166666,33.9,6,2015;2016;2017;2018;2019;2020
26298099999,57.9,34.03,6,2015;2016;2017;2018;2019;2020
26313099999,57.75,22.6,6,2015;2016;2017;2018;2019;2020
26318099999,57.1833333,22.55,6,2015;2016;2017;2018;2019;2020
26324099999,57.35,23.1166666,6,2015;2016;2017;2018;2019;2020
26326099999,57.3166666,24.4166666,6,2015;2016;2017;2018;2019;2020
26335099999,57.3166666,25.3333333,4,2015;2018;2019;2020
26339099999,57.1333333,25.9166666,6,2015;2016;2017;2018;2019;2020
26346099999,57.4333333,27.0333333,6,2015;2016;2017;2018;2019;2020
26348099999,57.1333333,26.7166666,6,2015;2016;2017;2018;2019;2020
26359099999,57.0166666,28.9,6,2015;2016;2017;2018;2019;2020
26378099999,57.15,31.1833333,6,2015;2016;2017;2018;2019;2020
26381099999,57.65,32.4666666,6,2015;2016;2017;2018;2019;2020
26389099999,57.1333333,33.1166666,6,2015;2016;2017;2018;2019;2020
26393099999,57.55,34.5666666,6,2015;2016;2017;2018;2019;2020
26403099999,56.8833333,21.1833333,6,2015;2016;2017;2018;2019;2020
26405099999,57.35,21.533,6,2015;2016;2017;2018;2019;2020
26406099999,56.5175,21.096944,6,2015;2016;2017;2018;2019;2020
26416099999,56.6833333,22.5,6,2015;2016;2017;2018;2019;2020
26422599999,56.9666667,24.05,6,2015;2016;2017;2018;2019;2020
26424099999,56.6166666,23.3166666,6,2015;2016;2017;2018;2019;2020
26425099999,56.65,23.7333333,6,2015;2016;2017;2018;2019;2020
26429099999,56.4,24.2166666,6,2015;2016;2017;2018;2019;2020
26435099999,56.65,25.1333333,6,2015;2016;2017;2018;2019;2020
26436099999,56.5166666,25.9166666,6,2015;2016;2017;2018;2019;2020
26446099999,56.5333333,27.2666666,6,2015;2016;2017;2018;2019;2020
26447099999,56.85,26.2333333,6,2015;2016;2017;2018;2019;2020
26456099999,56.7166666,28.7166666,6,2015;2016;2017;2018;2019;2020
26477099999,56.35,30.62,6,2015;2016;2017;2018;2019;2020
26479099999,56.4833333,31.6333333,6,2015;2016;2017;2018;2019;2020
26499099999,56.5,34.9333333,6,2015;2016;2017;2018;2019;2020
26501099999,56.35,22.3166666,3,2015;2019;2020
26502099999,55.973228,21.093856,6,2015;2016;2017;2018;2019;2020
26502199999,55.883,23.383,6,2015;2016;2017;2018;2019;2020
26503099999,56.15,21.1666666,2,2019;2020
26509099999,55.7333333,21.0833333,6,2015;2016;2017;2018;2019;2020
26515099999,55.9666666,22.25,3,2015;2019;2020
26518099999,55.6166666,22.2333333,6,2015;2016;2017;2018;2019;2020
26529099999,55.7333333,24.4166666,4,2015;2018;2019;2020
26531099999,56.2,24.7666666,6,2015;2016;2017;2018;2019;2020
26544099999,55.8666666,26.6166666,6,2015;2016;2017;2018;2019;2020
26547099999,55.5166666,26.3,2,2019;2020
26554099999,55.8166666,27.95,6,2015;2016;2017;2018;2019;2020
26578099999,55.6166666,31.1833333,6,2015;2016;2017;2018;2019;2020
26585099999,55.85,32.95,6,2015;2016;2017;2018;2019;2020
26600099999,55.35,21.4666666,4,2015;2018;2019;2020
26621099999,55.4,23.15,3,2015;2019;2020
26629099999,54.8833333,23.8333333,6,2015;2016;2017;2018;2019;2020
26629599999,54.963919,24.084778,6,2015;2016;2017;2018;2019;2020
26633099999,55.5166666,25.5833333,6,2015;2016;2017;2018;2019;2020
26634099999,55.2666666,24.7666666,3,2015;2019;2020
26636099999,55.15,26.1666666,3,2015;2019;2020
26643099999,55.3666666,27.4666666,6,2015;2016;2017;2018;2019;2020
26645099999,55.05,26.3166666,6,2015;2016;2017;2018;2019;2020
26653099999,55.4666666,28.7666666,6,2015;2016;2017;2018;2019;2020
26657099999,54.8833333,27.75,6,2015;2016;2017;2018;2019;2020
26659099999,54.8833333,28.7,6,2015;2016;2017;2018;2019;2020
26666099999,55.1265,30.349639,6,2015;2016;2017;2018;2019;2020
26666199999,53.6,24.533,6,2015;2016;2017;2018;2019;2020
26668099999,54.8166666,29.6833333,6,2015;2016;2017;2018;2019;2020
26695099999,55.1666666,34.4,6,2015;2016;2017;2018;2019;2020
26702099999,54.89005,20.592633,6,2015;2016;2017;2018;2019;2020
26711099999,54.6333333,21.8,4,2015;2016;2017;2018
26713099999,54.65,22.8,2,2019;2020
26714099999,54.5333333,23.35,3,2015;2019;2020
26730099999,54.634133,25.285767,6,2015;2016;2017;2018;2019;2020
26736099999,54.45,25.95,1,2017
26737099999,54.25,24.55,2,2019;2020
26748099999,54.317,26.883,1,2017
26759099999,54.2666666,28.5,6,2015;2016;2017;2018;2019;2020
26763099999,54.5,30.4166666,6,2015;2016;2017;2018;2019;2020
26774099999,54.3,30.9333333,6,2015;2016;2017;2018;2019;2020
26781099999,54.75,32.0666666,6,2015;2016;2017;2018;2019;2020
26784099999,54.4166666,32.4333333,6,2015;2016;2017;2018;2019;2020
26795099999,54.4166666,34.0166666,6,2015;2016;2017;2018;2019;2020
26832099999,53.9022222,25.3166666,6,2015;2016;2017;2018;2019;2020
26836099999,53.6,25.85,3,2015;2016;2017
26846099999,53.62,27.08,2,2015;2016
26850099999,53.864472,27.539683,6,2015;2016;2017;2018;2019;2020
26853099999,53.8333333,28.9833333,6,2015;2016;2017;2018;2019;2020
26855099999,53.45,28.1333333,6,2015;2016;2017;2018;2019;2020
26864099999,53.5,29.3333333,6,2015;2016;2017;2018;2019;2020
26878099999,53.45,31.0166666,6,2015;2016;2017;2018;2019;2020
26882099999,53.9333333,32.8333333,6,2015;2016;2017;2018;2019;2020
26887099999,53.35,32.0666666,6,2015;2016;2017;2018;2019;2020
26894099999,53.5333333,33.75,6,2015;2016;2017;2018;2019;2020
26898099999,53.214194,34.176447,6,2015;2016;2017;2018;2019;2020
26923099999,53.17,24.45,2,2015;2016
26938099999,52.72,25.35,2,2015;2016
26941099999,53.1166666,26.0,6,2015;2016;2017;2018;2019;2020
26951099999,53.0333333,27.55,6,2015;2016;2017;2018;2019;2020
26961099999,53.2166666,29.1269444,6,2015;2016;2017;2018;2019;2020
26966099999,52.9,30.0333333,6,2015;2016;2017;2018;2019;2020
26976099999,53.0166666,31.6,6,2015;2016;2017;2018;2019;2020
26997099999,52.5833333,33.7666666,6,2015;2016;2017;2018;2019;2020
27008099999,59.4,35.9,6,2015;2016;2017;2018;2019;2020
27020099999,59.95,38.6,4,2015;2016;2017;2018
27026099999,59.6,39.1669444,4,2015;2016;2017;2018
27037099999,59.2333333,39.8666667,6,2015;2016;2017;2018;2019;2020
27051099999,59.9666666,42.7666666,6,2015;2016;2017;2018;2019;2020
27066099999,59.5333333,45.4666666,6,2015;2016;2017;2018;2019;2020
27083099999,59.85,48.2833333,6,2015;2016;2017;2018;2019;2020
27106099999,58.85,36.4333333,6,2015;2016;2017;2018;2019;2020
27108099999,58.5666666,35.6333333,6,2015;2016;2017;2018;2019;2020
27113099999,59.2666666,38.0166666,6,2015;2016;2017;2018;2019;2020
27164099999,58.8166666,44.3166666,6,2015;2016;2017;2018;2019;2020
27176099999,58.9333333,46.7666666,6,2015;2016;2017;2018;2019;2020
27199099999,58.5666666,49.5666666,6,2015;2016;2017;2018;2019;2020
27208099999,57.8,35.8833333,6,2015;2016;2017;2018;2019;2020
27215099999,58.0333333,37.1,6,2015;2016;2017;2018;2019;2020
27223099999,58.4833333,39.1333333,6,2015;2016;2017;2018;2019;2020
27225099999,58.1,38.6833333,6,2015;2016;2017;2018;2019;2020
27225599999,57.560667,40.157369,6,2015;2016;2017;2018;2019;2020
27242099999,58.4833333,41.5333333,6,2015;2016;2017;2018;2019;2020
27252099999,58.35,43.3833333,6,2015;2016;2017;2018;2019;2020
27271099999,58.3666666,45.5333333,6,2015;2016;2017;2018;2019;2020
27277099999,57.85,45.7666666,6,2015;2016;2017;2018;2019;2020
27283099999,58.3,48.35,6,2015;2016;2017;2018;2019;2020
27296099999,58.1,49.9166666,6,2015;2016;2017;2018;2019;2020
27316099999,57.35,37.5833333,6,2015;2016;2017;2018;2019;2020
27321099999,57.5,38.3,6,2015;2016;2017;2018;2019;2020
27329099999,57.2,39.4166666,6,2015;2016;2017;2018;2019;2020
27333099999,57.7333333,40.7833333,6,2015;2016;2017;2018;2019;2020
27347099999,56.95,40.9666666,6,2015;2016;2017;2018;2019;2020
27355099999,57.3333333,43.1166666,6,2015;2016;2017;2018;2019;2020
27369099999,57.1333333,45.1666666,6,2015;2016;2017;2018;2019;2020
27373099999,57.6666666,46.6333333,6,2015;2016;2017;2018;2019;2020
27393099999,57.55,49.95,6,2015;2016;2017;2018;2019;2020
27402099999,56.8833333,35.8666666,6,2015;2016;2017;2018;2019;2020
27417099999,56.35,36.75,6,2015;2016;2017;2018;2019;2020
27453099999,56.6833333,43.4333333,6,2015;2016;2017;2018;2019;2020
27459099999,56.230119,43.784042,6,2015;2016;2017;2018;2019;2020
27479099999,56.3333333,46.5833333,6,2015;2016;2017;2018;2019;2020
27485099999,56.6333333,47.7666666,6,2015;2016;2017;2018;2019;2020
27491099999,57.0,48.7333333,6,2015;2016;2017;2018;2019;2020
27507099999,55.5166666,35.0333333,6,2015;2016;2017;2018;2019;2020
27511099999,55.9,36.8166666,6,2015;2016;2017;2018;2019;2020
27515599999,55.972642,37.414589,6,2015;2016;2017;2018;2019;2020
27518599999,55.591531,37.261486,6,2015;2016;2017;2018;2019;2020
27523099999,55.7666666,38.6833333,6,2015;2016;2017;2018;2019;2020
27532099999,56.1166666,40.35,6,2015;2016;2017;2018;2019;2020
27539099999,55.6,40.65,6,2015;2016;2017;2018;2019;2020
27577099999,55.5333333,45.5,6,2015;2016;2017;2018;2019;2020
27593099999,56.0833333,49.8666666,6,2015;2016;2017;2018;2019;2020
27595099999,55.606186,49.278728,6,2015;2016;2017;2018;2019;2020
27606099999,55.0166666,36.4833333,6,2015;2016;2017;2018;2019;2020
27607099999,55.564686,52.092511,6,2015;2016;2017;2018;2019;2020
27611099999,55.3833333,36.7,6,2015;2016;2017;2018;2019;2020
27612099999,55.8333333,37.6166667,6,2015;2016;2017;2018;2019;2020
27627099999,54.8333333,38.15,6,2015;2016;2017;2018;2019;2020
27643099999,55.3333333,42.1166666,6,2015;2016;2017;2018;2019;2020
27648099999,54.95,41.7666666,6,2015;2016;2017;2018;2019;2020
27653099999,55.3666666,43.7833333,6,2015;2016;2017;2018;2019;2020
27665099999,55.0333333,44.5,6,2015;2016;2017;2018;2019;2020
27675099999,55.1833333,46.3333333,6,2015;2016;2017;2018;2019;2020
27679099999,54.8166666,46.5833333,6,2015;2016;2017;2018;2019;2020
27697099999,54.9333333,48.7833333,6,2015;2016;2017;2018;2019;2020
27703099999,54.55,36.3666666,6,2015;2016;2017;2018;2019;2020
27707099999,54.1,35.35,6,2015;2016;2017;2018;2019;2020
27719099999,54.2333333,37.6166666,6,2015;2016;2017;2018;2019;2020
27730099999,54.6333333,39.7,6,2015;2016;2017;2018;2019;2020
27745099999,54.35,41.9666666,6,2015;2016;2017;2018;2019;2020
27752099999,54.6333333,43.2333333,6,2015;2016;2017;2018;2019;2020
27756099999,54.4333333,43.7666666,6,2015;2016;2017;2018;2019;2020
27760099999,54.1333333,45.2333333,6,2015;2016;2017;2018;2019;2020
27776099999,54.4833333,46.7,6,2015;2016;2017;2018;2019;2020
27785099999,54.275556,48.243056,6,2015;2016;2017;2018;2019;2020
27799099999,54.2333333,49.6,6,2015;2016;2017;2018;2019;2020
27817099999,53.3833333,36.5333333,6,2015;2016;2017;2018;2019;2020
27821099999,54.0,38.1333333,6,2015;2016;2017;2018;2019;2020
27823099999,53.7833333,39.25,6,2015;2016;2017;2018;2019;2020
27835099999,53.7166666,40.1166666,6,2015;2016;2017;2018;2019;2020
27848099999,53.45,41.8,6,2015;2016;2017;2018;2019;2020
27857099999,53.4833333,42.6333333,6,2015;2016;2017;2018;2019;2020
27858099999,53.3333333,43.3166666,6,2015;2016;2017;2018;2019;2020
27872099999,53.85,46.4166666,6,2015;2016;2017;2018;2019;2020
27894099999,53.6,48.8333333,6,2015;2016;2017;2018;2019;2020
27906099999,52.9333333,36.0,6,2015;2016;2017;2018;2019;2020
27921099999,53.15,38.1166666,6,2015;2016;2017;2018;2019;2020
27928099999,52.6333333,38.5166666,6,2015;2016;2017;2018;2019;2020
27930099999,52.702547,39.538034,6,2015;2016;2017;2018;2019;2020
27935099999,52.8833333,40.4833333,6,2015;2016;2017;2018;2019;2020
27947099999,52.8,41.3333333,6,2015;2016;2017;2018;2019;2020
27955099999,52.9666666,43.4,6,2015;2016;2017;2018;2019;2020
27957099999,52.6666666,42.7166666,6,2015;2016;2017;2018;2019;2020
27962099999,53.1333333,45.0166667,6,2015;2016;2017;2018;2019;2020
27962199999,54.401017,48.802656,6,2015;2016;2017;2018;2019;2020
27962299999,56.090269,47.34725,6,2015;2016;2017;2018;2019;2020
27972099999,53.05,46.4333333,6,2015;2016;2017;2018;2019;2020
27981099999,53.15,47.5166666,6,2015;2016;2017;2018;2019;2020
27983099999,53.1833333,48.4,6,2015;2016;2017;2018;2019;2020
27995099999,52.9833333,49.4333333,6,2015;2016;2017;2018;2019;2020
28009099999,59.35,52.25,6,2015;2016;2017;2018;2019;2020
28044099999,59.6,60.5333333,6,2015;2016;2017;2018;2019;2020
28049099999,59.4333333,62.3333333,6,2015;2016;2017;2018;2019;2020
28064099999,59.6166666,65.7166666,6,2015;2016;2017;2018;2019;2020
28076099999,59.6,69.2833333,6,2015;2016;2017;2018;2019;2020
28097099999,59.5833333,73.2833333,6,2015;2016;2017;2018;2019;2020
28116099999,58.9833333,54.65,6,2015;2016;2017;2018;2019;2020
28138099999,58.5166666,58.85,6,2015;2016;2017;2018;2019;2020
28144099999,58.8666666,60.7833333,6,2015;2016;2017;2018;2019;2020
28165099999,58.7166666,66.0833333,6,2015;2016;2017;2018;2019;2020
28214099999,58.1333333,52.5833333,6,2015;2016;2017;2018;2019;2020
28216099999,58.0833333,54.6833333,4,2015;2016;2017;2018
28224099999,58.0,56.3333333,6,2015;2016;2017;2018;2019;2020
28225099999,57.914517,56.021214,6,2015;2016;2017;2018;2019;2020
28240099999,57.8833333,60.0666666,6,2015;2016;2017;2018;2019;2020
28255099999,58.05,63.6833333,3,2015;2016;2017
28275099999,58.15,68.25,6,2015;2016;2017;2018;2019;2020
28319099999,57.0833333,54.75,6,2015;2016;2017;2018;2019;2020
28321099999,57.7166666,55.3833333,6,2015;2016;2017;2018;2019;2020
28334099999,57.35,58.2166666,6,2015;2016;2017;2018;2019;2020
28366099999,57.4166666,67.0833333,6,2015;2016;2017;2018;2019;2020
28367099999,57.1166666,65.4333333,6,2015;2016;2017;2018;2019;2020
28382099999,57.6833333,71.1833333,6,2015;2016;2017;2018;2019;2020
28383099999,57.5166666,72.4,4,2015;2016;2017;2018
28411099999,56.8333333,53.45,6,2015;2016;2017;2018;2019;2020
28418099999,56.4666666,53.7333333,6,2015;2016;2017;2018;2019;2020
28428099999,56.5,56.1333333,4,2015;2016;2017;2018
28434099999,56.65,57.7833333,6,2015;2016;2017;2018;2019;2020
28440099999,56.743108,60.802728,6,2015;2016;2017;2018;2019;2020
28451099999,56.85,62.7166666,4,2015;2016;2017;2018
28465099999,56.6833333,66.35,6,2015;2016;2017;2018;2019;2020
28481099999,56.8166666,70.6166666,6,2015;2016;2017;2018;2019;2020
28491099999,56.9333333,72.6666666,6,2015;2016;2017;2018;2019;2020
28493099999,56.9,74.3833333,6,2015;2016;2017;2018;2019;2020
28493599999,56.172947,92.493278,6,2015;2016;2017;2018;2019;2020
28502099999,56.2333333,51.0333333,6,2015;2016;2017;2018;2019;2020
28506099999,55.7666666,52.0666666,6,2015;2016;2017;2018;2019;2020
28517099999,55.7166666,53.0666666,6,2015;2016;2017;2018;2019;2020
28522099999,56.1102777,56.5736111,6,2015;2016;2017;2018;2019;2020
28537099999,55.7,57.9,2,2015;2016
28541099999,56.0833333,60.3,6,2015;2016;2017;2018;2019;2020
28552099999,56.0666666,63.65,6,2015;2016;2017;2018;2019;2020
28573099999,56.1,69.4333333,6,2015;2016;2017;2018;2019;2020
28586099999,55.8666666,72.2,4,2015;2016;2017;2018
28588099999,55.5666666,71.3666666,4,2015;2016;2017;2018
28593099999,56.1,74.6333333,6,2015;2016;2017;2018;2019;2020
28598099999,55.6,73.4833333,1,2016
28612099999,55.3166666,53.1833333,6,2015;2016;2017;2018;2019;2020
28615099999,55.1833333,53.8,2,2015;2016
28621099999,55.4166666,55.5333333,6,2015;2016;2017;2018;2019;2020
28642099999,55.305836,61.503333,6,2015;2016;2017;2018;2019;2020
28645099999,55.15,61.3,6,2015;2016;2017;2018;2019;2020
28655099999,55.2333333,63.3166666,4,2015;2016;2017;2018
28661099999,55.4666666,65.4,6,2015;2016;2017;2018;2019;2020
28666099999,55.25,67.3,6,2015;2016;2017;2018;2019;2020
28676099999,54.83,69.15,6,2015;2016;2017;2018;2019;2020
28687099999,54.9,70.45,3,2018;2019;2020
28688099999,54.9,71.25,4,2015;2016;2017;2018
28696099999,55.0333333,74.5833333,4,2015;2016;2017;2018
28698099999,54.967042,73.310514,6,2015;2016;2017;2018;2019;2020
28704099999,54.5,50.4166666,6,2015;2016;2017;2018;2019;2020
28705099999,54.4166666,51.1,6,2015;2016;2017;2018;2019;2020
28711099999,54.6166666,52.8,6,2015;2016;2017;2018;2019;2020
28719099999,54.0166666,54.15,6,2015;2016;2017;2018;2019;2020
28722099999,54.557511,55.874417,6,2015;2016;2017;2018;2019;2020
28748099999,54.0833333,61.6166666,6,2015;2016;2017;2018;2019;2020
28756099999,54.4666666,64.8666666,4,2015;2016;2017;2018
28764099999,54.483,65.767,5,2015;2016;2018;2019;2020
28766099999,54.3666666,66.9666666,6,2015;2016;2017;2018;2019;2020
28775199999,54.4,68.4,3,2018;2019;2020
28785499999,53.74,91.385,6,2015;2016;2017;2018;2019;2020
28786099999,54.3666666,71.75,6,2015;2016;2017;2018;2019;2020
28791099999,54.6333333,72.4333333,4,2015;2016;2017;2018
28797099999,54.2,72.9666666,6,2015;2016;2017;2018;2019;2020
28799099999,54.1666666,74.8,6,2015;2016;2017;2018;2019;2020
28806099999,53.6166666,52.45,6,2015;2016;2017;2018;2019;2020
28825099999,53.5833333,55.9336111,6,2015;2016;2017;2018;2019;2020
28838099999,53.35,59.0833333,6,2015;2016;2017;2018;2019;2020
28843099999,53.75,62.033,3,2018;2019;2020
28863099999,53.767,67.383,3,2018;2019;2020
28867099999,53.3166666,65.55,6,2015;2016;2017;2018;2019;2020
28873099999,53.833,69.783,3,2018;2019;2020
28879099999,53.2833333,69.3833333,6,2015;2016;2017;2018;2019;2020
28884199999,53.6,70.5,3,2018;2019;2020
28900099999,53.504858,50.164336,6,2015;2016;2017;2018;2019;2020
28908099999,52.6166666,51.2833333,6,2015;2016;2017;2018;2019;2020
28909099999,52.8166666,52.2166666,4,2015;2016;2017;2018
28916099999,52.9333333,54.75,6,2015;2016;2017;2018;2019;2020
28948099999,52.717,61.167,3,2018;2019;2020
28952099999,53.2166666,63.6166666,6,2015;2016;2017;2018;2019;2020
28966099999,52.8166666,66.9666666,6,2015;2016;2017;2018;2019;2020
28978099999,52.5333333,68.75,6,2015;2016;2017;2018;2019;2020
28984099999,52.95,70.2166666,6,2015;2016;2017;2018;2019;2020
28993099999,53.15,74.2,3,2018;2019;2020
29023099999,59.85,81.95,6,2015;2016;2017;2018;2019;2020
29059099999,59.4333333,89.2833333,6,2015;2016;2017;2018;2019;2020
29068099999,59.5,90.9283333,6,2015;2016;2017;2018;2019;2020
29111099999,59.2166666,78.2333333,6,2015;2016;2017;2018;2019;2020
29122099999,59.05,80.8333333,6,2015;2016;2017;2018;2019;2020
29149099999,58.6333333,86.7333333,6,2015;2016;2017;2018;2019;2020
29203099999,58.5833333,76.5166666,6,2015;2016;2017;2018;2019;2020
29209099999,57.8,77.2166666,6,2015;2016;2017;2018;2019;2020
29231099999,58.3166666,82.95,6,2015;2016;2017;2018;2019;2020
29253099999,58.45,89.4666666,6,2015;2016;2017;2018;2019;2020
29263099999,58.45,92.15,6,2015;2016;2017;2018;2019;2020
29274099999,58.0833333,93.0,6,2015;2016;2017;2018;2019;2020
29276099999,58.1833333,94.75,6,2015;2016;2017;2018;2019;2020
29282099999,58.3833333,97.45,6,2015;2016;2017;2018;2019;2020
29313099999,57.5333333,79.4305556,6,2015;2016;2017;2018;2019;2020
29328099999,57.0,82.0666666,6,2015;2016;2017;2018;2019;2020
29332099999,57.5833333,83.7833333,6,2015;2016;2017;2018;2019;2020
29348099999,57.0666666,86.2166666,6,2015;2016;2017;2018;2019;2020
29363099999,57.6333333,92.2666666,6,2015;2016;2017;2018;2019;2020
29367099999,56.9666666,90.6833333,6,2015;2016;2017;2018;2019;2020
29374099999,57.6833333,93.2666666,6,2015;2016;2017;2018;2019;2020
29379099999,57.2,94.55,6,2015;2016;2017;2018;2019;2020
29393099999,57.65,99.5333333,6,2015;2016;2017;2018;2019;2020
29405099999,56.6,76.5666666,6,2015;2016;2017;2018;2019;2020
29418099999,56.35,78.35,6,2015;2016;2017;2018;2019;2020
29430099999,56.5,84.9166666,6,2015;2016;2017;2018;2019;2020
29456099999,56.5333333,89.3166666,6,2015;2016;2017;2018;2019;2020
29464099999,56.65,90.55,6,2015;2016;2017;2018;2019;2020
29467099999,56.2833333,90.5166666,6,2015;2016;2017;2018;2019;2020
29471099999,56.9,93.1333333,6,2015;2016;2017;2018;2019;2020
29477099999,56.5,93.2833333,6,2015;2016;2017;2018;2019;2020
29481099999,56.85,95.2166666,6,2015;2016;2017;2018;2019;2020
29485099999,56.6833333,96.05,6,2015;2016;2017;2018;2019;2020
29524099999,55.85,80.0333333,6,2015;2016;2017;2018;2019;2020
29551099999,56.1833333,87.6833333,6,2015;2016;2017;2018;2019;2020
29553099999,56.2166666,89.55,6,2015;2016;2017;2018;2019;2020
29557099999,55.75,88.3166666,4,2015;2016;2017;2018
29558099999,55.5333333,89.2,6,2015;2016;2017;2018;2019;2020
29561099999,56.0333333,90.3166666,6,2015;2016;2017;2018;2019;2020
29562099999,56.1,91.6666666,6,2015;2016;2017;2018;2019;2020
29563099999,56.1166666,92.2,6,2015;2016;2017;2018;2019;2020
29566099999,55.9333333,92.2833333,6,2015;2016;2017;2018;2019;2020
29570099999,56.0666666,92.7333333,2,2015;2016
29571099999,56.0666666,92.7333333,6,2015;2016;2017;2018;2019;2020
29576099999,55.8166666,94.3,6,2015;2016;2017;2018;2019;2020
29578099999,55.7166666,93.75,6,2015;2016;2017;2018;2019;2020
29580099999,56.1666666,95.2666666,6,2015;2016;2017;2018;2019;2020
29581099999,56.2,95.6333333,6,2015;2016;2017;2018;2019;2020
29587099999,55.6333333,95.4666666,6,2015;2016;2017;2018;2019;2020
29594099999,55.95,98.0,6,2015;2016;2017;2018;2019;2020
29602099999,55.3,76.75,6,2015;2016;2017;2018;2019;2020
29605099999,55.2,76.0188889,6,2015;2016;2017;2018;2019;2020
29612099999,55.3333333,78.3083333,6,2015;2016;2017;2018;2019;2020
29625099999,55.1,80.9666666,4,2015;2016;2017;2018
29631099999,55.3,82.75,6,2015;2016;2017;2018;2019;2020
29634099999,55.012622,82.650656,6,2015;2016;2017;2018;2019;2020
29636099999,55.2333333,84.4,6,2015;2016;2017;2018;2019;2020
29638099999,54.9,82.95,6,2015;2016;2017;2018;2019;2020
29642099999,55.270094,86.107208,6,2015;2016;2017;2018;2019;2020
29645099999,55.25,86.2166666,6,2015;2016;2017;2018;2019;2020
29653099999,55.3,89.8166666,6,2015;2016;2017;2018;2019;2020
29654099999,55.2166666,87.65,6,2015;2016;2017;2018;2019;2020
29662099999,55.3833333,91.6166666,6,2015;2016;2017;2018;2019;2020
29664099999,55.0833333,90.85,6,2015;2016;2017;2018;2019;2020
29676099999,55.25,94.8833333,6,2015;2016;2017;2018;2019;2020
29698099999,54.8833333,99.0333333,6,2015;2016;2017;2018;2019;2020
29706099999,54.3666666,77.2833333,6,2015;2016;2017;2018;2019;2020
29712099999,54.7,78.6666666,6,2015;2016;2017;2018;2019;2020
29724099999,54.3333333,80.4666666,6,2015;2016;2017;2018;2019;2020
29726099999,54.3666666,81.8833333,6,2015;2016;2017;2018;2019;2020
29736099999,54.3333333,84.2166666,6,2015;2016;2017;2018;2019;2020
29752099999,54.75,88.8166666,6,2015;2016;2017;2018;2019;2020
29756099999,54.5,89.9333333,1,2018
29759099999,54.3333333,89.2833333,6,2015;2016;2017;2018;2019;2020
29766099999,54.3666666,92.1333333,6,2015;2016;2017;2018;2019;2020
29768099999,54.2,91.5833333,6,2015;2016;2017;2018;2019;2020
29771099999,55.35,92.1,6,2015;2016;2017;2018;2019;2020
29772099999,54.3666666,93.4333333,6,2015;2016;2017;2018;2019;2020
29789099999,54.2166666,96.9666666,6,2015;2016;2017;2018;2019;2020
29802099999,53.8166666,76.5333333,6,2015;2016;2017;2018;2019;2020
29807099999,53.35,75.45,6,2015;2016;2017;2018;2019;2020
29813099999,53.9666666,79.2333333,4,2015;2016;2017;2018
29814099999,53.7333333,78.0166666,6,2015;2016;2017;2018;2019;2020
29822099999,53.8166666,81.2666666,4,2015;2016;2017;2018
29827099999,53.2666666,80.7666666,6,2015;2016;2017;2018;2019;2020
29838099999,53.363775,83.538533,6,2015;2016;2017;2018;2019;2020
29846099999,53.7333333,87.1833333,3,2015;2016;2017
29864099999,53.7166666,90.3666666,6,2015;2016;2017;2018;2019;2020
29866099999,53.7166666,91.7,6,2015;2016;2017;2018;2019;2020
29869099999,53.3,92.4166666,6,2015;2016;2017;2018;2019;2020
29874099999,53.5833333,92.8833333,6,2015;2016;2017;2018;2019;2020
29876099999,53.6833333,94.2,6,2015;2016;2017;2018;2019;2020
29892099999,53.95,98.8166666,6,2015;2016;2017;2018;2019;2020
29906099999,52.917,77.417,3,2018;2019;2020
29915099999,52.9666666,78.65,6,2015;2016;2017;2018;2019;2020
29923099999,53.0666666,82.3,5,2015;2016;2017;2018;2019
29937099999,52.5166666,82.7666666,6,2015;2016;2017;2018;2019;2020
29939099999,52.6666666,84.9166666,6,2015;2016;2017;2018;2019;2020
29956099999,52.8,89.9166666,6,2015;2016;2017;2018;2019;2020
29962099999,53.05,90.9166666,1,2018
29963099999,53.117,92.45,1,2015
29974099999,52.8,93.2333333,6,2015;2016;2017;2018;2019;2020
29998099999,52.5,99.8166666,6,2015;2016;2017;2018;2019;2020
30028099999,59.2833333,106.1666666,6,2015;2016;2017;2018;2019;2020
30054099999,59.45,112.5833333,6,2015;2016;2017;2018;2019;2020
30074099999,59.9333333,117.6,6,2015;2016;2017;2018;2019;2020
30089099999,59.0166666,121.7666666,6,2015;2016;2017;2018;2019;2020
30127099999,58.2333333,105.7333333,6,2015;2016;2017;2018;2019;2020
30157099999,58.3166666,112.8666666,6,2015;2016;2017;2018;2019;2020
30165099999,58.4166666,116.0166666,1,2015
30173099999,59.0,119.8,6,2015;2016;2017;2018;2019;2020
30198099999,58.0666666,123.7166666,6,2015;2016;2017;2018;2019;2020
30230099999,57.7666667,108.0666667,6,2015;2016;2017;2018;2019;2020
30252099999,57.8166666,114.0166666,6,2015;2016;2017;2018;2019;2020
30309099999,56.370556,101.698331,6,2015;2016;2017;2018;2019;2020
30323099999,56.8,105.8,6,2015;2016;2017;2018;2019;2020
30328099999,56.05,105.8333333,6,2015;2016;2017;2018;2019;2020
30337099999,56.3166666,107.6166666,6,2015;2016;2017;2018;2019;2020
30372099999,56.9,118.2666666,6,2015;2016;2017;2018;2019;2020
30385099999,56.5833333,121.4833333,6,2015;2016;2017;2018;2019;2020
30393099999,56.8333333,124.8666667,6,2015;2016;2017;2018;2019;2020
30405099999,55.3833333,101.0333333,6,2015;2016;2017;2018;2019;2020
30433099999,55.7833333,109.55,6,2015;2016;2017;2018;2019;2020
30439099999,55.1166666,109.75,6,2015;2016;2017;2018;2019;2020
30455099999,55.4666666,113.6166666,6,2015;2016;2017;2018;2019;2020
30493099999,55.9666666,124.8833333,6,2015;2016;2017;2018;2019;2020
30499099999,55.1833333,124.6666666,6,2015;2016;2017;2018;2019;2020
30504099999,54.6,100.6333333,6,2015;2016;2017;2018;2019;2020
30521099999,54.8,105.1666666,6,2015;2016;2017;2018;2019;2020
30526099999,54.4833333,107.0666666,6,2015;2016;2017;2018;2019;2020
30554099999,54.4833333,113.5833333,6,2015;2016;2017;2018;2019;2020
30603099999,53.9333333,102.05,6,2015;2016;2017;2018;2019;2020
30612099999,54.0,103.0666666,6,2015;2016;2017;2018;2019;2020
30622099999,53.9666666,105.9,6,2015;2016;2017;2018;2019;2020
30627099999,53.1,105.5333333,6,2015;2016;2017;2018;2019;2020
30635099999,53.4166666,109.0166666,6,2015;2016;2017;2018;2019;2020
30636099999,53.6166666,109.6333333,6,2015;2016;2017;2018;2019;2020
30637099999,53.3166666,107.7333333,6,2015;2016;2017;2018;2019;2020
30650099999,53.2,112.7833333,6,2015;2016;2017;2018;2019;2020
30664099999,53.5333333,115.6166666,6,2015;2016;2017;2018;2019;2020
30669099999,53.0666666,117.4833333,2,2015;2017
30673099999,53.75,119.7333333,6,2015;2016;2017;2018;2019;2020
30683099999,53.9666666,121.9333333,6,2015;2016;2017;2018;2019;2020
30686099999,53.4666666,122.4,4,2015;2016;2017;2018
30695099999,53.4666666,123.9,6,2015;2016;2017;2018;2019;2020
30703099999,52.9666666,101.9833333,6,2015;2016;2017;2018;2019;2020
30710099999,52.268028,104.388975,6,2015;2016;2017;2018;2019;2020
30714099999,52.1,102.7,6,2015;2016;2017;2018;2019;2020
30731099999,52.9833333,108.2833333,6,2015;2016;2017;2018;2019;2020
30739099999,52.1666666,109.7833333,6,2015;2016;2017;2018;2019;2020
30741099999,52.7666666,109.9666666,6,2015;2016;2017;2018;2019;2020
30745099999,52.5333333,111.55,6,2015;2016;2017;2018;2019;2020
30758099999,52.026317,113.305556,6,2015;2016;2017;2018;2019;2020
30764099999,52.65,115.1666666,6,2015;2016;2017;2018;2019;2020
30777099999,52.2333333,117.7,6,2015;2016;2017;2018;2019;2020
30781099999,52.75,120.0333333,6,2015;2016;2017;2018;2019;2020
30802099999,51.6833333,100.9833333,6,2015;2016;2017;2018;2019;2020
30815099999,51.5333333,103.6,6,2015;2016;2017;2018;2019;2020
30822099999,51.7166666,105.85,6,2015;2016;2017;2018;2019;2020
30823099999,51.807764,107.437644,6,2015;2016;2017;2018;2019;2020
30829099999,51.1,106.65,6,2015;2016;2017;2018;2019;2020
30838099999,51.3166666,108.8666666,6,2015;2016;2017;2018;2019;2020
30844099999,51.35,110.4666666,6,2015;2016;2017;2018;2019;2020
30846099999,51.35,112.4666666,6,2015;2016;2017;2018;2019;2020
30859099999,51.1,114.5166666,6,2015;2016;2017;2018;2019;2020
30862099999,51.8666666,116.0333333,6,2015;2016;2017;2018;2019;2020
30879099999,51.3166666,119.6166666,6,2015;2016;2017;2018;2019;2020
30925099999,50.3666666,106.45,6,2015;2016;2017;2018;2019;2020
30935099999,50.3666666,108.75,6,2015;2016;2017;2018;2019;2020
30949099999,49.5666666,111.9666666,6,2015;2016;2017;2018;2019;2020
30957099999,50.2666666,113.2666666,6,2015;2016;2017;2018;2019;2020
30961099999,50.95,115.5833333,4,2015;2016;2017;2018
30965099999,50.4,116.5166666,6,2015;2016;2017;2018;2019;2020
30967099999,49.9,115.75,6,2015;2016;2017;2018;2019;2020
30971099999,50.9166666,117.9333333,4,2015;2016;2017;2018
30975099999,50.3333333,119.0666666,6,2015;2016;2017;2018;2019;2020
30978099999,49.8333333,118.3833333,4,2015;2016;2017;2018
31004099999,58.6166666,125.3666666,6,2015;2016;2017;2018;2019;2020
31005099999,58.9666666,126.2666666,6,2015;2016;2017;2018;2019;2020
31011099999,59.6666666,127.05,6,2015;2016;2017;2018;2019;2020
31016099999,58.6333333,128.5,6,2015;2016;2017;2018;2019;2020
31026099999,58.7333333,130.6166666,6,2015;2016;2017;2018;2019;2020
31041099999,59.6333333,133.0333333,6,2015;2016;2017;2018;2019;2020
31054099999,59.1833333,135.15,6,2015;2016;2017;2018;2019;2020
31062099999,59.7666666,137.6666666,6,2015;2016;2017;2018;2019;2020
31083099999,59.9666666,144.7833333,1,2015
31087099999,58.8166666,141.85,6,2015;2016;2017;2018;2019;2020
31088099999,59.3666666,143.2,6,2015;2016;2017;2018;2019;2020
31096099999,59.15,149.0333333,6,2015;2016;2017;2018;2019;2020
31102099999,57.65,125.9666666,6,2015;2016;2017;2018;2019;2020
31123099999,57.7666666,130.9,6,2015;2016;2017;2018;2019;2020
31137099999,56.2833333,131.1333333,6,2015;2016;2017;2018;2019;2020
31152099999,57.65,136.15,6,2015;2016;2017;2018;2019;2020
31163099999,57.767,140.183,1,2015
31168099999,56.45,138.15,6,2015;2016;2017;2018;2019;2020
31174099999,54.8333333,137.5333333,6,2015;2016;2017;2018;2019;2020
31253099999,54.7166666,128.8666666,6,2015;2016;2017;2018;2019;2020
31263099999,54.7333333,130.45,2,2016;2018
31285099999,54.5,134.4166666,6,2015;2016;2017;2018;2019;2020
31295099999,53.4666666,125.8166666,6,2015;2016;2017;2018;2019;2020
31300099999,53.7,127.3,6,2015;2016;2017;2018;2019;2020
31328999999,50.425394,127.412478,6,2015;2016;2017;2018;2019;2020
31329099999,53.0666667,132.9333333,6,2015;2016;2017;2018;2019;2020
31348099999,53.05,136.0333333,6,2015;2016;2017;2018;2019;2020
31369099999,53.15,140.7,6,2015;2016;2017;2018;2019;2020
31371099999,52.7833333,126.0,6,2015;2016;2017;2018;2019;2020
31388099999,52.35,129.9166666,6,2015;2016;2017;2018;2019;2020
31416099999,52.4166666,136.5,6,2015;2016;2017;2018;2019;2020
31418099999,52.2833333,135.8,6,2015;2016;2017;2018;2019;2020
31439099999,52.3833333,140.4666666,6,2015;2016;2017;2018;2019;2020
31442099999,51.9833333,127.65,6,2015;2016;2017;2018;2019;2020
31445099999,51.45,128.1166666,6,2015;2016;2017;2018;2019;2020
31474099999,51.6333333,133.2666666,6,2015;2016;2017;2018;2019;2020
31478099999,52.2666666,133.9833333,6,2015;2016;2017;2018;2019;2020
31484099999,51.4166666,135.0833333,6,2015;2016;2017;2018;2019;2020
31489099999,51.2,136.8,6,2015;2016;2017;2018;2019;2020
31510099999,50.2833333,127.4833333,6,2015;2016;2017;2018;2019;2020
31513099999,50.9166666,128.4666666,4,2015;2016;2017;2018
31521099999,50.7833333,129.3333333,6,2015;2016;2017;2018;2019;2020
31527099999,50.1166666,129.4666666,6,2015;2016;2017;2018;2019;2020
31532099999,50.8666666,132.25,6,2015;2016;2017;2018;2019;2020
31534099999,50.4333333,131.0166666,6,2015;2016;2017;2018;2019;2020
31538099999,50.0666666,132.1333333,6,2015;2016;2017;2018;2019;2020
31561099999,50.5333333,137.0333333,6,2015;2016;2017;2018;2019;2020
31583099999,49.7833333,129.9166666,6,2015;2016;2017;2018;2019;2020
31587099999,49.6166666,128.65,6,2015;2016;2017;2018;2019;2020
31594099999,49.4166666,130.0833333,6,2015;2016;2017;2018;2019;2020
31624099999,49.4,133.2333333,6,2015;2016;2017;2018;2019;2020
31632099999,49.9333333,134.6333333,6,2015;2016;2017;2018;2019;2020
31655099999,49.45,136.5666667,6,2015;2016;2017;2018;2019;2020
31683099999,49.65,140.0833333,6,2015;2016;2017;2018;2019;2020
31702099999,49.0,131.0833333,6,2015;2016;2017;2018;2019;2020
31707099999,47.7333333,130.9666666,6,2015;2016;2017;2018;2019;2020
31713099999,48.7333333,132.95,6,2015;2016;2017;2018;2019;2020
31725099999,48.6166666,133.8333333,6,2015;2016;2017;2018;2019;2020
31733099999,48.8166666,135.8833333,6,2015;2016;2017;2018;2019;2020
31735099999,48.528044,135.188361,6,2015;2016;2017;2018;2019;2020
31754099999,48.6,137.05,6,2015;2016;2017;2018;2019;2020
31770099999,49.0,140.3,6,2015;2016;2017;2018;2019;2020
31801099999,47.6666666,136.1833333,6,2015;2016;2017;2018;2019;2020
31825099999,47.6,138.4,6,2015;2016;2017;2018;2019;2020
31832099999,46.8,134.2666666,6,2015;2016;2017;2018;2019;2020
31845099999,46.5333333,135.3166666,6,2015;2016;2017;2018;2019;2020
31866099999,46.5333333,138.3333333,6,2015;2016;2017;2018;2019;2020
31873099999,45.8666666,133.7333333,6,2015;2016;2017;2018;2019;2020
31878099999,45.1,133.5,6,2015;2016;2017;2018;2019;2020
31909099999,45.0,136.6,6,2015;2016;2017;2018;2019;2020
31913099999,45.2166666,131.9833333,4,2015;2016;2017;2018
31915099999,44.4,131.3833333,6,2015;2016;2017;2018;2019;2020
31921099999,44.7166666,132.0666666,6,2015;2016;2017;2018;2019;2020
31939099999,44.15,133.8666666,4,2015;2016;2017;2018
31958099999,44.25,135.45,2,2016;2017
31959099999,44.3666666,135.85,6,2015;2016;2017;2018;2019;2020
31960099999,43.1166666,131.9333333,6,2015;2016;2017;2018;2019;2020
31961099999,43.8833333,131.9666666,6,2015;2016;2017;2018;2019;2020
31969099999,42.65,130.8,6,2015;2016;2017;2018;2019;2020
31974199999,43.398953,132.148017,6,2015;2016;2017;2018;2019;2020
31981099999,43.9666666,133.0666666,6,2015;2016;2017;2018;2019;2020
31981199999,69.311053,87.332183,5,2015;2016;2018;2019;2020
31987099999,43.15,133.0166666,6,2015;2016;2017;2018;2019;2020
31989099999,42.9,133.9,6,2015;2016;2017;2018;2019;2020
31993099999,43.983,134.683,3,2016;2019;2020
31994099999,43.5833333,134.1666666,4,2016;2017;2019;2020
31995099999,43.567,134.633,5,2016;2017;2018;2019;2020
32010099999,53.5,142.9,6,2015;2016;2017;2018;2019;2020
32027099999,52.2166666,141.6333333,6,2015;2016;2017;2018;2019;2020
32053099999,51.9166666,143.1333333,6,2015;2016;2017;2018;2019;2020
32061099999,50.9,142.1666666,6,2015;2016;2017;2018;2019;2020
32069099999,50.05,142.1666666,6,2015;2016;2017;2018;2019;2020
32076099999,50.4,143.7666666,6,2015;2016;2017;2018;2019;2020
32098099999,49.2166666,143.1,6,2015;2016;2017;2018;2019;2020
32099099999,48.65,144.7333333,6,2015;2016;2017;2018;2019;2020
32121099999,47.9833333,142.2,6,2015;2016;2017;2018;2019;2020
32128099999,47.05,142.05,4,2015;2016;2017;2018
32150099999,46.888672,142.717531,6,2015;2016;2017;2018;2019;2020
32165099999,44.0166666,145.8666666,6,2015;2016;2017;2018;2019;2020
32213099999,50.8666666,156.6833333,6,2015;2016;2017;2018;2019;2020
32215099999,50.6833333,156.1333333,6,2015;2016;2017;2018;2019;2020
32222099999,59.6,160.7333333,1,2015
32252099999,58.5,159.1666666,6,2015;2016;2017;2018;2019;2020
32287099999,57.0833333,156.7,6,2015;2016;2017;2018;2019;2020
32333099999,57.65,163.2333333,6,2015;2016;2017;2018;2019;2020
32389099999,56.3166666,160.8333333,6,2015;2016;2017;2018;2019;2020
32408099999,56.2166666,162.7166666,6,2015;2016;2017;2018;2019;2020
32411099999,55.5833333,155.5833333,6,2015;2016;2017;2018;2019;2020
32477099999,54.3,155.9333333,6,2015;2016;2017;2018;2019;2020
32496099999,54.717,158.717,2,2017;2020
32497099999,54.167,158.0,2,2018;2019
32509099999,54.1166666,159.9833333,6,2015;2016;2017;2018;2019;2020
32519099999,54.6166666,161.2,1,2015
32540099999,53.167889,158.453669,6,2015;2016;2017;2018;2019;2020
32559099999,53.1,160.033,2,2015;2019
32562099999,52.8333333,156.3,6,2015;2016;2017;2018;2019;2020
32583099999,52.8666666,158.65,6,2015;2016;2017;2018;2019;2020
32594099999,51.4833333,156.4833333,6,2015;2016;2017;2018;2019;2020
32618099999,55.2,165.9833333,6,2015;2016;2017;2018;2019;2020
33000399999,48.043333,33.21,6,2015;2016;2017;2018;2019;2020
33000499999,48.357222,35.100556,6,2015;2016;2017;2018;2019;2020
33000599999,48.883,24.683,6,2015;2016;2017;2018;2019;2020
33008099999,52.108334,23.898056,6,2015;2016;2017;2018;2019;2020
33019099999,52.1166666,26.1166666,6,2015;2016;2017;2018;2019;2020
33027099999,52.2166666,27.8666666,6,2015;2016;2017;2018;2019;2020
33036099999,52.0363889,29.1666666,6,2015;2016;2017;2018;2019;2020
33038099999,52.25,29.8333333,6,2015;2016;2017;2018;2019;2020
33041099999,52.527022,31.016692,6,2015;2016;2017;2018;2019;2020
33049099999,52.1833333,32.5833333,4,2015;2016;2017;2020
33058099999,52.05,33.95,3,2015;2016;2020
33067099999,51.4833333,23.85,3,2015;2016;2020
33088099999,51.2833333,26.6166666,6,2015;2016;2017;2018;2019;2020
33124099999,51.8166666,30.2475,6,2015;2016;2017;2018;2019;2020
33135099999,51.4666666,31.25,6,2015;2016;2017;2018;2019;2020
33173099999,51.2166666,24.6833333,3,2015;2016;2020
33177099999,50.8333333,24.3166666,6,2015;2016;2017;2018;2019;2020
33187099999,50.7,25.5,3,2015;2016;2020
33203099999,51.2166666,27.6333333,3,2015;2016;2020
33213099999,51.3166666,28.7833333,3,2015;2016;2020
33228099999,50.7,29.5833333,3,2015;2016;2020
33231099999,51.2833333,30.2333333,3,2015;2016;2020
33236099999,50.95,30.883,3,2015;2016;2020
33246099999,51.05,31.9,3,2015;2016;2020
33261099999,51.2333333,33.2,6,2015;2016;2017;2018;2019;2020
33268099999,50.7666666,33.45,3,2015;2016;2020
33275099999,50.85,34.6666666,6,2015;2016;2017;2018;2019;2020
33287099999,50.25,23.6333333,3,2015;2016;2020
33296099999,50.417,25.75,3,2015;2016;2020
33297099999,50.1,25.15,3,2015;2016;2020
33299099999,50.1333333,25.7333333,3,2015;2016;2020
33301099999,50.607142,26.141622,6,2015;2016;2017;2018;2019;2020
33301299999,47.05,31.917,6,2015;2016;2017;2018;2019;2020
33312099999,50.6,27.6333333,3,2015;2016;2020
33317099999,50.1666666,27.0333333,6,2015;2016;2017;2018;2019;2020
33325099999,50.2333333,28.7333333,6,2015;2016;2017;2018;2019;2020
33345099999,50.401944,30.451111,6,2015;2016;2017;2018;2019;2020
33345199999,50.603497,30.191933,6,2015;2016;2017;2018;2019;2020
33347099999,50.345,30.894722,6,2015;2016;2017;2018;2019;2020
33356099999,50.2166666,31.8,3,2015;2016;2020
33362099999,50.5833333,32.3833333,3,2015;2016;2020
33376099999,50.3666666,33.9833333,3,2015;2016;2020
33377099999,50.0,33.0166666,6,2015;2016;2017;2018;2019;2020
33393099999,49.8125,23.956111,6,2015;2016;2017;2018;2019;2020
33398099999,49.35,23.5166666,3,2015;2016;2020
33409099999,49.4333333,24.95,3,2015;2016;2020
33415099999,49.5333333,25.6666666,6,2015;2016;2017;2018;2019;2020
33429099999,49.4333333,26.9833333,6,2015;2016;2017;2018;2019;2020
33439099999,49.5666666,27.9333333,3,2015;2016;2020
33446099999,49.8333333,28.8833333,3,2015;2016;2020
33464099999,49.75,30.1166666,3,2015;2016;2020
33466099999,49.6666666,31.0,6,2015;2016;2017;2018;2019;2020
33484099999,49.6833333,32.5166666,3,2015;2016;2020
33495099999,49.6166666,33.2666666,3,2015;2016;2020
33506099999,49.6,34.55,6,2015;2016;2017;2018;2019;2020
33511099999,49.15,23.0333333,3,2015;2016;2020
33513099999,49.25,23.85,3,2015;2016;2020
33516099999,48.85,23.45,3,2015;2016;2020
33536099999,49.0166666,25.8,3,2015;2016;2020
33548099999,48.65,26.6666666,3,2015;2016;2020
33557099999,48.85,27.2666666,3,2015;2016;2020
33562099999,49.2333333,28.6,6,2015;2016;2017;2018;2019;2020
33564099999,49.0166666,28.1333333,3,2015;2016;2020
33571099999,49.25,29.233,1,2020
33577099999,48.8,29.4,3,2015;2016;2020
33581099999,49.2333333,30.1,3,2015;2016;2020
33586099999,49.0833333,30.9,3,2015;2016;2020
33587099999,48.7666666,30.2333333,6,2015;2016;2017;2018;2019;2020
33598099999,48.8333333,31.65,3,2015;2016;2020
33605099999,49.0833333,32.6666666,3,2015;2016;2020
33609099999,48.7166666,32.6666666,3,2015;2016;2020
33614099999,49.05,33.25,6,2015;2016;2017;2018;2019;2020
33621099999,49.15,34.2,3,2015;2016;2020
33631099999,48.6333333,22.2666666,6,2015;2016;2017;2018;2019;2020
33634099999,48.2,22.65,3,2015;2016;2020
33638099999,48.1833333,23.3,3,2015;2016;2020
33647099999,48.05,24.2,3,2015;2016;2020
33651099999,48.5333333,25.0333333,3,2015;2016;2020
33657099999,47.8666666,25.2166666,3,2015;2016;2020
33658099999,48.3666666,25.9,6,2015;2016;2017;2018;2019;2020
33663099999,48.45,27.7833333,6,2015;2016;2017;2018;2019;2020
33664099999,48.35,27.0833333,5,2016;2017;2018;2019;2020
33678099999,48.2,28.3,5,2016;2017;2018;2019;2020
33679099999,48.0333333,28.7,5,2016;2017;2018;2019;2020
33686099999,48.35,29.85,3,2015;2016;2020
33699099999,48.05,30.85,4,2015;2016;2018;2020
33705099999,48.2333333,31.4,3,2015;2016;2020
33711099999,48.5166666,32.2,6,2015;2016;2017;2018;2019;2020
33717099999,48.0666666,32.15,3,2015;2016;2020
33717599999,47.8666666,28.2166666,6,2015;2016;2017;2018;2019;2020
33723099999,48.4333333,33.9,3,2015;2016;2020
33744099999,47.5833333,27.7,5,2016;2017;2018;2019;2020
33745099999,47.7833333,27.95,5,2016;2017;2018;2019;2020
33748099999,47.3333333,28.0833333,5,2016;2017;2018;2019;2020
33749099999,47.3666666,28.4333333,5,2016;2017;2018;2019;2020
33754099999,47.7666666,29.0166666,5,2016;2017;2018;2019;2020
33761099999,47.85,30.2666666,6,2015;2016;2017;2018;2019;2020
33777099999,47.5666666,31.3333333,3,2015;2016;2020
33791099999,48.0333333,33.2166666,6,2015;2016;2017;2018;2019;2020
33805099999,47.5833333,34.45,3,2015;2016;2020
33810099999,47.1166666,28.3666666,1,2019
33815099999,47.0166666,28.9833333,6,2015;2016;2017;2018;2019;2020
33815199999,49.417,31.983,6,2015;2016;2017;2018;2019;2020
33821099999,47.2833333,29.1333333,5,2016;2017;2018;2019;2020
33824099999,47.05,29.0333333,1,2019
33829099999,46.9,29.6,5,2016;2017;2018;2019;2020
33833099999,47.0166666,30.75,3,2015;2016;2020
33834099999,46.85,30.0833333,3,2015;2016;2020
33837099999,46.426767,30.676464,6,2015;2016;2017;2018;2019;2020
33838799999,46.927744,28.930978,6,2015;2016;2017;2018;2019;2020
33838899999,47.838114,27.781475,4,2015;2016;2017;2018
33862099999,47.3166666,33.2833333,3,2015;2016;2020
33869099999,46.7833333,33.3666666,3,2015;2016;2020
33877099999,46.85,34.4,3,2015;2016;2020
33881099999,46.4833333,28.2833333,5,2016;2017;2018;2019;2020
33883099999,46.3,28.6333333,5,2016;2017;2018;2019;2020
33885099999,45.8833333,28.2333333,5,2016;2017;2018;2019;2020
33886099999,46.1,28.9,5,2016;2017;2018;2019;2020
33889099999,45.3666666,28.85,3,2015;2016;2020
33892099999,46.5166666,29.4833333,5,2016;2017;2018;2019;2020
33896099999,46.0166666,29.6666666,2,2016;2020
33902099999,46.6333333,32.5666666,6,2015;2016;2017;2018;2019;2020
33907099999,46.25,32.3,3,2015;2016;2020
33910099999,46.1666666,34.8166666,3,2015;2016;2020
33915099999,46.45,33.8833333,3,2015;2016;2020
33924099999,45.5166666,32.7,6,2015;2016;2017;2018;2019;2020
33929099999,45.1833333,33.3666666,1,2015
33939099999,45.65,34.2,1,2015
33945099999,44.8333333,33.95,1,2015
33946099999,44.6833333,34.1333333,6,2015;2016;2017;2018;2019;2020
33959099999,44.6833333,34.4333333,1,2015
33962099999,45.45,34.7333333,1,2015
33966099999,45.05,34.6,1,2015
33976099999,45.0333333,35.3833333,1,2015
33983099999,45.4,36.4166666,6,2015;2016;2017;2018;2019;2020
33990099999,44.4833333,34.1666666,1,2015
33998099999,44.4333333,34.0833333,6,2015;2016;2017;2018;2019;2020
34003099999,52.3166666,36.3,6,2015;2016;2017;2018;2019;2020
34009099999,51.7666666,36.1666666,6,2015;2016;2017;2018;2019;2020
34013099999,52.4333333,37.6,6,2015;2016;2017;2018;2019;2020
34047099999,51.8333333,41.4833333,6,2015;2016;2017;2018;2019;2020
34056099999,52.25,43.7833333,6,2015;2016;2017;2018;2019;2020
34072099999,52.3333333,46.3666666,6,2015;2016;2017;2018;2019;2020
34083099999,52.5,48.0833333,6,2015;2016;2017;2018;2019;2020
34098099999,52.0333333,48.8333333,6,2015;2016;2017;2018;2019;2020
34109099999,51.2,36.3166666,6,2015;2016;2017;2018;2019;2020
34110099999,51.1666666,37.35,6,2015;2016;2017;2018;2019;2020
34122099999,51.814211,39.229589,6,2015;2016;2017;2018;2019;2020
34123099999,51.7,39.2166666,6,2015;2016;2017;2018;2019;2020
34139099999,51.05,40.7,6,2015;2016;2017;2018;2019;2020
34146099999,51.3666666,42.0833333,6,2015;2016;2017;2018;2019;2020
34152099999,51.55,43.15,6,2015;2016;2017;2018;2019;2020
34163099999,51.6333333,45.45,6,2015;2016;2017;2018;2019;2020
34171099999,51.712631,46.171233,6,2015;2016;2017;2018;2019;2020
34172099999,51.565,46.046667,4,2015;2016;2017;2018
34186099999,51.3666666,48.3,6,2015;2016;2017;2018;2019;2020
34199099999,51.2,49.7333333,6,2015;2016;2017;2018;2019;2020
34202099999,50.8,35.7666666,6,2015;2016;2017;2018;2019;2020
34231099999,51.0,39.5,6,2015;2016;2017;2018;2019;2020
34238099999,51.4833333,40.4166666,6,2015;2016;2017;2018;2019;2020
34240099999,50.8,42.0,6,2015;2016;2017;2018;2019;2020
34247099999,50.4166666,41.05,6,2015;2016;2017;2018;2019;2020
34253099999,50.95,43.7333333,6,2015;2016;2017;2018;2019;2020
34254099999,50.5333333,42.6833333,6,2015;2016;2017;2018;2019;2020
34262099999,50.8333333,44.5666666,6,2015;2016;2017;2018;2019;2020
34267099999,50.3666666,44.1166666,6,2015;2016;2017;2018;2019;2020
34273099999,50.95,46.9666666,6,2015;2016;2017;2018;2019;2020
34300099999,49.924786,36.289986,6,2015;2016;2017;2018;2019;2020
34302099999,50.2,35.5333333,3,2015;2016;2020
34304099999,49.85,35.2333333,3,2015;2016;2020
34312099999,50.0666666,37.3833333,3,2015;2016;2020
34319099999,49.6333333,37.7,3,2015;2016;2020
34321099999,50.2166666,38.1,6,2015;2016;2017;2018;2019;2020
34336099999,49.9333333,40.5666666,6,2015;2016;2017;2018;2019;2020
34344099999,49.8,41.15,6,2015;2016;2017;2018;2019;2020
34356099999,49.8,43.6666666,6,2015;2016;2017;2018;2019;2020
34357099999,49.5666666,42.75,6,2015;2016;2017;2018;2019;2020
34363099999,50.0666666,45.3666666,6,2015;2016;2017;2018;2019;2020
34373099999,50.05,46.8833333,6,2015;2016;2017;2018;2019;2020
34391099999,50.15,48.55,6,2015;2016;2017;2018;2019;2020
34394099999,49.783,48.533,3,2018;2019;2020
34398099999,49.6666666,49.4833333,6,2015;2016;2017;2018;2019;2020
34401099999,49.3833333,35.45,3,2015;2016;2020
34407099999,48.8,35.25,3,2015;2016;2020
34409099999,48.9,36.3166666,3,2015;2016;2020
34415099999,49.1833333,37.3,6,2015;2016;2017;2018;2019;2020
34421099999,49.4166666,38.1666666,3,2015;2016;2020
34434099999,49.2166666,39.5833333,3,2015;2016;2020
34438099999,48.9333333,40.3833333,6,2015;2016;2017;2018;2019;2020
34445099999,49.2166666,41.8333333,6,2015;2016;2017;2018;2019;2020
34461099999,49.3,44.0,6,2015;2016;2017;2018;2019;2020
34473199999,49.4,46.8,3,2018;2019;2020
34476099999,49.1333333,46.85,6,2015;2016;2017;2018;2019;2020
34502099999,48.5333333,35.8333333,3,2015;2016;2020
34504099999,48.6,34.9666666,6,2015;2016;2017;2018;2019;2020
34509099999,48.1333333,36.2333333,3,2015;2016;2020
34510099999,48.6,37.9833333,3,2015;2016;2020
34524099999,48.35,38.4333333,1,2015
34535099999,48.3,40.3,6,2015;2016;2017;2018;2019;2020
34537099999,48.0833333,39.5,1,2015
34545099999,48.35,41.8666666,6,2015;2016;2017;2018;2019;2020
34555099999,48.3333333,43.1166666,6,2015;2016;2017;2018;2019;2020
34560099999,48.782528,44.345544,6,2015;2016;2017;2018;2019;2020
34578099999,48.0666666,46.1166666,6,2015;2016;2017;2018;2019;2020
34579099999,48.2166666,46.7333333,6,2015;2016;2017;2018;2019;2020
34601099999,47.867003,35.315692,6,2015;2016;2017;2018;2019;2020
34607099999,47.2666666,35.3333333,3,2015;2016;2020
34609099999,47.3333333,36.3333333,3,2015;2016;2020
34615099999,47.6166666,37.35,3,2015;2016;2020
34622099999,47.8,38.5166666,1,2015
34644099999,47.5833333,41.1,6,2015;2016;2017;2018;2019;2020
34646099999,47.6333333,42.1166666,6,2015;2016;2017;2018;2019;2020
34655099999,47.6333333,43.15,6,2015;2016;2017;2018;2019;2020
34662099999,47.9333333,44.7,6,2015;2016;2017;2018;2019;2020
34691099999,47.9,48.8,6,2015;2016;2017;2018;2019;2020
34704099999,46.8333333,35.3666666,3,2015;2016;2020
34708099999,46.6833333,35.85,3,2015;2016;2020
34712099999,47.0333333,37.5,6,2015;2016;2017;2018;2019;2020
34720099999,47.2,38.9,6,2015;2016;2017;2018;2019;2020
34727099999,46.8,38.2666666,6,2015;2016;2017;2018;2019;2020
34730099999,47.258208,39.818089,4,2015;2016;2017;2018
34740099999,46.5166666,41.35,6,2015;2016;2017;2018;2019;2020
34743099999,47.15,42.4833333,6,2015;2016;2017;2018;2019;2020
34759099999,46.5666666,43.6666666,6,2015;2016;2017;2018;2019;2020
34772099999,47.1333333,46.3166666,6,2015;2016;2017;2018;2019;2020
34785099999,46.9166666,47.9333333,6,2015;2016;2017;2018;2019;2020
34798099999,46.6,49.2666666,6,2015;2016;2017;2018;2019;2020
34824099999,46.0333333,38.15,6,2015;2016;2017;2018;2019;2020
34838099999,45.85,40.0833333,6,2015;2016;2017;2018;2019;2020
34845099999,46.0666666,41.9666666,6,2015;2016;2017;2018;2019;2020
34858099999,45.916667,43.35,6,2015;2016;2017;2018;2019;2020
34861099999,46.3666666,44.3333333,6,2015;2016;2017;2018;2019;2020
34866099999,46.1833333,45.35,6,2015;2016;2017;2018;2019;2020
34868099999,45.8,44.6333333,6,2015;2016;2017;2018;2019;2020
34871099999,46.3666666,46.0166666,6,2015;2016;2017;2018;2019;2020
34880099999,46.2833333,47.9833333,6,2015;2016;2017;2018;2019;2020
34887099999,45.8,47.2166666,6,2015;2016;2017;2018;2019;2020
34927099999,45.05,39.0333333,3,2015;2016;2017
34929099999,45.0333333,39.15,6,2015;2016;2017;2018;2019;2020
34949099999,45.109165,42.112778,6,2015;2016;2017;2018;2019;2020
34954099999,45.35,42.85,6,2015;2016;2017;2018;2019;2020
34958099999,45.1,43.45,6,2015;2016;2017;2018;2019;2020
34975099999,45.35,46.0333333,6,2015;2016;2017;2018;2019;2020
34984099999,45.4,47.35,6,2015;2016;2017;2018;2019;2020
35001099999,52.3833333,50.4666666,6,2015;2016;2017;2018;2019;2020
35007099999,51.8666666,50.3333333,6,2015;2016;2017;2018;2019;2020
35011099999,52.4333333,53.1333333,6,2015;2016;2017;2018;2019;2020
35026099999,52.2166666,57.4522222,6,2015;2016;2017;2018;2019;2020
35037099999,51.8666666,58.1833333,6,2015;2016;2017;2018;2019;2020
35067099999,51.8833333,66.3333333,6,2015;2016;2017;2018;2019;2020
35067599999,50.036597,82.494186,6,2015;2016;2017;2018;2019;2020
35078099999,51.8166666,68.3666666,6,2015;2016;2017;2018;2019;2020
35085099999,52.0,70.95,6,2015;2016;2017;2018;2019;2020
35092099999,52.5,73.1,6,2015;2016;2017;2018;2019;2020
35106099999,51.4,51.95,3,2018;2019;2020
35107099999,51.117,50.317,3,2018;2019;2020
35108099999,51.150833,51.543056,6,2015;2016;2017;2018;2019;2020
35117199999,51.159847,52.99778,2,2019;2020
35118099999,51.033,54.1,3,2018;2019;2020
35121099999,51.795786,55.456744,6,2015;2016;2017;2018;2019;2020
35125099999,51.4166666,56.4166666,1,2017
35127099999,51.0166666,55.6333333,6,2015;2016;2017;2018;2019;2020
35138099999,51.0666666,58.6,5,2015;2016;2017;2019;2020
35167099999,51.0833333,66.3,6,2015;2016;2017;2018;2019;2020
35173099999,51.6166666,69.8,6,2015;2016;2017;2018;2019;2020
35188099999,51.022222,71.466944,6,2015;2016;2017;2018;2019;2020
35217099999,50.25,52.5666666,6,2015;2016;2017;2018;2019;2020
35229099999,50.245833,57.206667,6,2015;2016;2017;2018;2019;2020
35234099999,50.733,57.9,3,2018;2019;2020
35235099999,50.7166666,58.6666666,6,2015;2016;2017;2018;2019;2020
35283099999,50.833,72.183,3,2018;2019;2020
35284099999,50.633,70.55,3,2018;2019;2020
35302099999,50.2,51.1666666,6,2015;2016;2017;2018;2019;2020
35315099999,49.517,53.517,3,2018;2019;2020
35325099999,49.933,56.4,3,2018;2019;2020
35334099999,49.8,57.9833333,6,2015;2016;2017;2018;2019;2020
35344099999,49.95,60.133,4,2015;2018;2019;2020
35357099999,49.6833333,69.5166666,6,2015;2016;2017;2018;2019;2020
35358099999,49.634722,63.482222,6,2015;2016;2017;2018;2019;2020
35361099999,50.1333333,65.2333333,3,2018;2019;2020
35363099999,50.2166667,66.8333333,3,2018;2019;2020
35394099999,49.670833,73.334444,6,2015;2016;2017;2018;2019;2020
35394299999,46.283333,48.006278,6,2015;2016;2017;2018;2019;2020
35394499999,66.0666666,76.5166666,1,2017
35394699999,40.147275,44.395881,6,2015;2016;2017;2018;2019;2020
35394899999,40.75,43.85,6,2015;2016;2017;2018;2019;2020
35406099999,49.05,51.8666666,6,2015;2016;2017;2018;2019;2020
35416099999,49.0666666,54.6833333,6,2015;2016;2017;2018;2019;2020
35426099999,49.15,57.1166666,6,2015;2016;2017;2018;2019;2020
35437099999,48.817,58.217,4,2017;2018;2019;2020
35449099999,48.833,62.1,3,2018;2019;2020
35475099999,49.0166666,68.6666666,6,2015;2016;2017;2018;2019;2020
35497099999,48.85,72.8666666,6,2015;2016;2017;2018;2019;2020
35498099999,48.783,73.667,4,2017;2018;2019;2020
35522099999,48.733,56.033,3,2018;2019;2020
35532099999,48.6333333,58.5,6,2015;2016;2017;2018;2019;2020
35563099999,48.583,67.083,5,2015;2017;2018;2019;2020
35576099999,48.3,69.65,6,2015;2016;2017;2018;2019;2020
35615099999,47.6333333,53.3166666,6,2015;2016;2017;2018;2019;2020
35656099999,47.633,64.583,3,2018;2019;2020
35662099999,47.8333333,66.7333333,6,2015;2016;2017;2018;2019;2020
35671099999,47.8,67.7166666,6,2015;2016;2017;2018;2019;2020
35687099999,47.99835,70.770658,1,2020
35699099999,47.45,74.8166666,6,2015;2016;2017;2018;2019;2020
35700099999,47.1166666,51.9166666,6,2015;2016;2017;2018;2019;2020
35701099999,47.2166666,50.9833333,6,2015;2016;2017;2018;2019;2020
35705099999,46.867,51.25,3,2018;2019;2020
35746099999,46.7833333,61.6666667,6,2015;2016;2017;2018;2019;2020
35793099999,47.2166666,73.35,6,2015;2016;2017;2018;2019;2020
35796099999,46.8,75.0833333,6,2015;2016;2017;2018;2019;2020
35816099999,46.233,54.483,3,2018;2019;2020
35849099999,45.7666666,62.1166666,6,2015;2016;2017;2018;2019;2020
35895099999,46.033,73.533,3,2018;2019;2020
35925099999,45.4,56.1166666,6,2015;2016;2017;2018;2019;2020
35927099999,45.25,55.083,4,2016;2018;2019;2020
35953099999,45.5,64.0833333,6,2015;2016;2017;2018;2019;2020
35969099999,45.25,67.0666666,6,2015;2016;2017;2018;2019;2020
36003099999,52.195,77.073889,6,2015;2016;2017;2018;2019;2020
36012099999,52.35,78.333,3,2018;2019;2020
36015099999,51.483,77.767,3,2018;2019;2020
36020099999,52.4833333,80.1666666,4,2015;2016;2017;2018
36021099999,52.25,79.1833333,6,2015;2016;2017;2018;2019;2020
36022099999,52.0166666,80.3666666,6,2015;2016;2017;2018;2019;2020
36026099999,51.0666666,79.4166666,6,2015;2016;2017;2018;2019;2020
36034099999,51.5755556,81.2166666,6,2015;2016;2017;2018;2019;2020
36038099999,51.15,82.2,6,2015;2016;2017;2018;2019;2020
36058099999,51.4333333,86.0,6,2015;2016;2017;2018;2019;2020
36061099999,52.25,87.1166666,6,2015;2016;2017;2018;2019;2020
36064099999,51.7666666,87.6,6,2015;2016;2017;2018;2019;2020
36073099999,52.2666666,90.8,1,2015
36078099999,51.0166666,90.2166666,6,2015;2016;2017;2018;2019;2020
36083099999,52.05,92.1666666,6,2015;2016;2017;2018;2019;2020
36090099999,51.1333333,93.6833333,6,2015;2016;2017;2018;2019;2020
36091099999,52.25,93.0166666,6,2015;2016;2017;2018;2019;2020
36092099999,52.15,93.9166666,6,2015;2016;2017;2018;2019;2020
36096099999,51.7166666,94.5,6,2015;2016;2017;2018;2019;2020
36103099999,52.4666666,96.1,6,2015;2016;2017;2018;2019;2020
36104099999,51.4833333,95.5833333,6,2015;2016;2017;2018;2019;2020
36126099999,50.8,75.7,3,2018;2019;2020
36152099999,50.8666666,78.35,6,2015;2016;2017;2018;2019;2020
36177099999,50.4166666,80.3,6,2015;2016;2017;2018;2019;2020
36197099999,50.1666666,82.0333333,6,2015;2016;2017;2018;2019;2020
36208099999,50.3333333,83.55,6,2015;2016;2017;2018;2019;2020
36229099999,50.2833333,85.6166666,6,2015;2016;2017;2018;2019;2020
36259099999,50.0166666,88.6833333,6,2015;2016;2017;2018;2019;2020
36278099999,50.3833333,90.4333333,6,2015;2016;2017;2018;2019;2020
36307099999,50.25,95.1666666,6,2015;2016;2017;2018;2019;2020
36341099999,49.7833333,76.3833333,6,2015;2016;2017;2018;2019;2020
36392099999,49.967,81.467,3,2018;2019;2020
36394099999,49.583,81.05,3,2018;2019;2020
36397099999,49.2166666,81.2166666,6,2015;2016;2017;2018;2019;2020
36418099999,49.033,83.383,3,2018;2019;2020
36421099999,49.75,84.283,3,2018;2019;2020
36428099999,49.2,84.5166666,6,2015;2016;2017;2018;2019;2020
36439099999,49.1833333,85.6166667,3,2018;2019;2020
36498099999,48.1666666,78.4166666,3,2018;2019;2020
36501099999,49.0,79.3333333,3,2018;2019;2020
36535099999,48.75,82.3666666,6,2015;2016;2017;2018;2019;2020
36619099999,47.083,79.717,3,2018;2019;2020
36639099999,47.1166666,81.6166666,6,2015;2016;2017;2018;2019;2020
36643099999,47.8,82.833,3,2018;2019;2020
36665099999,47.467,84.917,3,2018;2019;2020
36686099999,46.55,76.8666666,2,2015;2016
36729099999,46.1666666,80.9333333,3,2018;2019;2020
36736099999,46.65,82.75,3,2018;2019;2020
36773099999,45.85,78.717,3,2018;2019;2020
36777099999,45.333,78.017,3,2018;2019;2020
36785099999,45.3833333,79.5,6,2015;2016;2017;2018;2019;2020
36786099999,45.417,79.9,3,2018;2019;2020
36796099999,45.883,80.917,3,2018;2019;2020
36806099999,45.3,82.483,3,2018;2019;2020
36817099999,43.983,75.083,3,2018;2019;2020
36819099999,44.133,75.85,3,2018;2019;2020
36821099999,44.8333333,76.2666666,6,2015;2016;2017;2018;2019;2020
36821599999,53.32,69.6,6,2015;2016;2017;2018;2019;2020
36837099999,44.017,77.133,3,2018;2019;2020
36839099999,44.367,77.9,3,2018;2019;2020
36843099999,44.633,78.75,3,2018;2019;2020
36846099999,44.467,78.667,3,2018;2019;2020
36856099999,44.2666666,79.3166666,6,2015;2016;2017;2018;2019;2020
36859099999,44.1666666,80.0666666,6,2015;2016;2017;2018;2019;2020
36864099999,43.5333333,75.25,6,2015;2016;2017;2018;2019;2020
36870099999,43.2333333,76.9333333,6,2015;2016;2017;2018;2019;2020
36871099999,43.1833333,76.75,6,2015;2016;2017;2018;2019;2020
36872099999,43.352072,77.040508,6,2015;2016;2017;2018;2019;2020
36883099999,43.4833333,76.9833333,6,2015;2016;2017;2018;2019;2020
36885099999,43.35,77.467,3,2018;2019;2020
36889099999,43.3833,77.55,3,2018;2019;2020
36891099999,43.583,78.2,3,2018;2019;2020
36894099999,43.483,78.4,3,2018;2019;2020
36897099999,43.317,78.25,3,2018;2019;2020
36905099999,43.317,79.483,3,2018;2019;2020
36911099999,42.8333333,75.2833333,6,2015;2016;2017;2018;2019;2020
36934099999,42.65,77.1,1,2018
36944099999,42.35,78.35,1,2018
36953099999,42.733,80.133,3,2018;2019;2020
36974099999,41.4333333,76.0,6,2015;2016;2017;2018;2019;2020
36982099999,41.8833333,78.2333333,6,2015;2016;2017;2018;2019;2020
37000899999,55.408786,37.906314,6,2015;2016;2017;2018;2019;2020
37001099999,45.002097,37.347272,6,2015;2016;2017;2018;2019;2020
37004099999,44.5666666,38.0833333,2,2015;2016
37006099999,44.7166666,37.85,2,2015;2016
37018099999,44.1,39.0333333,6,2015;2016;2017;2018;2019;2020
37021099999,44.6166666,40.0833333,6,2015;2016;2017;2018;2019;2020
37031099999,44.9833333,41.1166666,6,2015;2016;2017;2018;2019;2020
37036099999,44.6333333,41.9666666,6,2015;2016;2017;2018;2019;2020
37054099999,44.225072,43.081889,6,2015;2016;2017;2018;2019;2020
37058099999,44.15,43.4666666,6,2015;2016;2017;2018;2019;2020
37061099999,44.7833333,44.1333333,6,2015;2016;2017;2018;2019;2020
37075099999,44.55,45.683,1,2015
37085099999,44.4,46.55,6,2015;2016;2017;2018;2019;2020
37107099999,43.6833333,40.2,6,2015;2016;2017;2018;2019;2020
37126099999,43.7333333,42.6666666,6,2015;2016;2017;2018;2019;2020
37144099999,43.75,44.05,6,2015;2016;2017;2018;2019;2020
37163099999,43.8333333,46.7166666,6,2015;2016;2017;2018;2019;2020
37171099999,43.449928,39.956589,6,2015;2016;2017;2018;2019;2020
37177599999,42.176653,42.482583,6,2015;2016;2017;2018;2019;2020
37193099999,43.45,41.7333333,6,2015;2016;2017;2018;2019;2020
37212099999,43.512856,43.636583,6,2015;2016;2017;2018;2019;2020
37218099999,43.15,44.85,6,2015;2016;2017;2018;2019;2020
37228099999,43.0333333,44.6833333,6,2015;2016;2017;2018;2019;2020
37235099999,43.25,45.7166666,6,2015;2016;2017;2018;2019;2020
37244099999,43.35,46.1166666,6,2015;2016;2017;2018;2019;2020
37279099999,42.5166666,41.8833333,6,2015;2016;2017;2018;2019;2020
37298099999,42.6333333,42.7,1,2020
37308099999,42.5166666,43.1333333,6,2015;2016;2017;2018;2019;2020
37379099999,42.1333333,41.7,6,2015;2016;2017;2018;2019;2020
37395099999,42.2666666,42.6333333,6,2015;2016;2017;2018;2019;2020
37403099999,42.35,43.4166666,6,2015;2016;2017;2018;2019;2020
37409099999,42.0333333,43.4833333,6,2015;2016;2017;2018;2019;2020
37432099999,42.35,44.7,3,2015;2016;2017
37437099999,42.0833333,44.7,6,2015;2016;2017;2018;2019;2020
37463099999,42.4,46.9666666,6,2015;2016;2017;2018;2019;2020
37470099999,42.0666666,48.3,6,2015;2016;2017;2018;2019;2020
37472099999,43.0,47.5,6,2015;2016;2017;2018;2019;2020
37473099999,42.5333333,47.9166666,1,2015
37481099999,41.8666666,41.7666666,6,2015;2016;2017;2018;2019;2020
37484099999,41.610278,41.599694,6,2015;2016;2017;2018;2019;2020
37492099999,41.85,42.3166666,1,2020
37496099999,41.6,41.6333333,4,2017;2018;2019;2020
37514099999,41.65,43.0,6,2015;2016;2017;2018;2019;2020
37531099999,41.9833333,44.1166666,6,2015;2016;2017;2018;2019;2020
37541099999,41.9333333,44.5833333,1,2020
37549099999,41.75,44.7666666,6,2015;2016;2017;2018;2019;2020
37549199999,43.0685,42.7542,6,2015;2016;2017;2018;2019;2020
37553099999,41.9333333,45.5122222,3,2015;2016;2017
37575099999,41.6666666,46.65,6,2015;2016;2017;2018;2019;2020
37609099999,41.0294444,43.8763889,6,2015;2016;2017;2018;2019;2020
37621099999,41.45,44.55,6,2015;2016;2017;2018;2019;2020
37636099999,41.3,45.4666666,3,2017;2019;2020
37639099999,41.1333333,45.4166666,1,2015
37642099999,41.1,43.55,1,2020
37661099999,41.2166666,47.1666666,6,2015;2016;2017;2018;2019;2020
37663099999,41.4666666,47.75,6,2015;2016;2017;2018;2019;2020
37668099999,41.0666666,47.4666666,1,2015
37673099999,41.4166666,48.8833333,1,2015
37675099999,41.3666666,48.5166666,6,2015;2016;2017;2018;2019;2020
37676099999,41.1833333,48.1333333,1,2015
37682099999,40.95,43.7833333,6,2015;2016;2017;2018;2019;2020
37699099999,40.5333333,44.3833333,6,2015;2016;2017;2018;2019;2020
37704099999,40.8166666,44.4361111,6,2015;2016;2017;2018;2019;2020
37711099999,40.8666666,45.15,6,2015;2016;2017;2018;2019;2020
37717099999,40.5666666,45.0,6,2015;2016;2017;2018;2019;2020
37729099999,40.6833333,45.8166666,6,2015;2016;2017;2018;2019;2020
37735099999,40.7166666,46.4166666,6,2015;2016;2017;2018;2019;2020
37735299999,42.816822,47.652294,6,2015;2016;2017;2018;2019;2020
37740099999,40.9833333,47.8666666,6,2015;2016;2017;2018;2019;2020
37747099999,40.6166666,47.15,6,2015;2016;2017;2018;2019;2020
37749099999,40.65,47.75,6,2015;2016;2017;2018;2019;2020
37750099999,40.7833333,48.1333333,2,2015;2016
37753099999,40.8666666,48.9333333,2,2015;2016
37756099999,40.5333333,48.9333333,6,2015;2016;2017;2018;2019;2020
37759099999,40.6333333,48.6333333,5,2015;2016;2017;2018;2019
37761099999,40.917,49.05,2,2015;2016
37785099999,40.2833333,44.3502778,6,2015;2016;2017;2018;2019;2020
37787099999,40.1333333,43.9033333,6,2015;2016;2017;2018;2019;2020
37788099999,40.15,44.3833333,6,2015;2016;2017;2018;2019;2020
37792099999,40.4833333,44.75,6,2015;2016;2017;2018;2019;2020
37801099999,40.35,45.1333333,6,2015;2016;2017;2018;2019;2020
37816099999,40.4666666,46.0833333,2,2015;2020
37832099999,40.3666666,47.1166666,6,2015;2016;2017;2018;2019;2020
37835599999,40.8166666,47.7333333,6,2015;2016;2017;2018;2019;2020
37844099999,40.3333333,48.1666666,5,2015;2016;2017;2018;2019
37849099999,40.0166666,48.9166666,1,2015
37850099999,40.35,49.833,1,2015
37851099999,40.4166666,49.7833333,6,2015;2016;2017;2018;2019;2020
37852099999,40.3666666,49.7666666,1,2016
37860099999,40.5333333,50.0,2,2015;2017
37863099999,40.733,46.4,6,2015;2016;2017;2018;2019;2020
37863599999,39.188806,45.458442,6,2015;2016;2017;2018;2019;2020
37864099999,40.4675,50.046667,6,2015;2016;2017;2018;2019;2020
37865099999,51.072506,58.595586,6,2015;2016;2017;2018;2019;2020
37871099999,39.95,44.55,6,2015;2016;2017;2018;2019;2020
37897099999,39.5333333,46.0166666,6,2015;2016;2017;2018;2019;2020
37905099999,39.7666666,47.75,6,2015;2016;2017;2018;2019;2020
37913099999,39.5833333,48.9666666,2,2015;2016
37914099999,39.8666666,48.05,1,2015
37923099999,39.9666666,49.4,4,2015;2016;2017;2018
37925099999,39.4,49.25,6,2015;2016;2017;2018;2019;2020
37959099999,39.2,46.4333333,6,2015;2016;2017;2018;2019;2020
37972099999,39.4666666,48.55,2,2015;2016
37978099999,39.7,48.6,2,2015;2016
37985099999,38.7333333,48.8333333,6,2015;2016;2017;2018;2019;2020
37989099999,38.45,48.8833333,6,2015;2016;2017;2018;2019;2020
38001099999,43.86005,51.091978,6,2015;2016;2017;2018;2019;2020
38002099999,44.7333333,51.9666667,3,2018;2019;2020
38008099999,44.15,51.95,3,2018;2019;2020
38023099999,44.85,56.3333333,1,2020
38049099999,44.0666667,62.9,3,2018;2019;2020
38051099999,44.883,63.167,3,2018;2019;2020
38062099999,44.7666667,65.5333333,6,2015;2016;2017;2018;2019;2020
38069099999,44.1666666,66.75,6,2015;2016;2017;2018;2019;2020
38099099999,44.283,72.95,3,2018;2019;2020
38108099999,44.2167,73.8,3,2018;2019;2020
38111099999,43.5833333,51.0833333,5,2015;2016;2018;2019;2020
38141099999,43.8833333,57.8833333,6,2015;2016;2017;2018;2019;2020
38141199999,47.121944,51.821389,6,2015;2016;2017;2018;2019;2020
38141299999,40.063333,53.007222,6,2015;2016;2017;2018;2019;2020
38141399999,40.215394,69.694708,6,2015;2016;2017;2018;2019;2020
38141599999,39.775,64.483333,6,2015;2016;2017;2018;2019;2020
38141799999,38.833636,65.921464,6,2015;2016;2017;2018;2019;2020
38141899999,39.033,66.783,3,2015;2016;2019
38149099999,43.0833333,58.9333333,6,2015;2016;2017;2018;2019;2020
38178099999,43.15,64.3333333,6,2015;2016;2017;2018;2019;2020
38191099999,43.717,67.417,3,2018;2019;2020
38196099999,43.55,68.9,6,2015;2016;2017;2018;2019;2020
38198099999,43.2666666,68.2166666,6,2015;2016;2017;2018;2019;2020
38201099999,43.8,69.2,4,2015;2018;2019;2020
38202199999,43.8,69.9,3,2018;2019;2020
38203099999,43.7833333,70.9333333,3,2018;2019;2020
38207099999,43.033,69.367,3,2018;2019;2020
38222099999,43.7,73.7833333,6,2015;2016;2017;2018;2019;2020
38223099999,43.833,74.4,3,2018;2019;2020
38229099999,43.3,74.983,3,2018;2019;2020
38232099999,42.9666666,54.1166666,6,2015;2016;2017;2018;2019;2020
38262099999,42.95,59.8166666,6,2015;2016;2017;2018;2019;2020
38264099999,42.45,59.6166666,6,2015;2016;2017;2018;2019;2020
38267099999,42.3,59.1333333,5,2015;2016;2018;2019;2020
38301099999,42.8,67.417,3,2018;2019;2020
38313099999,43.7166667,69.0,6,2015;2016;2017;2018;2019;2020
38316099999,42.433,68.8,3,2018;2019;2020
38318099999,42.1,68.1166666,6,2015;2016;2017;2018;2019;2020
38328099999,42.364167,69.478889,6,2015;2016;2017;2018;2019;2020
38328599999,42.853611,71.303611,6,2015;2016;2017;2018;2019;2020
38334099999,42.4833333,70.3,6,2015;2016;2017;2018;2019;2020
38338099999,42.233,70.117,3,2018;2019;2020
38339099999,42.1666666,70.8833333,1,2020
38341099999,42.85,71.3,4,2015;2016;2017;2019
38343099999,42.95,72.75,6,2015;2016;2017;2018;2019;2020
38345099999,42.5166666,72.2166666,6,2015;2016;2017;2018;2019;2020
38351199999,42.9,73.2,3,2018;2019;2020
38353099999,42.85,74.5333333,6,2015;2016;2017;2018;2019;2020
38353199999,43.061306,74.477556,6,2015;2016;2017;2018;2019;2020
38383099999,41.5833333,58.7166666,2,2016;2019
38388099999,41.0333333,57.7666666,6,2015;2016;2017;2018;2019;2020
38392099999,41.75,59.8166667,6,2015;2016;2017;2018;2019;2020
38396099999,41.5666666,60.6333333,6,2015;2016;2017;2018;2019;2020
38403099999,41.75,62.4666666,6,2015;2016;2017;2018;2019;2020
38403199999,42.4833333,59.6333333,6,2015;2016;2017;2018;2019;2020
38403299999,41.584272,60.641708,6,2015;2016;2017;2018;2019;2020
38413099999,41.7333333,64.6166667,6,2015;2016;2017;2018;2019;2020
38427099999,41.05,65.2833333,1,2020
38439099999,41.3666666,68.0,6,2015;2016;2017;2018;2019;2020
38452099999,41.867,69.433,3,2018;2019;2020
38457099999,41.257861,69.281186,6,2015;2016;2017;2018;2019;2020
38457399999,37.619444,61.896667,6,2015;2016;2017;2018;2019;2020
38457499999,41.761111,59.826667,6,2015;2016;2017;2018;2019;2020
38462099999,41.9,70.3666666,6,2015;2016;2017;2018;2019;2020
38473099999,41.833,72.867,1,2018
38475099999,40.7333333,72.3333333,6,2015;2016;2017;2018;2019;2020
38507099999,40.0333333,52.9833333,6,2015;2016;2017;2018;2019;2020
38511099999,40.7833333,55.3333333,6,2015;2016;2017;2018;2019;2020
38529099999,40.1833333,58.4833333,1,2015
38545099999,40.4666666,62.2833333,6,2015;2016;2017;2018;2019;2020
38551099999,40.85,63.3333333,1,2020
38553099999,40.6833333,64.4833333,1,2020
38565099999,40.55,65.6833333,6,2015;2016;2017;2018;2019;2020
38567099999,40.1333333,65.35,6,2015;2016;2017;2018;2019;2020
38579099999,40.1166667,67.8333333,6,2015;2016;2017;2018;2019;2020
38583099999,40.8166666,68.6833333,6,2015;2016;2017;2018;2019;2020
38589099999,40.2833333,68.8333333,1,2016
38598099999,40.2666666,69.8166666,6,2015;2016;2017;2018;2019;2020
38599099999,40.2166666,69.7333333,6,2015;2016;2017;2018;2019;2020
38602099999,40.8,70.633,2,2016;2019
38606099999,40.55,70.95,3,2015;2016;2020
38611099999,40.9833333,71.5833333,6,2015;2016;2017;2018;2019;2020
38613099999,40.9166666,72.95,6,2015;2016;2017;2018;2019;2020
38615599999,40.608989,72.793269,6,2015;2016;2017;2018;2019;2020
38616099999,40.7,72.9,6,2015;2016;2017;2018;2019;2020
38618099999,40.3666666,71.75,6,2015;2016;2017;2018;2019;2020
38647099999,39.25,55.5166666,6,2015;2016;2017;2018;2019;2020
38656099999,39.3166666,58.6,6,2015;2016;2017;2018;2019;2020
38683099999,39.7166666,64.6166666,6,2015;2016;2017;2018;2019;2020
38684099999,39.3166666,63.2,1,2020
38687099999,39.0833333,63.6,6,2015;2016;2017;2018;2019;2020
38696099999,39.700547,66.983829,6,2015;2016;2017;2018;2019;2020
38705099999,39.5,67.6,6,2015;2016;2017;2018;2019;2020
38708099999,39.233,67.467,1,2019
38711099999,39.7166666,68.0166666,2,2015;2020
38713099999,39.9,68.9833333,6,2015;2016;2017;2018;2019;2020
38715099999,39.5666666,68.5833333,6,2015;2016;2017;2018;2019;2020
38718099999,39.1,68.3833333,6,2015;2016;2017;2018;2019;2020
38719099999,39.0833333,68.8666666,6,2015;2016;2017;2018;2019;2020
38725099999,39.4333333,69.6666666,6,2015;2016;2017;2018;2019;2020
38734099999,39.45,70.2,6,2015;2016;2017;2018;2019;2020
38744099999,39.2833333,71.8666666,6,2015;2016;2017;2018;2019;2020
38750099999,37.4666666,53.9666666,6,2015;2016;2017;2018;2019;2020
38755099999,38.5333333,54.3,1,2015
38759099999,37.6166666,54.7833333,1,2017
38763099999,38.9833333,56.2833333,6,2015;2016;2017;2018;2019;2020
38774099999,38.4333333,57.4166666,6,2015;2016;2017;2018;2019;2020
38799099999,38.0833333,62.8,6,2015;2016;2017;2018;2019;2020
38804099999,38.5666666,63.1833333,1,2019
38806099999,38.4666666,64.3666666,6,2015;2016;2017;2018;2019;2020
38812099999,38.8,65.7166666,6,2015;2016;2017;2018;2019;2020
38816099999,38.65,66.9333333,1,2020
38818099999,38.25,66.8333333,1,2020
38827099999,38.2,67.2,1,2020
38828099999,38.167,67.367,1,2016
38829099999,38.2666666,67.9,1,2020
38836099999,38.543333,68.825,6,2015;2016;2017;2018;2019;2020
38838099999,38.05,68.35,6,2015;2016;2017;2018;2019;2020
38840099999,38.4166666,69.35,3,2018;2019;2020
38842099999,38.683,69.567,2,2016;2019
38844099999,38.25,69.2333333,6,2015;2016;2017;2018;2019;2020
38846099999,38.3666666,69.9833333,6,2015;2016;2017;2018;2019;2020
38847099999,38.1,69.3166666,6,2015;2016;2017;2018;2019;2020
38851099999,39.0,70.3,6,2015;2016;2017;2018;2019;2020
38856099999,38.4666666,70.8833333,6,2015;2016;2017;2018;2019;2020
38869099999,38.1666666,72.6333333,6,2015;2016;2017;2018;2019;2020
38875099999,39.0166666,73.55,6,2015;2016;2017;2018;2019;2020
38878099999,38.1666666,73.9666666,6,2015;2016;2017;2018;2019;2020
38880099999,37.986814,58.360967,6,2015;2016;2017;2018;2019;2020
38885099999,37.35,59.6333333,2,2018;2020
38886099999,37.3833333,60.5166666,6,2015;2016;2017;2018;2019;2020
38895099999,37.6,62.1833333,6,2015;2016;2017;2018;2019;2020
38911099999,37.8333333,65.2,6,2015;2016;2017;2018;2019;2020
38915099999,37.5166666,66.0166666,6,2015;2016;2017;2018;2019;2020
38927099999,37.286667,67.31,6,2015;2016;2017;2018;2019;2020
38930099999,36.983,68.033,3,2016;2018;2019
38932099999,37.95,68.5666666,6,2015;2016;2017;2018;2019;2020
38933099999,37.8166666,68.7833333,6,2015;2016;2017;2018;2019;2020
38943099999,37.9166666,69.7833333,1,2019
38944099999,37.4833333,69.3833333,6,2015;2016;2017;2018;2019;2020
38947099999,37.2333333,69.0833333,6,2015;2016;2017;2018;2019;2020
38951099999,37.95,71.55,6,2015;2016;2017;2018;2019;2020
38954099999,37.5,71.5,6,2015;2016;2017;2018;2019;2020
38957099999,36.7166666,71.6,6,2015;2016;2017;2018;2019;2020
38966099999,37.533,74.833,5,2015;2016;2018;2019;2020
38974099999,36.5333333,61.2166666,6,2015;2016;2017;2018;2019;2020
38987099999,35.2833333,62.35,6,2015;2016;2017;2018;2019;2020
40001099999,37.020625,41.191394,6,2015;2016;2017;2018;2019;2020
40007099999,36.180675,37.224358,3,2015;2019;2020
40016099999,36.5,40.75,5,2016;2017;2018;2019;2020
40022099999,35.5333333,35.7666666,6,2015;2016;2017;2018;2019;2020
40025099999,35.401094,35.948681,6,2015;2016;2017;2018;2019;2020
40029099999,35.0,37.0333333,1,2018
40030099999,35.1166666,36.75,6,2015;2016;2017;2018;2019;2020
40039099999,35.9333333,39.0166666,4,2015;2016;2019;2020
40045099999,35.285374,40.175961,2,2016;2017
40050099999,34.8833333,35.8833333,2,2016;2018
40055099999,34.75,36.7166666,2,2016;2019
40061099999,34.557361,38.316889,3,2015;2016;2017
40066099999,34.8166666,36.1333333,6,2015;2016;2017;2018;2019;2020
40067099999,32.7,35.6,2,2016;2019
40080099999,33.411522,36.515558,6,2015;2016;2017;2018;2019;2020
40083099999,34.0333333,36.7166666,1,2017
40087099999,33.4833333,38.6666666,1,2019
40100099999,33.820931,35.488389,6,2015;2016;2017;2018;2019;2020
40101099999,33.8166666,35.85,6,2015;2016;2017;2018;2019;2020
40102099999,33.8666666,36.0,2,2019;2020
40103099999,34.45,35.8,6,2015;2016;2017;2018;2019;2020
40105099999,34.25,36.05,3,2015;2016;2018
40153099999,32.9666666,35.5,6,2015;2016;2017;2018;2019;2020
40155099999,32.809444,35.043056,6,2015;2016;2017;2018;2019;2020
40176199999,32.981047,35.571908,6,2015;2016;2017;2018;2019;2020
40176299999,32.117,34.783,5,2015;2016;2017;2018;2019
40179099999,32.0,34.8166666,6,2015;2016;2017;2018;2019;2020
40180099999,32.011389,34.886667,6,2015;2016;2017;2018;2019;2020
40183099999,31.7666666,35.2166666,6,2015;2016;2017;2018;2019;2020
40190099999,31.25,34.8,6,2015;2016;2017;2018;2019;2020
40192199999,31.0306,35.3919,3,2018;2019;2020
40198099999,29.94025,34.93585,5,2015;2016;2017;2018;2019
40199099999,29.561281,34.960081,6,2015;2016;2017;2018;2019;2020
40240099999,31.5333333,35.1,1,2015
40250099999,32.539217,38.194986,6,2015;2016;2017;2018;2019;2020
40253099999,32.6333333,35.6166666,1,2020
40255099999,32.55,35.85,6,2015;2016;2017;2018;2019;2020
40256099999,32.4,35.5833333,4,2015;2016;2018;2020
40257099999,32.3666666,35.75,1,2020
40260099999,32.160747,37.149383,6,2015;2016;2017;2018;2019;2020
40265099999,32.356353,36.259181,6,2015;2016;2017;2018;2019;2020
40267099999,32.15,36.2833333,1,2020
40268099999,32.0333333,35.7333333,1,2020
40270099999,31.972703,35.991569,6,2015;2016;2017;2018;2019;2020
40272099999,31.722556,35.993214,6,2015;2016;2017;2018;2019;2020
40275099999,31.25,36.1166666,1,2020
40285099999,32.2166666,35.6166666,2,2015;2020
40288099999,31.8333333,36.8166666,1,2020
40292099999,31.2666666,35.75,1,2020
40296099999,31.0333333,35.4666666,6,2015;2016;2017;2018;2019;2020
40298099999,30.7833333,35.7166666,1,2020
40300099999,30.5166666,35.5333333,1,2020
40305099999,30.2833333,36.15,1,2020
40310099999,30.1666666,35.7833333,6,2015;2016;2017;2018;2019;2020
40340099999,29.611619,35.018067,6,2015;2016;2017;2018;2019;2020
40356099999,31.692683,38.7312,6,2015;2016;2017;2018;2019;2020
40357099999,30.906589,41.138217,6,2015;2016;2017;2018;2019;2020
40360099999,31.411942,37.279469,6,2015;2016;2017;2018;2019;2020
40361099999,29.785133,40.100006,6,2015;2016;2017;2018;2019;2020
40362099999,29.626419,43.490614,6,2015;2016;2017;2018;2019;2020
40363099999,28.0,41.45,1,2017
40370099999,27.35,45.0166666,1,2016
40373099999,28.335192,46.125069,6,2015;2016;2017;2018;2019;2020
40375099999,28.365417,36.618889,6,2015;2016;2017;2018;2019;2020
40377099999,27.900917,45.528194,3,2015;2016;2017
40381099999,28.8833333,38.9,1,2016
40394099999,27.437917,41.686292,6,2015;2016;2017;2018;2019;2020
40398099999,28.3166666,38.6166666,1,2019
40400099999,26.198553,36.476381,6,2015;2016;2017;2018;2019;2020
40401099999,26.2938,38.0637,6,2015;2016;2017;2018;2019;2020
40405099999,26.3,43.7666666,6,2015;2016;2017;2018;2019;2020
40414099999,24.449867,44.121175,6,2015;2016;2017;2018;2019;2020
40415099999,26.4333333,49.8,6,2015;2016;2017;2018;2019;2020
40416099999,26.265417,50.152027,6,2015;2016;2017;2018;2019;2020
40419499999,27.039028,49.405083,5,2016;2017;2018;2019;2020
40420099999,25.285306,49.485189,6,2015;2016;2017;2018;2019;2020
40430099999,24.553422,39.705061,6,2015;2016;2017;2018;2019;2020
40435099999,26.9833333,44.1166666,6,2015;2016;2017;2018;2019;2020
40437099999,24.95764,46.698776,6,2015;2016;2017;2018;2019;2020
40438099999,24.721944,46.724722,6,2015;2016;2017;2018;2019;2020
40439099999,24.144244,38.06335,6,2015;2016;2017;2018;2019;2020
40550099999,30.0666666,47.6833333,6,2015;2016;2017;2018;2019;2020
40551099999,29.8166666,47.35,6,2015;2016;2017;2018;2019;2020
40552099999,29.6166666,47.5833333,4,2015;2016;2017;2018
40553099999,29.75,47.85,6,2015;2016;2017;2018;2019;2020
40568099999,29.7666666,48.3666666,6,2015;2016;2017;2018;2019;2020
40570099999,29.1,46.6833333,6,2015;2016;2017;2018;2019;2020
40573099999,29.3666666,46.9666666,6,2015;2016;2017;2018;2019;2020
40573599999,28.934764,47.791864,1,2020
40573699999,29.346742,47.520753,2,2019;2020
40580099999,29.3,47.9333333,5,2015;2016;2018;2019;2020
40581099999,29.3833333,48.0,6,2015;2016;2017;2018;2019;2020
40582099999,29.226567,47.968928,6,2015;2016;2017;2018;2019;2020
40585099999,29.35,48.1,6,2015;2016;2017;2018;2019;2020
40586099999,29.3166666,47.6666666,6,2015;2016;2017;2018;2019;2020
40587099999,29.2666666,47.7166666,6,2015;2016;2017;2018;2019;2020
40588099999,29.45,48.3333333,6,2015;2016;2017;2018;2019;2020
40590099999,29.0666666,47.5333333,6,2015;2016;2017;2018;2019;2020
40592099999,28.5666666,48.0666666,6,2015;2016;2017;2018;2019;2020
40593099999,28.8666666,48.2833333,3,2015;2016;2017
40594099999,28.55,48.3833333,6,2015;2016;2017;2018;2019;2020
40596099999,28.6833333,48.65,6,2015;2016;2017;2018;2019;2020
40602099999,36.8,42.1,6,2015;2016;2017;2018;2019;2020
40603099999,36.3666666,42.4833333,3,2018;2019;2020
40605099999,37.1333333,42.7166666,6,2015;2016;2017;2018;2019;2020
40606099999,36.8666666,43.0,6,2015;2016;2017;2018;2019;2020
40607099999,36.75,43.89,6,2015;2016;2017;2018;2019;2020
40608099999,36.305761,43.147397,6,2015;2016;2017;2018;2019;2020
40610099999,36.0333333,41.7333333,3,2018;2019;2020
40611099999,36.3833333,44.2,6,2015;2016;2017;2018;2019;2020
40619099999,35.75,43.6,4,2015;2016;2017;2018
40620099999,35.2,45.95,6,2015;2016;2017;2018;2019;2020
40621099999,35.469478,44.348933,6,2015;2016;2017;2018;2019;2020
40622099999,35.5166666,44.8333333,6,2015;2016;2017;2018;2019;2020
40623099999,35.55,45.45,6,2015;2016;2017;2018;2019;2020
40623599999,35.767194,43.125122,1,2019
40627099999,34.3833333,41.0166666,2,2015;2016
40629099999,34.3666666,41.95,4,2015;2018;2019;2020
40631099999,34.9,43.5333333,4,2017;2018;2019;2020
40632099999,34.8833333,44.65,6,2015;2016;2017;2018;2019;2020
40633099999,34.5666666,43.7,6,2015;2016;2017;2018;2019;2020
40634099999,34.1333333,42.35,6,2015;2016;2017;2018;2019;2020
40635599999,30.935758,46.090111,1,2019
40635699999,36.2333333,43.9666666,6,2015;2016;2017;2018;2019;2020
40637099999,34.35,45.3833333,6,2015;2016;2017;2018;2019;2020
40638099999,33.8333333,44.5333333,6,2015;2016;2017;2018;2019;2020
40640099999,33.2166666,41.7833333,1,2016
40642099999,33.0333333,40.2833333,6,2015;2016;2017;2018;2019;2020
40643099999,33.8,40.1333333,1,2015
40645099999,33.45,43.3166666,6,2015;2016;2017;2018;2019;2020
40646099999,33.6333333,43.75,6,2015;2016;2017;2018;2019;2020
40650099999,33.2666666,44.2333333,6,2015;2016;2017;2018;2019;2020
40650399999,33.2333333,44.2333333,2,2017;2018
40650699999,33.940194,44.361583,4,2016;2017;2018;2019
40650799999,33.785608,42.4412,1,2019
40650899999,34.673231,43.542994,1,2019
40650999999,33.383,43.567,1,2019
40651199999,36.533692,44.339886,1,2019
40655099999,32.55,44.7166666,6,2015;2016;2017;2018;2019;2020
40656099999,32.5666666,44.05,6,2015;2016;2017;2018;2019;2020
40657099999,32.45,44.45,6,2015;2016;2017;2018;2019;2020
40658099999,32.0333333,42.2833333,6,2015;2016;2017;2018;2019;2020
40660099999,32.9166666,45.0666666,6,2015;2016;2017;2018;2019;2020
40662099999,33.1,45.95,6,2015;2016;2017;2018;2019;2020
40664099999,32.5,45.8166666,6,2015;2016;2017;2018;2019;2020
40665099999,32.1333333,46.0333333,6,2015;2016;2017;2018;2019;2020
40666099999,32.4666666,46.7166666,6,2015;2016;2017;2018;2019;2020
40670099999,31.95,44.3166666,6,2015;2016;2017;2018;2019;2020
40672099999,31.95,44.95,6,2015;2016;2017;2018;2019;2020
40674099999,31.2666666,45.2666666,6,2015;2016;2017;2018;2019;2020
40675099999,31.717,46.1,6,2015;2016;2017;2018;2019;2020
40676099999,31.0166666,46.2333333,6,2015;2016;2017;2018;2019;2020
40680099999,31.85,47.1666666,6,2015;2016;2017;2018;2019;2020
40689099999,30.549069,47.662142,6,2015;2016;2017;2018;2019;2020
40690099999,30.5166666,47.7833333,6,2015;2016;2017;2018;2019;2020
40691099999,29.9833333,48.5,6,2015;2016;2017;2018;2019;2020
40700099999,39.65,47.9166666,6,2015;2016;2017;2018;2019;2020
40701099999,39.3333333,44.4333333,6,2015;2016;2017;2018;2019;2020
40703099999,38.427453,44.973575,6,2015;2016;2017;2018;2019;2020
40703699999,27.372744,53.188794,6,2015;2016;2017;2018;2019;2020
40703799999,37.3833333,55.45,6,2015;2016;2017;2018;2019;2020
40704099999,38.4333333,47.0666666,6,2015;2016;2017;2018;2019;2020
40706099999,38.133889,46.235,6,2015;2016;2017;2018;2019;2020
40710099999,37.9333333,47.5333333,6,2015;2016;2017;2018;2019;2020
40712099999,37.668167,45.068667,6,2015;2016;2017;2018;2019;2020
40712599999,27.820422,52.35215,6,2015;2016;2017;2018;2019;2020
40712699999,26.810278,53.356111,6,2015;2016;2017;2018;2019;2020
40712799999,32.434444,48.39764,4,2015;2016;2017;2020
40713099999,37.35,46.1666667,6,2015;2016;2017;2018;2019;2020
40716099999,37.45,47.7,6,2015;2016;2017;2018;2019;2020
40718099999,37.4666666,49.4666666,6,2015;2016;2017;2018;2019;2020
40719099999,37.325431,49.605708,6,2015;2016;2017;2018;2019;2020
40721099999,37.9,55.95,6,2015;2016;2017;2018;2019;2020
40723099999,37.493003,57.308389,6,2015;2016;2017;2018;2019;2020
40726099999,36.7666666,45.7166666,6,2015;2016;2017;2018;2019;2020
40727099999,36.25,46.2666667,6,2015;2016;2017;2018;2019;2020
40729099999,36.773783,48.359114,6,2015;2016;2017;2018;2019;2020
40730099999,35.416111,51.152222,6,2015;2016;2017;2018;2019;2020
40731099999,36.240058,50.047117,6,2015;2016;2017;2018;2019;2020
40732099999,36.909908,50.679589,6,2015;2016;2017;2018;2019;2020
40735099999,37.25,55.1,6,2015;2016;2017;2018;2019;2020
40736099999,36.7166666,52.65,6,2015;2016;2017;2018;2019;2020
40737099999,36.45,52.8166666,6,2015;2016;2017;2018;2019;2020
40738099999,36.909381,54.401339,6,2015;2016;2017;2018;2019;2020
40739099999,36.4166666,54.95,6,2015;2016;2017;2018;2019;2020
40740099999,37.0666666,58.5,6,2015;2016;2017;2018;2019;2020
40743099999,36.168411,57.595072,6,2015;2016;2017;2018;2019;2020
40745099999,36.235195,59.640972,6,2015;2016;2017;2018;2019;2020
40746099999,35.983,60.833,1,2016
40747099999,35.246936,47.009011,6,2015;2016;2017;2018;2019;2020
40754099999,35.689167,51.313416,6,2015;2016;2017;2018;2019;2020
40756099999,35.25,52.167,1,2016
40757099999,35.591094,53.495086,6,2015;2016;2017;2018;2019;2020
40762099999,35.2666666,59.2166666,6,2015;2016;2017;2018;2019;2020
40763099999,35.2,58.4666666,6,2015;2016;2017;2018;2019;2020
40766099999,34.345853,47.158125,6,2015;2016;2017;2018;2019;2020
40769099999,34.138069,49.847297,6,2015;2016;2017;2018;2019;2020
40770099999,34.65,50.9,1,2016
40780199999,30.556192,49.151879,6,2015;2016;2017;2018;2019;2020
40780299999,26.517,53.983,6,2015;2016;2017;2018;2019;2020
40780399999,25.9,54.533,6,2015;2016;2017;2018;2019;2020
40780499999,33.583,46.4,6,2015;2016;2017;2018;2019;2020
40780599999,33.433,48.283,6,2015;2016;2017;2018;2019;2020
40780699999,34.867,48.55,6,2015;2016;2017;2018;2019;2020
40780799999,35.776094,50.826686,6,2015;2016;2017;2018;2019;2020
40780899999,26.751111,55.897778,6,2015;2016;2017;2018;2019;2020
40780999999,36.5,61.067,6,2015;2016;2017;2018;2019;2020
40782299999,36.65,51.467,6,2015;2016;2017;2018;2019;2020
40782399999,27.674375,54.383247,6,2015;2016;2017;2018;2019;2020
40782499999,30.683,51.55,6,2015;2016;2017;2018;2019;2020
40782599999,38.317,48.417,6,2015;2016;2017;2018;2019;2020
40782699999,36.635833,53.193611,6,2015;2016;2017;2018;2019;2020
40783099999,33.4,49.6833333,6,2015;2016;2017;2018;2019;2020
40785099999,33.895333,51.577044,6,2015;2016;2017;2018;2019;2020
40789099999,33.7833333,55.0833333,6,2015;2016;2017;2018;2019;2020
40791099999,33.66775,56.892675,6,2015;2016;2017;2018;2019;2020
40792099999,34.0166666,58.1666666,6,2015;2016;2017;2018;2019;2020
40794099999,32.2666666,48.4166666,6,2015;2016;2017;2018;2019;2020
40798099999,32.297222,50.842222,6,2015;2016;2017;2018;2019;2020
40800099999,32.750721,51.861694,6,2015;2016;2017;2018;2019;2020
40802099999,32.6666666,51.8666666,1,2016
40809099999,32.898056,59.266111,6,2015;2016;2017;2018;2019;2020
40811099999,31.337444,48.762138,6,2015;2016;2017;2018;2019;2020
40812099999,32.002304,49.270668,6,2015;2016;2017;2018;2019;2020
40818099999,31.1833333,52.6666667,6,2015;2016;2017;2018;2019;2020
40821099999,31.904908,54.276503,6,2015;2016;2017;2018;2019;2020
40827099999,31.5333333,60.0333333,6,2015;2016;2017;2018;2019;2020
40829099999,31.098333,61.543889,6,2015;2016;2017;2018;2019;2020
40830099999,30.75,49.7,1,2017
40831099999,30.371111,48.228333,6,2015;2016;2017;2018;2019;2020
40832099999,25.8833333,55.0166667,1,2016
40833099999,30.74545,49.676261,6,2015;2016;2017;2018;2019;2020
40835099999,30.337567,50.827964,6,2015;2016;2017;2018;2019;2020
40835199999,25.867,55.033,6,2015;2016;2017;2018;2019;2020
40835299999,34.28,48.82,6,2015;2016;2017;2018;2019;2020
40835399999,34.9,48.63,6,2015;2016;2017;2018;2019;2020
40835499999,27.12,57.1,6,2015;2016;2017;2018;2019;2020
40835599999,34.35,58.68,6,2015;2016;2017;2018;2019;2020
40835699999,39.33,44.43,6,2015;2016;2017;2018;2019;2020
40835799999,34.28,47.12,6,2015;2016;2017;2018;2019;2020
40835999999,30.297714,56.051139,6,2015;2016;2017;2018;2019;2020
40836199999,27.3666666,52.7333333,6,2015;2016;2017;2018;2019;2020
40841099999,30.274444,56.951111,6,2015;2016;2017;2018;2019;2020
40845099999,29.2666666,50.2666666,6,2015;2016;2017;2018;2019;2020
40848099999,29.539333,52.589474,6,2015;2016;2017;2018;2019;2020
40851099999,29.4666666,55.7166666,6,2015;2016;2017;2018;2019;2020
40853099999,29.2333333,56.5666666,6,2015;2016;2017;2018;2019;2020
40854099999,29.083925,58.450397,6,2015;2016;2017;2018;2019;2020
40856099999,29.476331,60.906825,6,2015;2016;2017;2018;2019;2020
40857099999,28.95,50.85,3,2015;2016;2017
40858099999,28.944811,50.834637,6,2015;2016;2017;2018;2019;2020
40859099999,28.891756,53.723339,6,2015;2016;2017;2018;2019;2020
40872099999,27.8333333,51.9333333,6,2015;2016;2017;2018;2019;2020
40875099999,27.218169,56.377875,6,2015;2016;2017;2018;2019;2020
40877099999,27.9666666,57.7,6,2015;2016;2017;2018;2019;2020
40878099999,27.3333333,62.3333333,6,2015;2016;2017;2018;2019;2020
40879099999,27.236169,60.720033,6,2015;2016;2017;2018;2019;2020
40883099999,26.532,54.824847,6,2015;2016;2017;2018;2019;2020
40893099999,25.653556,57.79925,6,2015;2016;2017;2018;2019;2020
40898099999,25.2833333,60.6166666,6,2015;2016;2017;2018;2019;2020
40904199999,37.417,66.083,1,2017
40911099999,36.706914,67.209678,6,2015;2016;2017;2018;2019;2020
40913099999,36.6666666,68.9166666,4,2017;2018;2019;2020
40918099999,36.7,71.5666667,1,2017
40930099999,35.3166666,69.0166666,4,2017;2018;2019;2020
40932099999,35.1333333,69.25,1,2020
40933099999,34.5833333,68.1,1,2018
40938099999,34.210017,62.2283,6,2015;2016;2017;2018;2019;2020
40942099999,33.5333333,65.2666666,3,2018;2019;2020
40943099999,34.1,64.3,2,2019;2020
40945099999,34.8166667,67.8166667,4,2017;2018;2019;2020
40948099999,34.565853,69.212328,6,2015;2016;2017;2018;2019;2020
40954099999,34.399842,70.498625,5,2016;2017;2018;2019;2020
40968099999,33.5333333,68.4166667,3,2018;2019;2020
40980099999,32.8333333,67.7833333,1,2019
40984099999,32.9166666,69.1333333,1,2017
40988099999,31.55,64.3666666,4,2017;2018;2019;2020
40990099999,31.505756,65.847822,5,2016;2017;2018;2019;2020
41024099999,21.679564,39.156536,6,2015;2016;2017;2018;2019;2020
41030099999,21.4333333,39.7666666,5,2015;2016;2017;2018;2019
41031099999,21.4166666,39.8666666,3,2015;2016;2018
41032099999,21.3333333,39.9666666,6,2015;2016;2017;2018;2019;2020
41036099999,21.483418,40.544334,6,2015;2016;2017;2018;2019;2020
41055099999,20.296139,41.634277,6,2015;2016;2017;2018;2019;2020
41060099999,20.4333333,44.6833333,1,2016
41061099999,20.504275,45.199556,6,2015;2016;2017;2018;2019;2020
41084099999,19.98435,42.620881,6,2015;2016;2017;2018;2019;2020
41112099999,18.240367,42.656625,6,2015;2016;2017;2018;2019;2020
41114099999,18.297286,42.803536,6,2015;2016;2017;2018;2019;2020
41128099999,17.611436,44.419169,6,2015;2016;2017;2018;2019;2020
41136099999,17.466875,47.121431,6,2015;2016;2017;2018;2019;2020
41140099999,16.901111,42.585833,6,2015;2016;2017;2018;2019;2020
41150099999,26.270834,50.63361,6,2015;2016;2017;2018;2019;2020
41160099999,26.15,51.2,6,2015;2016;2017;2018;2019;2020
41161099999,25.6166666,51.5166666,5,2015;2016;2017;2018;2019
41162099999,25.85,50.9666666,1,2015
41164099999,25.8333333,51.2666666,1,2015
41167099999,25.4,50.75,6,2015;2016;2017;2018;2019;2020
41168099999,25.3,51.55,2,2018;2019
41170099999,25.261125,51.565056,6,2015;2016;2017;2018;2019;2020
41170399999,25.2666666,51.6,6,2015;2016;2017;2018;2019;2020
41170599999,25.117317,51.314989,6,2015;2016;2017;2018;2019;2020
41171099999,25.3833333,51.4833333,2,2015;2017
41173099999,25.1833333,51.6166666,1,2015
41175099999,25.0,51.0333333,1,2015
41176099999,24.95,51.5666666,4,2015;2018;2019;2020
41177099999,24.7166666,51.2166666,1,2015
41178099999,24.75,50.8166666,6,2015;2016;2017;2018;2019;2020
41184099999,25.613483,55.938817,6,2015;2016;2017;2018;2019;2020
41194099999,25.254997,55.364278,6,2015;2016;2017;2018;2019;2020
41194599999,24.88611,55.17222,6,2015;2016;2017;2018;2019;2020
41196099999,25.328575,55.51715,6,2015;2016;2017;2018;2019;2020
41198099999,25.112225,56.323964,6,2015;2016;2017;2018;2019;2020
41216099999,24.428333,54.458084,6,2015;2016;2017;2018;2019;2020
41216199999,24.073981,52.463644,6,2015;2016;2017;2018;2019;2020
41216299999,24.248249,54.547722,6,2015;2016;2017;2018;2019;2020
41216399999,24.509936,52.335222,6,2015;2016;2017;2018;2019;2020
41216499999,25.026819,55.366244,6,2015;2016;2017;2018;2019;2020
41216599999,25.216778,54.233778,5,2016;2017;2018;2019;2020
41217099999,24.432972,54.651138,6,2015;2016;2017;2018;2019;2020
41218099999,24.261667,55.609167,6,2015;2016;2017;2018;2019;2020
41240099999,26.2166666,56.25,6,2015;2016;2017;2018;2019;2020
41241099999,26.1666666,56.2333333,1,2015
41242099999,25.6166666,56.25,6,2015;2016;2017;2018;2019;2020
41244099999,24.2333333,55.7833333,6,2015;2016;2017;2018;2019;2020
41246099999,24.4666666,56.65,6,2015;2016;2017;2018;2019;2020
41249099999,23.9333333,56.2,6,2015;2016;2017;2018;2019;2020
41250099999,23.7166666,55.9,6,2015;2016;2017;2018;2019;2020
41252099999,23.2333333,56.4333333,6,2015;2016;2017;2018;2019;2020
41253099999,23.4166666,57.4333333,6,2015;2016;2017;2018;2019;2020
41254099999,23.0666667,57.6333333,6,2015;2016;2017;2018;2019;2020
41255099999,22.8666666,57.55,6,2015;2016;2017;2018;2019;2020
41256099999,23.593278,58.284444,6,2015;2016;2017;2018;2019;2020
41257099999,23.2544444,57.9275,6,2015;2016;2017;2018;2019;2020
41258099999,23.6333333,58.5666666,5,2015;2016;2017;2018;2019
41259099999,23.2333333,57.2666666,4,2015;2017;2018;2019
41262099999,22.35,56.4833333,6,2015;2016;2017;2018;2019;2020
41263099999,22.9122222,57.2572222,6,2015;2016;2017;2018;2019;2020
41264099999,22.5,57.3666666,5,2015;2016;2017;2018;2019
41265099999,22.8094444,58.4605556,6,2015;2016;2017;2018;2019;2020
41266099999,22.633,58.667,6,2015;2016;2017;2018;2019;2020
41267099999,22.6666666,59.4,6,2015;2016;2017;2018;2019;2020
41268099999,22.5333333,59.4833333,6,2015;2016;2017;2018;2019;2020
41270099999,22.3,59.8166666,6,2015;2016;2017;2018;2019;2020
41272099999,23.8166666,57.2833333,6,2015;2016;2017;2018;2019;2020
41274099999,21.383,57.05,6,2015;2016;2017;2018;2019;2020
41275099999,21.3833333,57.05,6,2015;2016;2017;2018;2019;2020
41276099999,20.8,57.1166666,6,2015;2016;2017;2018;2019;2020
41280099999,23.5,58.4833333,6,2015;2016;2017;2018;2019;2020
41287099999,20.8666666,58.25,6,2015;2016;2017;2018;2019;2020
41288099999,20.675434,58.890467,6,2015;2016;2017;2018;2019;2020
41290099999,19.6166666,57.6333333,6,2015;2016;2017;2018;2019;2020
41291099999,19.5166666,57.65,6,2015;2016;2017;2018;2019;2020
41292099999,22.5166666,58.1166666,6,2015;2016;2017;2018;2019;2020
41293099999,22.4666666,58.85,6,2015;2016;2017;2018;2019;2020
41295099999,19.95,57.1,6,2015;2016;2017;2018;2019;2020
41301099999,20.05,56.3833333,6,2015;2016;2017;2018;2019;2020
41304099999,18.1333333,55.1833333,6,2015;2016;2017;2018;2019;2020
41312099999,16.9333333,54.0166666,6,2015;2016;2017;2018;2019;2020
41314099999,17.666,54.024612,6,2015;2016;2017;2018;2019;2020
41315099999,17.25,54.0833333,6,2015;2016;2017;2018;2019;2020
41316099999,17.038719,54.091297,6,2015;2016;2017;2018;2019;2020
41378099999,13.967,45.583,1,2015
41382099999,13.25,43.283,1,2015
41390099999,13.6833333,44.15,3,2015;2016;2017
41391099999,15.8333333,43.5833333,4,2015;2016;2017;2020
41399099999,15.7666666,44.0166666,3,2015;2016;2017
41404099999,15.476258,44.219739,3,2015;2016;2017
41405099999,16.967,43.733,2,2015;2016
41407099999,15.4333333,45.3333333,2,2015;2016
41431099999,14.753,42.976336,3,2015;2016;2017
41434099999,14.5833333,44.4166666,3,2015;2016;2017
41436399999,15.967,48.783,3,2015;2016;2017
41437099999,14.551322,46.826183,3,2015;2016;2017
41438099999,14.1333333,44.3666666,2,2015;2016
41443099999,14.662639,49.375028,1,2015
41452099999,14.0,44.3333333,3,2015;2016;2017
41466099999,13.685964,44.139056,1,2015
41480099999,12.8333333,45.0333333,4,2015;2016;2017;2018
41494099999,12.6333333,53.9,6,2015;2016;2017;2018;2019;2020
41504099999,36.1666666,73.4,6,2015;2016;2017;2018;2019;2020
41505099999,36.3166666,74.65,4,2015;2016;2017;2018
41507099999,34.8333333,71.8166666,4,2015;2016;2017;2018
41508099999,35.2,71.85,6,2015;2016;2017;2018;2019;2020
41509099999,35.5,71.7,4,2015;2016;2017;2018
41510099999,35.8333333,72.9833333,4,2015;2016;2017;2018
41515099999,35.5666666,71.7833333,6,2015;2016;2017;2018;2019;2020
41516099999,35.918786,74.333644,6,2015;2016;2017;2018;2019;2020
41517099999,35.335508,75.536047,6,2015;2016;2017;2018;2019;2020
41518099999,35.6666666,74.6333333,6,2015;2016;2017;2018;2019;2020
41519099999,35.4166666,74.1,6,2015;2016;2017;2018;2019;2020
41519599999,25.983,63.033,6,2015;2016;2017;2018;2019;2020
41520099999,35.3666666,74.9,6,2015;2016;2017;2018;2019;2020
41520599999,35.883,71.8,6,2015;2016;2017;2018;2019;2020
41521599999,29.967,70.483,4,2015;2016;2017;2018
41522599999,34.333,73.517,6,2015;2016;2017;2018;2019;2020
41523599999,34.817,72.35,6,2015;2016;2017;2018;2019;2020
41524099999,35.1,73.0,4,2015;2016;2017;2018
41525099999,34.75,72.9,4,2015;2016;2017;2018
41526099999,35.2166666,74.1,1,2015
41530099999,34.0166666,71.5833333,6,2015;2016;2017;2018;2019;2020
41533099999,34.081112,71.972583,6,2015;2016;2017;2018;2019;2020
41535099999,34.1833333,73.25,6,2015;2016;2017;2018;2019;2020
41536099999,34.3833333,73.35,6,2015;2016;2017;2018;2019;2020
41560099999,33.8666666,70.0833333,6,2015;2016;2017;2018;2019;2020
41564099999,33.5666666,71.4333333,6,2015;2016;2017;2018;2019;2020
41565099999,33.8166666,71.8833333,6,2015;2016;2017;2018;2019;2020
41571099999,33.616653,73.099233,6,2015;2016;2017;2018;2019;2020
41573099999,33.9166666,73.3833333,6,2015;2016;2017;2018;2019;2020
41577099999,33.7166666,73.1,6,2015;2016;2017;2018;2019;2020
41592099999,32.563089,71.570681,6,2015;2016;2017;2018;2019;2020
41592599999,27.721989,68.791683,4,2015;2016;2017;2018
41593099999,32.05,72.6666666,1,2016
41594099999,32.05,72.6666666,6,2015;2016;2017;2018;2019;2020
41597099999,32.5833333,73.5,4,2015;2016;2017;2018
41598099999,32.9333333,73.7166666,6,2015;2016;2017;2018;2019;2020
41599099999,32.5,74.5333333,6,2015;2016;2017;2018;2019;2020
41600099999,32.5,74.5333333,6,2015;2016;2017;2018;2019;2020
41620099999,31.358381,69.463606,6,2015;2016;2017;2018;2019;2020
41624099999,31.909422,70.896639,6,2015;2016;2017;2018;2019;2020
41630099999,31.4333333,73.1,6,2015;2016;2017;2018;2019;2020
41636099999,31.2666666,72.3166666,5,2015;2016;2017;2018;2020
41638099999,30.9833333,72.4666667,4,2015;2016;2017;2018
41640099999,31.55,74.3333333,6,2015;2016;2017;2018;2019;2020
41641099999,31.521564,74.403594,6,2015;2016;2017;2018;2019;2020
41660099999,30.251369,66.937764,6,2015;2016;2017;2018;2019;2020
41661099999,30.2666666,66.9166666,4,2015;2016;2017;2018
41671199999,31.0166666,70.9666666,3,2016;2017;2018
41672099999,30.7833333,72.2,6,2015;2016;2017;2018;2019;2020
41675099999,30.203222,71.419111,6,2015;2016;2017;2018;2019;2020
41678099999,29.95,73.25,6,2015;2016;2017;2018;2019;2020
41685099999,29.8833333,69.7166666,6,2015;2016;2017;2018;2019;2020
41696099999,29.0333333,66.5833333,6,2015;2016;2017;2018;2019;2020
41697099999,29.55,67.8833333,6,2015;2016;2017;2018;2019;2020
41700099999,29.4,71.7833333,6,2015;2016;2017;2018;2019;2020
41701099999,29.4,71.7833333,4,2015;2016;2017;2019
41710099999,28.8166666,62.75,6,2015;2016;2017;2018;2019;2020
41712099999,28.8833333,64.4,6,2015;2016;2017;2018;2019;2020
41715099999,28.284167,68.449711,6,2015;2016;2017;2018;2019;2020
41716099999,28.3839,70.279572,5,2015;2016;2017;2018;2020
41718099999,28.65,70.6833333,6,2015;2016;2017;2018;2019;2020
41725099999,27.6666666,68.9,6,2015;2016;2017;2018;2019;2020
41739099999,26.954547,64.132517,6,2015;2016;2017;2018;2019;2020
41742099999,26.23,66.17,4,2015;2016;2017;2018
41744099999,27.8333333,66.6333333,6,2015;2016;2017;2018;2019;2020
41745099999,25.1333333,68.2666666,1,2018
41746099999,26.85,68.1333333,6,2015;2016;2017;2018;2019;2020
41747099999,27.335156,68.143053,2,2015;2017
41749099999,26.219442,68.390053,6,2015;2016;2017;2018;2019;2020
41756099999,25.067811,61.805419,6,2015;2016;2017;2018;2019;2020
41757099999,25.233308,62.329494,6,2015;2016;2017;2018;2019;2020
41759099999,25.290161,63.344425,6,2015;2016;2017;2018;2019;2020
41760099999,25.273319,64.588372,4,2015;2016;2017;2018
41764099999,25.3833333,68.4166667,6,2015;2016;2017;2018;2019;2020
41768099999,25.5166666,69.7833333,6,2015;2016;2017;2018;2019;2020
41780099999,24.906547,67.160797,6,2015;2016;2017;2018;2019;2020
41781099999,24.893564,66.938753,4,2015;2016;2018;2019
41785099999,24.6333333,68.9,6,2015;2016;2017;2018;2019;2020
41786199999,24.7318,69.7981,2,2018;2020
41850099999,26.35,88.6,5,2016;2017;2018;2019;2020
41858099999,25.75,88.9166666,6,2015;2016;2017;2018;2019;2020
41859099999,25.7333333,89.2333333,6,2015;2016;2017;2018;2019;2020
41862199999,25.8,89.55,6,2015;2016;2017;2018;2019;2020
41863099999,25.65,88.6833333,6,2015;2016;2017;2018;2019;2020
41883099999,24.85,89.3666666,6,2015;2016;2017;2018;2019;2020
41886099999,24.7166666,90.4333333,6,2015;2016;2017;2018;2019;2020
41891099999,24.963242,91.866783,6,2015;2016;2017;2018;2019;2020
41895099999,24.437219,88.616511,6,2015;2016;2017;2018;2019;2020
41907099999,24.1525,89.049446,6,2015;2016;2017;2018;2019;2020
41909099999,24.25,89.9333333,6,2015;2016;2017;2018;2019;2020
41915099999,24.3,91.7333333,6,2015;2016;2017;2018;2019;2020
41921099999,23.9833333,90.4166666,2,2016;2020
41922099999,23.843333,90.397781,6,2015;2016;2017;2018;2019;2020
41923099999,23.778783,90.382689,6,2015;2016;2017;2018;2019;2020
41926099999,23.65,88.8166666,6,2015;2016;2017;2018;2019;2020
41929099999,23.6,89.85,6,2015;2016;2017;2018;2019;2020
41933099999,23.4333333,91.1833333,6,2015;2016;2017;2018;2019;2020
41936099999,23.1838,89.160833,6,2015;2016;2017;2018;2019;2020
41939099999,23.1666666,90.1833333,6,2015;2016;2017;2018;2019;2020
41941099999,23.2666666,90.7,6,2015;2016;2017;2018;2019;2020
41943099999,23.0333333,91.4166666,6,2015;2016;2017;2018;2019;2020
41946099999,22.7166666,89.0833333,6,2015;2016;2017;2018;2019;2020
41947099999,22.7833333,89.5333333,6,2015;2016;2017;2018;2019;2020
41950099999,22.75,90.3666666,6,2015;2016;2017;2018;2019;2020
41951099999,22.6833333,90.65,6,2015;2016;2017;2018;2019;2020
41953099999,22.8666666,91.1,6,2015;2016;2017;2018;2019;2020
41958099999,22.6,89.5,6,2015;2016;2017;2018;2019;2020
41960099999,22.3333333,90.3333333,6,2015;2016;2017;2018;2019;2020
41963099999,22.4333333,91.1,6,2015;2016;2017;2018;2019;2020
41964099999,22.4833333,91.4333333,6,2015;2016;2017;2018;2019;2020
41965099999,22.5833333,91.7,6,2015;2016;2017;2018;2019;2020
41966099999,22.5333333,92.2,6,2015;2016;2017;2018;2019;2020
41978099999,22.249611,91.813286,6,2015;2016;2017;2018;2019;2020
41984099999,21.9833333,90.2333333,6,2015;2016;2017;2018;2019;2020
41989099999,21.8166666,91.85,6,2015;2016;2017;2018;2019;2020
41992099999,21.452194,91.963889,6,2015;2016;2017;2018;2019;2020
41998099999,20.8666666,92.3,6,2015;2016;2017;2018;2019;2020
42026099999,34.05,74.4,6,2015;2016;2017;2018;2019;2020
42027099999,34.0833333,74.8333333,6,2015;2016;2017;2018;2019;2020
42029099999,34.3166666,75.3166666,4,2015;2016;2018;2020
42042099999,33.9833333,74.7833333,2,2017;2019
42044099999,33.5833333,75.0833333,6,2015;2016;2017;2018;2019;2020
42045099999,33.5,75.1666666,6,2015;2016;2017;2018;2019;2020
42056099999,32.6666666,74.8333333,6,2015;2016;2017;2018;2019;2020
42060099999,32.3333333,75.5,1,2018
42062099999,32.2666666,76.3833333,6,2015;2016;2017;2018;2019;2020
42063099999,32.5833333,77.0666666,3,2017;2018;2020
42065099999,32.2666666,77.1666666,6,2015;2016;2017;2018;2019;2020
42071099999,31.709594,74.797264,6,2015;2016;2017;2018;2019;2020
42074099999,31.3333333,75.3333333,1,2016
42075099999,31.4666666,75.5833333,3,2018;2019;2020
42077099999,31.4666666,76.2666666,6,2015;2016;2017;2018;2019;2020
42078099999,31.7166666,76.9666666,5,2016;2017;2018;2019;2020
42079099999,31.5333333,76.9,6,2015;2016;2017;2018;2019;2020
42080099999,31.25,76.6666666,1,2015
42080199999,21.752206,72.185181,6,2015;2016;2017;2018;2019;2020
42081099999,31.8333333,77.1666666,6,2015;2016;2017;2018;2019;2020
42083099999,31.1,77.1666666,6,2015;2016;2017;2018;2019;2020
42097099999,30.1666666,74.5833333,1,2020
42099099999,30.8666666,75.9333333,6,2015;2016;2017;2018;2019;2020
42101099999,30.3333333,76.4666666,6,2015;2016;2017;2018;2019;2020
42103099999,30.3833333,76.7666666,6,2015;2016;2017;2018;2019;2020
42104099999,30.4,76.7666666,6,2015;2016;2017;2018;2019;2020
42105099999,30.7333333,76.8833333,6,2015;2016;2017;2018;2019;2020
42108099999,30.7333333,78.45,1,2019
42110099999,30.15,78.7833333,1,2019
42111099999,30.3166666,78.0333333,6,2015;2016;2017;2018;2019;2020
42112099999,30.45,78.0833333,1,2020
42114099999,30.4,78.4833333,6,2015;2016;2017;2018;2019;2020
42117099999,30.4,79.3333333,3,2015;2016;2020
42123099999,29.9166666,73.9166666,6,2015;2016;2017;2018;2019;2020
42131099999,29.179444,75.755336,6,2015;2016;2017;2018;2019;2020
42135099999,30.1666666,75.8333333,3,2016;2017;2018
42137099999,29.7,77.0333333,6,2015;2016;2017;2018;2019;2020
42139099999,29.0166666,77.7166667,6,2015;2016;2017;2018;2019;2020
42140099999,29.85,77.8833333,1,2018
42143099999,29.6166666,78.3833333,6,2015;2016;2017;2018;2019;2020
42147099999,29.4666666,79.65,6,2015;2016;2017;2018;2019;2020
42148099999,29.0333333,79.4666666,6,2015;2016;2017;2018;2019;2020
42151099999,29.85,80.5333333,1,2020
42165099999,28.0,73.3,6,2015;2016;2017;2018;2019;2020
42170099999,28.25,74.9166666,6,2015;2016;2017;2018;2019;2020
42174099999,28.3333333,75.5833333,6,2015;2016;2017;2018;2019;2020
42176099999,28.8333333,76.5833333,4,2017;2018;2019;2020
42177099999,28.0,76.0833333,6,2015;2016;2017;2018;2019;2020
42178099999,28.4166666,77.0,1,2020
42181099999,28.5665,77.103088,6,2015;2016;2017;2018;2019;2020
42182099999,28.584511,77.205783,6,2015;2016;2017;2018;2019;2020
42183099999,28.4,77.8666666,4,2016;2017;2019;2020
42187099999,28.8333333,78.75,6,2015;2016;2017;2018;2019;2020
42189099999,28.422061,79.450842,6,2015;2016;2017;2018;2019;2020
42206099999,22.0666666,88.0666666,1,2017
42220099999,28.1,95.3833333,6,2015;2016;2017;2018;2019;2020
42237099999,27.1333333,72.3666666,6,2015;2016;2017;2018;2019;2020
42249099999,27.6166666,75.1333333,6,2015;2016;2017;2018;2019;2020
42255099999,27.5,76.5833333,5,2016;2017;2018;2019;2020
42258099999,27.2166666,77.5,1,2018
42260099999,27.155831,77.960892,6,2015;2016;2017;2018;2019;2020
42262099999,27.8833333,78.0666666,6,2015;2016;2017;2018;2019;2020
42265099999,27.2333333,79.05,1,2020
42266099999,27.8833333,79.9,6,2015;2016;2017;2018;2019;2020
42270099999,27.9,80.8,2,2016;2017
42271099999,27.3833333,80.1666666,6,2015;2016;2017;2018;2019;2020
42273099999,27.5666666,81.6,6,2015;2016;2017;2018;2019;2020
42274099999,27.1333333,81.9666666,2,2016;2017
42279099999,26.8,82.7333333,4,2016;2017;2018;2019
42282099999,27.4333333,83.4166666,1,2019
42295099999,27.05,88.2666666,6,2015;2016;2017;2018;2019;2020
42296099999,27.0666666,88.4666666,6,2015;2016;2017;2018;2019;2020
42299099999,27.3333333,88.6166666,6,2015;2016;2017;2018;2019;2020
42305099999,27.4166666,92.85,1,2020
42309099999,27.295494,94.09765,6,2015;2016;2017;2018;2019;2020
42311099999,26.9833333,94.6333333,1,2016
42312099999,27.9166666,94.8,1,2017
42314099999,27.483853,95.016922,6,2015;2016;2017;2018;2019;2020
42316099999,27.3833333,95.6166666,1,2016
42328099999,26.9,70.9166666,6,2015;2016;2017;2018;2019;2020
42339099999,26.251092,73.048869,6,2015;2016;2017;2018;2019;2020
42343099999,26.45,74.6166666,6,2015;2016;2017;2018;2019;2020
42348099999,26.824192,75.812161,6,2015;2016;2017;2018;2019;2020
42349099999,26.1666666,75.75,2,2016;2019
42353099999,26.1333333,86.5833333,1,2020
42361099999,26.293336,78.227753,6,2015;2016;2017;2018;2019;2020
42364099999,26.7333333,78.9833333,3,2016;2017;2020
42366099999,26.4333333,80.3666666,1,2018
42367099999,26.4043,80.410119,6,2015;2016;2017;2018;2019;2020
42368099999,26.8666666,80.9333333,1,2016
42369099999,26.760594,80.889339,6,2015;2016;2017;2018;2019;2020
42372099999,26.25,81.3833333,6,2015;2016;2017;2018;2019;2020
42374099999,26.75,82.0833333,2,2016;2018
42375099999,26.25,82.0,2,2016;2019
42379099999,26.739708,83.449708,6,2015;2016;2017;2018;2019;2020
42382099999,26.9833333,84.85,3,2016;2018;2020
42383099999,26.6666666,84.9166666,3,2015;2016;2020
42387099999,26.1166666,85.4,6,2015;2016;2017;2018;2019;2020
42390099999,26.1166666,85.3166666,1,2017
42391099999,26.1666666,85.9,6,2015;2016;2017;2018;2019;2020
42393099999,26.1333333,86.5833333,6,2015;2016;2017;2018;2019;2020
42395099999,26.3,87.2666666,6,2015;2016;2017;2018;2019;2020
42397099999,26.6666666,88.3666666,3,2016;2018;2019
42398099999,26.681206,88.328567,6,2015;2016;2017;2018;2019;2020
42399099999,26.5333333,88.7166666,6,2015;2016;2017;2018;2019;2020
42403099999,26.3333333,89.4666666,6,2015;2016;2017;2018;2019;2020
42404099999,26.0166666,89.9833333,6,2015;2016;2017;2018;2019;2020
42407099999,26.1833333,90.6333333,6,2015;2016;2017;2018;2019;2020
42408099999,26.4333333,91.6166666,6,2015;2016;2017;2018;2019;2020
42409099999,26.65,91.9166666,6,2015;2016;2017;2018;2019;2020
42410099999,26.106092,91.585939,6,2015;2016;2017;2018;2019;2020
42413099999,26.75,92.35,6,2015;2016;2017;2018;2019;2020
42414099999,26.2,92.5166666,6,2015;2016;2017;2018;2019;2020
42415099999,26.6166666,92.7833333,6,2015;2016;2017;2018;2019;2020
42420099999,26.5166666,93.9833333,6,2015;2016;2017;2018;2019;2020
42423099999,26.0666666,90.1666666,6,2015;2016;2017;2018;2019;2020
42423199999,26.731528,94.175536,3,2016;2017;2018
42426099999,26.2666666,94.8166666,1,2020
42435099999,25.75,71.3833333,6,2015;2016;2017;2018;2019;2020
42439099999,25.35,72.6166666,5,2015;2016;2017;2018;2020
42441099999,25.0833333,73.0833333,6,2015;2016;2017;2018;2019;2020
42447099999,25.35,74.6333333,5,2016;2017;2018;2019;2020
42450099999,25.45,75.6333333,6,2015;2016;2017;2018;2019;2020
42452099999,25.160219,75.845631,6,2015;2016;2017;2018;2019;2020
42453099999,25.9833333,76.3666666,6,2015;2016;2017;2018;2019;2020
42456099999,25.6666666,76.6833333,6,2015;2016;2017;2018;2019;2020
42459099999,25.3333333,77.65,6,2015;2016;2017;2018;2019;2020
42460099999,25.6666666,78.4666666,6,2015;2016;2017;2018;2019;2020
42463099999,25.491172,78.558422,6,2015;2016;2017;2018;2019;2020
42467099999,25.0666666,79.45,6,2015;2016;2017;2018;2019;2020
42468099999,25.9833333,79.5,6,2015;2016;2017;2018;2019;2020
42469099999,25.95,80.15,6,2015;2016;2017;2018;2019;2020
42471099999,25.9333333,80.8333333,3,2017;2019;2020
42472099999,25.9,81.95,2,2016;2018
42473099999,25.4666666,80.3666666,6,2015;2016;2017;2018;2019;2020
42475099999,25.440064,81.733872,4,2015;2016;2017;2018
42477099999,25.75,82.6833333,2,2017;2019
42479099999,25.45,82.8666666,6,2015;2016;2017;2018;2019;2020
42482099999,25.4,83.55,6,2015;2016;2017;2018;2019;2020
42483099999,25.3,83.0166666,6,2015;2016;2017;2018;2019;2020
42484099999,25.75,84.1666666,2,2017;2018
42487099999,25.5666666,84.6666666,2,2017;2019
42488099999,25.7833333,84.7333333,6,2015;2016;2017;2018;2019;2020
42492099999,25.591317,85.087992,6,2015;2016;2017;2018;2019;2020
42498099999,25.2333333,86.95,6,2015;2016;2017;2018;2019;2020
42499099999,25.2333333,87.0666666,6,2015;2016;2017;2018;2019;2020
42500099999,25.2666666,87.4666666,6,2015;2016;2017;2018;2019;2020
42503099999,25.0333333,88.1333333,6,2015;2016;2017;2018;2019;2020
42506099999,25.2166666,88.7833333,6,2015;2016;2017;2018;2019;2020
42512099999,25.7,91.9833333,6,2015;2016;2017;2018;2019;2020
42515099999,25.25,91.7333333,6,2015;2016;2017;2018;2019;2020
42516099999,25.5666666,91.8833333,6,2015;2016;2017;2018;2019;2020
42522099999,25.1666666,93.0166666,6,2015;2016;2017;2018;2019;2020
42523099999,25.75,93.1833333,6,2015;2016;2017;2018;2019;2020
42527099999,25.6333333,94.1666666,6,2015;2016;2017;2018;2019;2020
42539099999,24.2,72.2,6,2015;2016;2017;2018;2019;2020
42540099999,24.6,72.7166666,6,2015;2016;2017;2018;2019;2020
42542099999,24.617697,73.8961,6,2015;2016;2017;2018;2019;2020
42543099999,24.5833333,73.7,2,2016;2017
42546099999,24.8833333,74.6333333,6,2015;2016;2017;2018;2019;2020
42555099999,24.5333333,76.1666666,2,2017;2018
42557099999,24.0,76.7166666,6,2015;2016;2017;2018;2019;2020
42559099999,24.65,77.3166666,6,2015;2016;2017;2018;2019;2020
42562099999,24.7666666,78.8333333,6,2015;2016;2017;2018;2019;2020
42567099999,24.9833333,79.9166666,6,2015;2016;2017;2018;2019;2020
42570099999,24.7166666,80.1666666,3,2018;2019;2020
42571099999,24.5666667,80.8333333,6,2015;2016;2017;2018;2019;2020
42574099999,24.5333333,81.3,6,2015;2016;2017;2018;2019;2020
42577099999,24.4166666,81.8666666,6,2015;2016;2017;2018;2019;2020
42587099999,24.05,84.0666666,6,2015;2016;2017;2018;2019;2020
42588099999,24.9166666,84.1833333,6,2015;2016;2017;2018;2019;2020
42591099999,24.744308,84.951175,6,2015;2016;2017;2018;2019;2020
42599099999,24.2666666,87.25,3,2016;2018;2020
42603099999,24.1333333,88.2666666,6,2015;2016;2017;2018;2019;2020
42618099999,24.3166666,92.0,6,2015;2016;2017;2018;2019;2020
42619099999,24.75,92.8,6,2015;2016;2017;2018;2019;2020
42623099999,24.75995,93.896697,6,2015;2016;2017;2018;2019;2020
42631099999,23.25,68.85,6,2015;2016;2017;2018;2019;2020
42634099999,23.287828,69.670147,6,2015;2016;2017;2018;2019;2020
42638099999,23.15,70.1166666,6,2015;2016;2017;2018;2019;2020
42639099999,23.0,70.2166666,6,2015;2016;2017;2018;2019;2020
42647099999,23.077242,72.63465,6,2015;2016;2017;2018;2019;2020
42651099999,23.8333333,73.0333333,4,2015;2016;2017;2018
42652099999,23.8333333,73.6666666,1,2017
42654099999,23.2333333,72.7166666,6,2015;2016;2017;2018;2019;2020
42661099999,23.3166666,75.05,6,2015;2016;2017;2018;2019;2020
42662099999,23.1833333,75.7833333,6,2015;2016;2017;2018;2019;2020
42665099999,23.4333333,76.3166666,6,2015;2016;2017;2018;2019;2020
42667099999,23.287467,77.337375,6,2015;2016;2017;2018;2019;2020
42671099999,23.85,78.75,6,2015;2016;2017;2018;2019;2020
42672099999,23.3166666,77.8333333,6,2015;2016;2017;2018;2019;2020
42674099999,23.8333333,79.45,6,2015;2016;2017;2018;2019;2020
42675099999,23.177817,80.052047,6,2015;2016;2017;2018;2019;2020
42679099999,23.5333333,80.8833333,6,2015;2016;2017;2018;2019;2020
42693099999,23.1666666,83.25,6,2015;2016;2017;2018;2019;2020
42699099999,23.9833333,85.3666666,1,2019
42701099999,23.31425,85.321675,6,2015;2016;2017;2018;2019;2020
42703099999,23.7833333,86.4333333,2,2016;2017
42705099999,23.3333333,86.4166666,6,2015;2016;2017;2018;2019;2020
42705199999,31.876706,77.154367,6,2015;2016;2017;2018;2019;2020
42705299999,30.673469,76.788542,6,2015;2016;2017;2018;2019;2020
42705399999,34.135872,77.546514,6,2015;2016;2017;2018;2019;2020
42705599999,11.136839,75.9553,6,2015;2016;2017;2018;2019;2020
42705699999,13.2,77.7,6,2015;2016;2017;2018;2019;2020
42706099999,23.3833333,87.0833333,6,2015;2016;2017;2018;2019;2020
42708099999,23.65,87.7,6,2015;2016;2017;2018;2019;2020
42709099999,23.2333333,87.85,6,2015;2016;2017;2018;2019;2020
42711099999,23.4,88.5166666,6,2015;2016;2017;2018;2019;2020
42714099999,22.9833333,88.3666666,6,2015;2016;2017;2018;2019;2020
42715099999,22.0,80.7,6,2015;2016;2017;2018;2019;2020
42724099999,23.886978,91.24045,6,2015;2016;2017;2018;2019;2020
42726099999,23.840592,92.619747,6,2015;2016;2017;2018;2019;2020
42727099999,23.7333333,92.7166666,6,2015;2016;2017;2018;2019;2020
42729099999,22.8166666,69.2666666,3,2015;2017;2018
42730099999,22.4833333,69.1166666,6,2015;2016;2017;2018;2019;2020
42731099999,22.3666666,69.0833333,6,2015;2016;2017;2018;2019;2020
42737099999,22.309183,70.779525,6,2015;2016;2017;2018;2019;2020
42737199999,21.180406,81.738753,4,2016;2017;2018;2019
42740099999,22.7333333,71.6,6,2015;2016;2017;2018;2019;2020
42744099999,22.5666666,72.9333333,6,2015;2016;2017;2018;2019;2020
42747099999,22.3,73.25,2,2015;2016
42748099999,22.3333333,73.2666666,6,2015;2016;2017;2018;2019;2020
42751099999,22.8333333,74.2666666,3,2017;2018;2019
42752099999,22.6,75.3,6,2015;2016;2017;2018;2019;2020
42754099999,22.721786,75.801086,6,2015;2016;2017;2018;2019;2020
42763099999,22.7666666,77.7666666,6,2015;2016;2017;2018;2019;2020
42767099999,22.4666666,78.4333333,6,2015;2016;2017;2018;2019;2020
42768099999,22.1,79.0,6,2015;2016;2017;2018;2019;2020
42770099999,22.95,79.1833333,6,2015;2016;2017;2018;2019;2020
42771099999,22.0833333,79.55,6,2015;2016;2017;2018;2019;2020
42776099999,22.5833333,80.3666666,6,2015;2016;2017;2018;2019;2020
42779099999,22.7666666,81.9,6,2015;2016;2017;2018;2019;2020
42782099999,21.9884,82.110983,6,2015;2016;2017;2018;2019;2020
42790099999,22.8833333,84.1333333,3,2016;2018;2020
42792099999,22.1166666,84.0333333,6,2015;2016;2017;2018;2019;2020
42793099999,22.2166666,84.8833333,3,2017;2019;2020
42795099999,22.55,85.8166666,3,2015;2016;2019
42798099999,22.813211,86.168844,6,2015;2016;2017;2018;2019;2020
42799099999,22.8166666,86.1833333,4,2015;2016;2017;2018
42803099999,22.4166666,87.3166666,6,2015;2016;2017;2018;2019;2020
42805099999,22.5,87.95,6,2015;2016;2017;2018;2019;2020
42807099999,22.5333333,88.3333333,6,2015;2016;2017;2018;2019;2020
42809099999,22.654739,88.446722,6,2015;2016;2017;2018;2019;2020
42810099999,22.65,88.8666666,4,2015;2016;2017;2019
42811099999,22.1833333,88.2,6,2015;2016;2017;2018;2019;2020
42812099999,22.25,88.6666666,6,2015;2016;2017;2018;2019;2020
42830099999,21.65,69.6666666,6,2015;2016;2017;2018;2019;2020
42832099999,21.3166666,70.3166666,2,2019;2020
42834099999,21.6,71.2166666,6,2015;2016;2017;2018;2019;2020
42837099999,21.0833333,71.7833333,6,2015;2016;2017;2018;2019;2020
42838099999,21.75,72.2,6,2015;2016;2017;2018;2019;2020
42840099999,21.2,72.8333333,6,2015;2016;2017;2018;2019;2020
42841099999,21.7333333,73.0,1,2019
42846099999,21.3333333,74.25,4,2016;2017;2018;2019
42849099999,21.8166666,75.6166666,6,2015;2016;2017;2018;2019;2020
42851099999,21.05,75.5666666,6,2015;2016;2017;2018;2019;2020
42855099999,21.8333333,76.3666667,6,2015;2016;2017;2018;2019;2020
42860099999,21.8666666,77.9333333,6,2015;2016;2017;2018;2019;2020
42866099999,21.15,79.1166666,2,2018;2020
42867099999,21.092192,79.047183,6,2015;2016;2017;2018;2019;2020
42871099999,21.524467,80.287997,6,2015;2016;2017;2018;2019;2020
42872099999,21.2333333,81.65,6,2015;2016;2017;2018;2019;2020
42874099999,21.2333333,81.65,6,2015;2016;2017;2018;2019;2020
42875099999,21.1833333,81.7333333,6,2015;2016;2017;2018;2019;2020
42876099999,21.1833333,81.2833333,6,2015;2016;2017;2018;2019;2020
42883099999,21.4666666,83.9666666,6,2015;2016;2017;2018;2019;2020
42886099999,21.913536,84.050383,6,2015;2016;2017;2018;2019;2020
42891099999,21.6166666,85.5166666,6,2015;2016;2017;2018;2019;2020
42894099999,21.9333333,86.7666666,6,2015;2016;2017;2018;2019;2020
42895099999,21.5166666,86.9333333,6,2015;2016;2017;2018;2019;2020
42900099999,21.7833333,87.75,6,2015;2016;2017;2018;2019;2020
42901099999,21.6166666,87.5,6,2015;2016;2017;2018;2019;2020
42903099999,21.65,88.05,1,2020
42909099999,20.9,70.3666666,6,2015;2016;2017;2018;2019;2020
42914099999,20.7145,70.9221,6,2015;2016;2017;2018;2019;2020
42915099999,20.6166666,72.9333333,6,2015;2016;2017;2018;2019;2020
42916099999,20.4166666,72.85,2,2016;2017
42920099999,20.119156,73.914097,4,2017;2018;2019;2020
42921099999,19.9666666,73.8166666,6,2015;2016;2017;2018;2019;2020
42925099999,20.55,74.5333333,6,2015;2016;2017;2018;2019;2020
42931099999,20.5333333,76.2333333,6,2015;2016;2017;2018;2019;2020
42933099999,20.7,77.0333333,6,2015;2016;2017;2018;2019;2020
42934099999,20.699006,77.058628,2,2016;2019
42935099999,20.1166666,77.1166666,6,2015;2016;2017;2018;2019;2020
42937099999,20.9333333,77.7833333,6,2015;2016;2017;2018;2019;2020
42939099999,20.6666666,78.5833333,6,2015;2016;2017;2018;2019;2020
42943099999,20.4,78.15,6,2015;2016;2017;2018;2019;2020
42946099999,20.6,79.85,6,2015;2016;2017;2018;2019;2020
42948099999,21.1,81.0333333,6,2015;2016;2017;2018;2019;2020
42953099999,20.2666666,81.4833333,1,2019
42961099999,20.3,83.3,6,2015;2016;2017;2018;2019;2020
42963099999,20.7,83.5,5,2016;2017;2018;2019;2020
42966099999,20.4833333,84.2666666,4,2016;2017;2018;2019
42969099999,20.8333333,85.1,6,2015;2016;2017;2018;2019;2020
42970099999,20.4666666,85.9333333,6,2015;2016;2017;2018;2019;2020
42971099999,20.244364,85.817781,6,2015;2016;2017;2018;2019;2020
42973099999,20.7833333,86.7333333,6,2015;2016;2017;2018;2019;2020
42976099999,20.3,86.6833333,6,2015;2016;2017;2018;2019;2020
43001099999,19.9666666,72.7166666,6,2015;2016;2017;2018;2019;2020
43002099999,19.1166666,72.8333333,1,2016
43003099999,19.088686,72.867919,6,2015;2016;2017;2018;2019;2020
43005099999,19.15,72.0,4,2017;2018;2019;2020
43009099999,19.0833333,74.8,6,2015;2016;2017;2018;2019;2020
43011099999,19.0,75.7166666,5,2016;2017;2018;2019;2020
43012099999,19.8333333,75.8,6,2015;2016;2017;2018;2019;2020
43013099999,19.8833333,75.3333333,4,2015;2016;2018;2019
43014099999,19.863169,75.398206,6,2015;2016;2017;2018;2019;2020
43017099999,19.1333333,76.8333333,6,2015;2016;2017;2018;2019;2020
43019099999,19.9166666,77.5833333,2,2016;2019
43021099999,19.0833333,77.3333333,6,2015;2016;2017;2018;2019;2020
43025099999,19.65,78.5333333,4,2017;2018;2019;2020
43029099999,19.9666666,79.3,6,2015;2016;2017;2018;2019;2020
43041099999,19.0833333,82.0333333,6,2015;2016;2017;2018;2019;2020
43042099999,19.9166666,83.1833333,6,2015;2016;2017;2018;2019;2020
43049099999,19.2666666,84.8833333,6,2015;2016;2017;2018;2019;2020
43053099999,19.8,85.8166666,6,2015;2016;2017;2018;2019;2020
43057099999,18.9,72.8166666,6,2015;2016;2017;2018;2019;2020
43058099999,18.6333333,72.8666666,6,2015;2016;2017;2018;2019;2020
43060099999,18.9833333,73.2833333,4,2017;2018;2019;2020
43062099999,18.45,73.4,5,2015;2016;2017;2018;2019
43063099999,18.5333333,73.85,6,2015;2016;2017;2018;2019;2020
43064099999,18.5833333,73.9166666,2,2015;2016
43067099999,18.5333333,73.85,1,2018
43069099999,18.15,74.5833333,3,2018;2019;2020
43071099999,18.2,75.2,6,2015;2016;2017;2018;2019;2020
43076099999,18.0666666,77.1166666,6,2015;2016;2017;2018;2019;2020
43081099999,18.6666666,78.1,6,2015;2016;2017;2018;2019;2020
43083099999,18.05,78.2666666,6,2015;2016;2017;2018;2019;2020
43086099999,18.7666666,79.4333333,6,2015;2016;2017;2018;2019;2020
43087099999,18.0166666,79.5666666,5,2015;2016;2018;2019;2020
43093099999,18.5833333,81.2333333,3,2016;2019;2020
43097099999,18.8166666,82.7166666,6,2015;2016;2017;2018;2019;2020
43105099999,18.3333333,84.1333333,6,2015;2016;2017;2018;2019;2020
43109099999,17.8166666,73.1,6,2015;2016;2017;2018;2019;2020
43110099999,16.9833333,73.3333333,6,2015;2016;2017;2018;2019;2020
43111099999,17.9333333,73.6666666,6,2015;2016;2017;2018;2019;2020
43113099999,17.5166666,74.05,6,2015;2016;2017;2018;2019;2020
43117099999,17.627958,75.934842,6,2015;2016;2017;2018;2019;2020
43121099999,17.35,76.85,6,2015;2016;2017;2018;2019;2020
43125099999,17.9166666,77.5333333,5,2015;2016;2018;2019;2020
43128099999,17.452417,78.461111,6,2015;2016;2017;2018;2019;2020
43128599999,17.2333333,78.4166666,6,2015;2016;2017;2018;2019;2020
43133099999,17.0,79.25,6,2015;2016;2017;2018;2019;2020
43136099999,17.6666666,80.8833333,6,2015;2016;2017;2018;2019;2020
43137099999,17.25,80.15,6,2015;2016;2017;2018;2019;2020
43147099999,17.35,82.55,6,2015;2016;2017;2018;2019;2020
43149099999,17.7166666,83.2166666,6,2015;2016;2017;2018;2019;2020
43150099999,17.7,83.3,6,2015;2016;2017;2018;2019;2020
43157099999,16.664658,74.289353,6,2015;2016;2017;2018;2019;2020
43158099999,16.85,74.6,6,2015;2016;2017;2018;2019;2020
43160099999,16.7,75.75,4,2015;2016;2018;2019
43161099999,16.8166666,75.7166666,6,2015;2016;2017;2018;2019;2020
43168099999,16.75,78.0,6,2015;2016;2017;2018;2019;2020
43169099999,16.2,77.35,6,2015;2016;2017;2018;2019;2020
43177099999,16.55,79.55,6,2015;2016;2017;2018;2019;2020
43181099999,16.530433,80.796847,6,2015;2016;2017;2018;2019;2020
43182099999,16.7833333,80.2833333,6,2015;2016;2017;2018;2019;2020
43184099999,16.8333333,81.5833333,1,2016
43185099999,16.2,81.15,6,2015;2016;2017;2018;2019;2020
43187099999,16.4333333,81.7,6,2015;2016;2017;2018;2019;2020
43189099999,16.95,82.2333333,6,2015;2016;2017;2018;2019;2020
43192099999,15.4833333,73.8166666,6,2015;2016;2017;2018;2019;2020
43193099999,15.8666666,73.6333333,6,2015;2016;2017;2018;2019;2020
43194099999,15.38083,73.831421,5,2016;2017;2018;2019;2020
43196099999,15.4166666,73.7833333,6,2015;2016;2017;2018;2019;2020
43197099999,15.85,74.5333333,6,2015;2016;2017;2018;2019;2020
43197199999,15.85,74.6166666,6,2015;2016;2017;2018;2019;2020
43198099999,15.859286,74.618292,6,2015;2016;2017;2018;2019;2020
43200099999,15.4833333,74.9833333,6,2015;2016;2017;2018;2019;2020
43201099999,15.4166666,75.6333333,6,2015;2016;2017;2018;2019;2020
43201199999,15.35,75.0833333,6,2015;2016;2017;2018;2019;2020
43205099999,15.15,76.85,5,2015;2016;2017;2018;2019
43207099999,11.5,79.7666666,6,2015;2016;2017;2018;2019;2020
43212099999,15.4666666,78.4833333,5,2015;2017;2018;2019;2020
43213099999,15.8,78.0666666,6,2015;2016;2017;2018;2019;2020
43220099999,15.9,80.4666666,6,2015;2016;2017;2018;2019;2020
43221099999,15.5,80.0833333,6,2015;2016;2017;2018;2019;2020
43225099999,14.7833333,74.1333333,6,2015;2016;2017;2018;2019;2020
43226099999,14.2833333,74.45,6,2015;2016;2017;2018;2019;2020
43227099999,14.7833333,75.4,6,2015;2016;2017;2018;2019;2020
43228099999,15.35,76.15,6,2015;2016;2017;2018;2019;2020
43229099999,14.0666666,74.5333333,6,2015;2016;2017;2018;2019;2020
43230099999,14.5,75.9166666,6,2015;2016;2017;2018;2019;2020
43233099999,14.2333333,76.4333333,6,2015;2016;2017;2018;2019;2020
43237099999,14.5833333,77.6333333,6,2015;2016;2017;2018;2019;2020
43241099999,14.4833333,78.8333333,4,2017;2018;2019;2020
43243099999,14.9,79.9833333,6,2015;2016;2017;2018;2019;2020
43245099999,14.45,79.9833333,6,2015;2016;2017;2018;2019;2020
43257099999,13.5,75.0833333,6,2015;2016;2017;2018;2019;2020
43258099999,13.9333333,75.6333333,6,2015;2016;2017;2018;2019;2020
43259099999,13.3666666,75.45,1,2016
43260099999,13.25,75.75,6,2015;2016;2017;2018;2019;2020
43263099999,12.9666666,76.3333333,6,2015;2016;2017;2018;2019;2020
43264099999,13.6666666,77.9166666,5,2015;2016;2017;2018;2019
43266099999,10.85,72.4666666,6,2015;2016;2017;2018;2019;2020
43271099999,13.5333333,78.5,6,2015;2016;2017;2018;2019;2020
43272099999,13.2,78.0666666,6,2015;2016;2017;2018;2019;2020
43275099999,13.6666666,79.5833333,6,2015;2016;2017;2018;2019;2020
43277099999,13.15,79.5333333,6,2015;2016;2017;2018;2019;2020
43278099999,13.0666666,80.2,6,2015;2016;2017;2018;2019;2020
43279099999,12.994414,80.180517,6,2015;2016;2017;2018;2019;2020
43284099999,12.961267,74.890069,6,2015;2016;2017;2018;2019;2020
43285099999,12.95,74.8333333,6,2015;2016;2017;2018;2019;2020
43287099999,12.4166666,75.7333333,6,2015;2016;2017;2018;2019;2020
43289099999,12.5,76.8333333,6,2015;2016;2017;2018;2019;2020
43291099999,12.3,76.7,6,2015;2016;2017;2018;2019;2020
43295099999,12.9666666,77.5833333,6,2015;2016;2017;2018;2019;2020
43296099999,12.95,77.6333333,6,2015;2016;2017;2018;2019;2020
43299099999,12.95,78.3,4,2017;2018;2019;2020
43301099999,12.1333333,78.0333333,6,2015;2016;2017;2018;2019;2020
43302099999,12.4833333,78.5666666,6,2015;2016;2017;2018;2019;2020
43302599999,12.949986,77.668206,6,2015;2016;2017;2018;2019;2020
43303099999,12.9166667,79.15,6,2015;2016;2017;2018;2019;2020
43309099999,12.9166666,92.9166666,6,2015;2016;2017;2018;2019;2020
43310099999,12.4166666,92.9333333,6,2015;2016;2017;2018;2019;2020
43311099999,11.1166666,72.7333333,6,2015;2016;2017;2018;2019;2020
43314099999,11.25,75.7833333,6,2015;2016;2017;2018;2019;2020
43315099999,11.8333333,75.3333333,6,2015;2016;2017;2018;2019;2020
43316099999,11.2833333,76.2333333,1,2019
43317099999,11.4,76.7333333,6,2015;2016;2017;2018;2019;2020
43318099999,11.35,76.8,6,2015;2016;2017;2018;2019;2020
43320099999,11.1333333,75.95,6,2015;2016;2017;2018;2019;2020
43321099999,11.031133,77.044411,6,2015;2016;2017;2018;2019;2020
43322099999,11.9333333,76.9333333,6,2015;2016;2017;2018;2019;2020
43324099999,11.1666666,79.0,1,2020
43325099999,11.65,78.1666666,6,2015;2016;2017;2018;2019;2020
43326099999,11.733,78.967,6,2015;2016;2017;2018;2019;2020
43327099999,10.067,78.8,5,2015;2016;2017;2018;2020
43329099999,11.7666666,79.7666666,6,2015;2016;2017;2018;2019;2020
43330099999,10.7833333,79.1333333,6,2015;2016;2017;2018;2019;2020
43331099999,11.9666666,79.8166666,6,2015;2016;2017;2018;2019;2020
43333099999,11.6666666,92.7166666,6,2015;2016;2017;2018;2019;2020
43334099999,10.8,73.9833333,3,2018;2019;2020
43335099999,10.7666666,76.65,6,2015;2016;2017;2018;2019;2020
43336099999,10.15,76.4,5,2015;2016;2017;2018;2020
43337099999,10.541732,72.616074,1,2016
43338099999,11.4833333,77.7666666,2,2019;2020
43339099999,10.2333333,77.4666666,6,2015;2016;2017;2018;2019;2020
43340099999,11.75,78.1666666,6,2015;2016;2017;2018;2019;2020
43341099999,10.2833333,77.0,6,2015;2016;2017;2018;2019;2020
43342099999,10.95,78.0833333,6,2015;2016;2017;2018;2019;2020
43343099999,10.7666666,78.7166666,5,2016;2017;2018;2019;2020
43344099999,10.765364,78.709722,6,2015;2016;2017;2018;2019;2020
43345099999,10.4,78.6666666,5,2015;2016;2017;2019;2020
43346099999,10.9166666,79.8333333,6,2015;2016;2017;2018;2019;2020
43347099999,10.7666666,79.85,6,2015;2016;2017;2018;2019;2020
43348099999,10.3333333,79.3833333,6,2015;2016;2017;2018;2019;2020
43349099999,10.3666666,79.85,2,2018;2019
43352099999,9.55,76.4166666,6,2015;2016;2017;2018;2019;2020
43353099999,9.946133,76.272022,6,2015;2016;2017;2018;2019;2020
43354099999,9.0,76.9166666,6,2015;2016;2017;2018;2019;2020
43355099999,9.5333333,76.6,6,2015;2016;2017;2018;2019;2020
43356099999,10.0,77.1333333,6,2015;2016;2017;2018;2019;2020
43357099999,10.5166666,76.2166666,6,2015;2016;2017;2018;2019;2020
43358099999,9.55,78.0833333,6,2015;2016;2017;2018;2019;2020
43359099999,9.9166666,78.1166666,5,2016;2017;2018;2019;2020
43360099999,9.834508,78.093378,6,2015;2016;2017;2018;2019;2020
43361099999,9.7333333,79.0333333,6,2015;2016;2017;2018;2019;2020
43363099999,9.2833333,79.2166667,6,2015;2016;2017;2018;2019;2020
43364099999,10.5833333,92.55,6,2015;2016;2017;2018;2019;2020
43367099999,9.1666666,92.8333333,6,2015;2016;2017;2018;2019;2020
43368099999,9.15,92.8166667,5,2015;2017;2018;2019;2020
43369099999,8.3,73.15,6,2015;2016;2017;2018;2019;2020
43371099999,8.4833333,76.95,6,2015;2016;2017;2018;2019;2020
43372099999,8.482122,76.920114,6,2015;2016;2017;2018;2019;2020
43373099999,8.5333333,76.8666666,1,2020
43376099999,8.7333333,77.75,6,2015;2016;2017;2018;2019;2020
43377099999,8.0833333,77.5,6,2015;2016;2017;2018;2019;2020
43379099999,8.75,78.1833333,6,2015;2016;2017;2018;2019;2020
43382099999,7.9833333,93.5333333,6,2015;2016;2017;2018;2019;2020
43399099999,27.403192,89.424606,6,2015;2016;2017;2018;2019;2020
43400099999,9.8,80.0666666,1,2019
43404099999,9.65,80.0166666,6,2015;2016;2017;2018;2019;2020
43410099999,9.2666666,80.8166666,1,2016
43413099999,8.9833333,79.9166666,6,2015;2016;2017;2018;2019;2020
43415099999,8.75,80.5,6,2015;2016;2017;2018;2019;2020
43418099999,8.538514,81.181853,6,2015;2016;2017;2018;2019;2020
43421099999,8.301486,80.4279,6,2015;2016;2017;2018;2019;2020
43422099999,8.1166666,80.4666666,6,2015;2016;2017;2018;2019;2020
43424099999,8.0333333,79.8333333,6,2015;2016;2017;2018;2019;2020
43436099999,7.705756,81.678783,6,2015;2016;2017;2018;2019;2020
43441099999,7.4666666,80.3666666,6,2015;2016;2017;2018;2019;2020
43444099999,7.3333333,80.6333333,6,2015;2016;2017;2018;2019;2020
43450099999,7.180861,79.865833,6,2015;2016;2017;2018;2019;2020
43466099999,6.9,79.8666666,6,2015;2016;2017;2018;2019;2020
43467099999,6.821994,79.886208,6,2015;2016;2017;2018;2019;2020
43473099999,6.9666666,80.7666666,6,2015;2016;2017;2018;2019;2020
43475099999,6.8833333,81.8333333,6,2015;2016;2017;2018;2019;2020
43476099999,6.8166666,80.9666666,6,2015;2016;2017;2018;2019;2020
43479099999,6.9833333,81.05,6,2015;2016;2017;2018;2019;2020
43486099999,6.6833333,80.4,6,2015;2016;2017;2018;2019;2020
43495099999,6.0333333,80.2166666,6,2015;2016;2017;2018;2019;2020
43497099999,6.1166666,81.1333333,6,2015;2016;2017;2018;2019;2020
43533099999,6.7333333,73.1666666,6,2015;2016;2017;2018;2019;2020
43555099999,4.191833,73.529128,6,2015;2016;2017;2018;2019;2020
43577099999,1.8833333,73.5,6,2015;2016;2017;2018;2019;2020
43588099999,0.4833333,72.9833333,6,2015;2016;2017;2018;2019;2020
43599099999,-0.693342,73.155644,6,2015;2016;2017;2018;2019;2020
44203099999,51.1166666,99.6666666,6,2015;2016;2017;2018;2019;2020
44207099999,50.4333333,100.15,6,2015;2016;2017;2018;2019;2020
44210099999,49.6,90.35,6,2015;2016;2017;2018;2019;2020
44212099999,49.8,92.0833333,6,2015;2016;2017;2018;2019;2020
44213099999,49.65,94.4,6,2015;2016;2017;2018;2019;2020
44214099999,48.9333333,89.9333333,6,2015;2016;2017;2018;2019;2020
44215099999,49.0166666,91.7166666,6,2015;2016;2017;2018;2019;2020
44216099999,48.8166666,93.1,6,2015;2016;2017;2018;2019;2020
44217099999,48.4166667,90.3,6,2015;2016;2017;2018;2019;2020
44218099999,48.0166666,91.5666666,6,2015;2016;2017;2018;2019;2020
44219099999,48.5166667,94.3,6,2015;2016;2017;2018;2019;2020
44221099999,49.65,95.7833333,6,2015;2016;2017;2018;2019;2020
44224099999,48.7666666,96.0,6,2015;2016;2017;2018;2019;2020
44225099999,48.7333333,98.2,6,2015;2016;2017;2018;2019;2020
44229099999,48.0833333,99.55,6,2015;2016;2017;2018;2019;2020
44230099999,49.5666666,102.0,6,2015;2016;2017;2018;2019;2020
44231099999,49.6333333,100.1666666,6,2015;2016;2017;2018;2019;2020
44232099999,49.3833333,102.7,6,2015;2016;2017;2018;2019;2020
44236099999,48.85,103.517,4,2015;2016;2017;2019
44237099999,48.5333333,101.3833333,6,2015;2016;2017;2018;2019;2020
44239099999,48.8,103.55,6,2015;2016;2017;2018;2019;2020
44240099999,48.4166667,106.7166667,4,2015;2016;2017;2019
44241099999,48.9166666,106.0666666,6,2015;2016;2017;2018;2019;2020
44242099999,49.45,107.2,6,2015;2016;2017;2018;2019;2020
44243099999,49.8333333,107.7333333,6,2015;2016;2017;2018;2019;2020
44245099999,48.8666667,106.4666667,4,2015;2016;2017;2019
44254099999,48.85,111.45,6,2015;2016;2017;2018;2019;2020
44256099999,49.55,114.4,6,2015;2016;2017;2018;2019;2020
44257099999,48.6166667,110.6,6,2015;2016;2017;2018;2019;2020
44259099999,48.0833333,114.55,6,2015;2016;2017;2018;2019;2020
44264099999,46.0833333,91.5333333,5,2015;2016;2017;2018;2019
44265099999,46.1166666,91.4666666,6,2015;2016;2017;2018;2019;2020
44266099999,46.3166667,93.9,6,2015;2016;2017;2018;2019;2020
44272099999,47.75,96.85,6,2015;2016;2017;2018;2019;2020
44275099999,46.8333333,98.0833333,6,2015;2016;2017;2018;2019;2020
44277099999,46.4,96.25,6,2015;2016;2017;2018;2019;2020
44282099999,47.45,101.4666666,6,2015;2016;2017;2018;2019;2020
44284099999,46.7,100.1333333,6,2015;2016;2017;2018;2019;2020
44285099999,46.9,102.7666666,6,2015;2016;2017;2018;2019;2020
44286099999,46.9666667,103.8,6,2015;2016;2017;2018;2019;2020
44287099999,46.1333333,100.6833333,6,2015;2016;2017;2018;2019;2020
44288099999,46.2666666,102.7833333,6,2015;2016;2017;2018;2019;2020
44290099999,47.8666667,105.25,5,2015;2016;2017;2018;2019
44291099999,47.85,106.75,6,2015;2016;2017;2018;2019;2020
44292099999,47.843056,106.766639,6,2015;2016;2017;2018;2019;2020
44294099999,47.3,107.4833333,6,2015;2016;2017;2018;2019;2020
44297099999,46.1166667,106.3833333,5,2015;2016;2017;2018;2019
44298099999,46.45,108.2166666,6,2015;2016;2017;2018;2019;2020
44302099999,47.7833333,112.1166666,6,2015;2016;2017;2018;2019;2020
44304099999,47.3166666,110.6333333,6,2015;2016;2017;2018;2019;2020
44305099999,46.6833333,113.2833333,6,2015;2016;2017;2018;2019;2020
44313099999,47.6166666,118.6166666,6,2015;2016;2017;2018;2019;2020
44314099999,47.1666666,115.6333333,6,2015;2016;2017;2018;2019;2020
44317099999,45.9,115.3666666,6,2015;2016;2017;2018;2019;2020
44325099999,45.15,97.7666667,6,2015;2016;2017;2018;2019;2020
44329099999,44.6166667,98.7,6,2015;2016;2017;2018;2019;2020
44336099999,45.45,103.9,6,2015;2016;2017;2018;2019;2020
44338099999,44.65,102.1666667,6,2015;2016;2017;2018;2019;2020
44341099999,45.7666666,106.2833333,6,2015;2016;2017;2018;2019;2020
44347099999,44.4166666,105.3166666,6,2015;2016;2017;2018;2019;2020
44348099999,44.5666667,107.1833333,6,2015;2016;2017;2018;2019;2020
44352099999,45.7333333,112.3666666,6,2015;2016;2017;2018;2019;2020
44354099999,44.9,110.1166666,6,2015;2016;2017;2018;2019;2020
44358099999,43.7333333,111.9,6,2015;2016;2017;2018;2019;2020
44373099999,43.5833333,104.4166666,6,2015;2016;2017;2018;2019;2020
44374099999,42.9,100.2166667,6,2015;2016;2017;2018;2019;2020
44385099999,43.2,107.1666667,6,2015;2016;2017;2018;2019;2020
44386099999,43.1833333,109.2166667,6,2015;2016;2017;2018;2019;2020
44404099999,29.3,80.5833333,6,2015;2016;2017;2018;2019;2020
44406099999,29.25,80.95,6,2015;2016;2017;2018;2019;2020
44409099999,28.8,80.55,6,2015;2016;2017;2018;2019;2020
44416099999,28.6,81.6166667,6,2015;2016;2017;2018;2019;2020
44418099999,28.1,81.6666666,6,2015;2016;2017;2018;2019;2020
44424099999,29.2833333,82.1666667,6,2015;2016;2017;2018;2019;2020
44429099999,28.05,82.5,6,2015;2016;2017;2018;2019;2020
44434099999,28.200539,83.981283,6,2015;2016;2017;2018;2019;2020
44438099999,27.505703,83.41625,6,2015;2016;2017;2018;2019;2020
44449099999,27.159456,84.980122,6,2015;2016;2017;2018;2019;2020
44454099999,27.696592,85.359192,6,2015;2016;2017;2018;2019;2020
44462099999,27.3,86.5,6,2015;2016;2017;2018;2019;2020
44474099999,27.35,87.6666667,6,2015;2016;2017;2018;2019;2020
44477099999,26.9833333,87.35,6,2015;2016;2017;2018;2019;2020
44478099999,26.481453,87.264036,6,2015;2016;2017;2018;2019;2020
45004099999,22.3119444,114.1727778,1,2018
45005099999,22.3,114.1666666,1,2018
45007099999,22.308919,113.914603,6,2015;2016;2017;2018;2019;2020
45011099999,22.149556,113.591558,6,2015;2016;2017;2018;2019;2020
45032099999,22.5333333,114.15,6,2015;2016;2017;2018;2019;2020
45035099999,22.4666666,113.9833333,6,2015;2016;2017;2018;2019;2020
45039099999,22.4,114.2,6,2015;2016;2017;2018;2019;2020
45044099999,22.2,114.0166666,6,2015;2016;2017;2018;2019;2020
45045099999,22.1833333,114.3,5,2016;2017;2018;2019;2020
46686099999,25.077731,121.232822,6,2015;2016;2017;2018;2019;2020
46692099999,25.033,121.517,1,2018
46696099999,25.069444,121.551667,6,2015;2016;2017;2018;2019;2020
46699099999,23.9833333,121.6,1,2018
46708099999,24.75,121.783,1,2018
46740099999,22.577094,120.350006,6,2015;2016;2017;2018;2019;2020
46740399999,22.754986,121.101681,5,2016;2017;2018;2019;2020
46743099999,22.950361,120.205778,6,2015;2016;2017;2018;2019;2020
46770099999,24.264668,120.62058,6,2015;2016;2017;2018;2019;2020
47003099999,42.3166666,130.4,6,2015;2016;2017;2018;2019;2020
47005099999,41.8166666,128.3,6,2015;2016;2017;2018;2019;2020
47008099999,41.7833333,129.8166666,6,2015;2016;2017;2018;2019;2020
47014099999,41.7833333,126.8833333,6,2015;2016;2017;2018;2019;2020
47016099999,41.4,128.1666666,6,2015;2016;2017;2018;2019;2020
47020099999,40.9666666,126.6,6,2015;2016;2017;2018;2019;2020
47022099999,40.8166666,128.15,6,2015;2016;2017;2018;2019;2020
47025099999,40.6666667,129.2,6,2015;2016;2017;2018;2019;2020
47028099999,40.45,124.9333333,6,2015;2016;2017;2018;2019;2020
47031099999,40.3666666,127.25,6,2015;2016;2017;2018;2019;2020
47031199999,19.934856,110.458961,6,2015;2016;2017;2018;2019;2020
47031299999,38.280686,114.6973,6,2015;2016;2017;2018;2019;2020
47035099999,40.1,124.3833333,6,2015;2016;2017;2018;2019;2020
47037099999,39.9833333,125.25,6,2015;2016;2017;2018;2019;2020
47039099999,40.1666666,126.25,6,2015;2016;2017;2018;2019;2020
47041099999,39.9333333,127.55,6,2015;2016;2017;2018;2019;2020
47046099999,40.0333333,128.1833333,6,2015;2016;2017;2018;2019;2020
47050099999,39.6166666,125.65,6,2015;2016;2017;2018;2019;2020
47052099999,39.2166666,126.65,6,2015;2016;2017;2018;2019;2020
47055099999,39.1833333,127.4333333,6,2015;2016;2017;2018;2019;2020
47058099999,39.224061,125.67015,6,2015;2016;2017;2018;2019;2020
47060099999,38.7166666,125.3833333,6,2015;2016;2017;2018;2019;2020
47061099999,38.7333333,128.1833333,6,2015;2016;2017;2018;2019;2020
47065099999,38.5166666,125.7666666,6,2015;2016;2017;2018;2019;2020
47067099999,38.5,126.5333333,6,2015;2016;2017;2018;2019;2020
47068099999,38.15,124.8833333,6,2015;2016;2017;2018;2019;2020
47069099999,38.0333333,125.7,6,2015;2016;2017;2018;2019;2020
47070099999,37.9666666,126.5666666,6,2015;2016;2017;2018;2019;2020
47075099999,38.4166666,127.2833333,6,2015;2016;2017;2018;2019;2020
47088099999,36.4,128.2833333,4,2017;2018;2019;2020
47090099999,38.25087,128.564728,6,2015;2016;2017;2018;2019;2020
47092099999,38.061311,128.669164,6,2015;2016;2017;2018;2019;2020
47095099999,38.15,127.3,6,2015;2016;2017;2018;2019;2020
47097099999,37.2666666,127.4833333,6,2015;2016;2017;2018;2019;2020
47098099999,37.9,127.0666666,6,2015;2016;2017;2018;2019;2020
47099099999,37.8830555,126.766472,6,2015;2016;2017;2018;2019;2020
47100099999,37.6833333,128.7166666,6,2015;2016;2017;2018;2019;2020
47101099999,37.9,127.7333333,6,2015;2016;2017;2018;2019;2020
47102099999,37.966099,124.630447,6,2015;2016;2017;2018;2019;2020
47102599999,38.2,127.55,3,2017;2018;2020
47103099999,37.9333333,124.6666666,5,2015;2017;2018;2019;2020
47103499999,37.7,125.7,4,2017;2018;2019;2020
47104099999,37.88375,127.717972,6,2015;2016;2017;2018;2019;2020
47105099999,37.7709333,128.8680556,6,2015;2016;2017;2018;2019;2020
47106099999,37.5,129.1333333,6,2015;2016;2017;2018;2019;2020
47106499999,37.719166,127.09944,1,2016
47106699999,37.9166667,127.05,1,2019
47107099999,37.753561,128.943625,4,2017;2018;2019;2020
47107499999,38.467,128.467,4,2017;2018;2019;2020
47108099999,37.5666667,126.9666667,6,2015;2016;2017;2018;2019;2020
47108499999,37.7833333,126.3666667,4,2017;2018;2019;2020
47108599999,37.0166667,126.05,4,2017;2018;2019;2020
47108699999,36.2,126.55,4,2017;2018;2019;2020
47109499999,37.75,128.6666667,4,2017;2018;2019;2020
47110099999,37.558311,126.790586,6,2015;2016;2017;2018;2019;2020
47110599999,37.521533,126.978628,2,2019;2020
47111099999,37.445833,127.113889,6,2015;2016;2017;2018;2019;2020
47112099999,37.4666666,126.6333333,6,2015;2016;2017;2018;2019;2020
47113199999,37.469075,126.450517,6,2015;2016;2017;2018;2019;2020
47114099999,37.438081,127.960383,6,2015;2016;2017;2018;2019;2020
47115099999,37.4833333,130.9,6,2015;2016;2017;2018;2019;2020
47116599999,37.5,126.9166666,4,2017;2018;2019;2020
47119099999,37.2666666,126.9833333,6,2015;2016;2017;2018;2019;2020
47120099999,37.239406,127.007053,4,2017;2018;2019;2020
47120599999,37.35,127.2666667,4,2017;2018;2019;2020
47121099999,37.1833333,128.4666666,6,2015;2016;2017;2018;2019;2020
47122099999,37.090617,127.029594,6,2015;2016;2017;2018;2019;2020
47122399999,37.1,128.9,4,2017;2018;2019;2020
47124099999,36.568178,127.500114,4,2017;2018;2019;2020
47125099999,37.029997,127.885267,4,2017;2018;2019;2020
47126099999,36.9333333,126.45,1,2017
47127043216,36.967,127.033,6,2015;2016;2017;2018;2019;2020
47128099999,36.7166,127.499119,6,2015;2016;2017;2018;2019;2020
47129099999,36.7666666,126.5,6,2015;2016;2017;2018;2019;2020
47130099999,37.0,129.4166666,6,2015;2016;2017;2018;2019;2020
47131099999,36.6333333,127.45,6,2015;2016;2017;2018;2019;2020
47131599999,37.433,127.633,4,2017;2018;2019;2020
47133099999,36.3,127.4,6,2015;2016;2017;2018;2019;2020
47134099999,36.631933,128.35485,4,2017;2018;2019;2020
47135099999,36.2166666,127.9833333,6,2015;2016;2017;2018;2019;2020
47136099999,36.5666666,128.7,6,2015;2016;2017;2018;2019;2020
47137099999,36.4166666,128.15,6,2015;2016;2017;2018;2019;2020
47138099999,36.0333333,129.3833333,6,2015;2016;2017;2018;2019;2020
47139099999,35.987858,129.420486,5,2016;2017;2018;2019;2020
47140099999,36.0023491,126.7634672,6,2015;2016;2017;2018;2019;2020
47141043219,35.917,126.617,6,2015;2016;2017;2018;2019;2020
47142099999,35.894108,128.658856,6,2015;2016;2017;2018;2019;2020
47143099999,35.8833333,128.6166667,6,2015;2016;2017;2018;2019;2020
47145099999,36.7625,127.2927778,6,2015;2016;2017;2018;2019;2020
47146099999,35.8333333,127.1166666,6,2015;2016;2017;2018;2019;2020
47147099999,36.3,127.2166666,1,2020
47150099999,36.3333333,126.55,6,2015;2016;2017;2018;2019;2020
47152099999,35.593494,129.351722,6,2015;2016;2017;2018;2019;2020
47153099999,35.179528,128.938222,6,2015;2016;2017;2018;2019;2020
47154099999,36.1166666,128.3166666,6,2015;2016;2017;2018;2019;2020
47155099999,35.1701944,128.5728611,6,2015;2016;2017;2018;2019;2020
47156099999,35.1666666,126.9,6,2015;2016;2017;2018;2019;2020
47157099999,35.6666666,127.9166666,6,2015;2016;2017;2018;2019;2020
47158099999,35.126389,126.808889,6,2015;2016;2017;2018;2019;2020
47159099999,35.1,129.0333333,6,2015;2016;2017;2018;2019;2020
47161043240,35.083,128.083,6,2015;2016;2017;2018;2019;2020
47162099999,34.85,128.4333333,6,2015;2016;2017;2018;2019;2020
47163099999,34.9833333,126.3833333,6,2015;2016;2017;2018;2019;2020
47165099999,34.8166666,126.3833333,6,2015;2016;2017;2018;2019;2020
47167099999,34.842328,127.61685,6,2015;2016;2017;2018;2019;2020
47168099999,34.7333333,127.75,6,2015;2016;2017;2018;2019;2020
47169099999,34.687176,125.451042,6,2015;2016;2017;2018;2019;2020
47170099999,34.4,126.7,6,2015;2016;2017;2018;2019;2020
47171099999,35.55,126.8666666,6,2015;2016;2017;2018;2019;2020
47172099999,35.3488889,126.5988889,6,2015;2016;2017;2018;2019;2020
47173099999,35.4166666,127.4,6,2015;2016;2017;2018;2019;2020
47174099999,35.0166666,127.3666666,6,2015;2016;2017;2018;2019;2020
47175099999,34.4666666,126.3333333,5,2015;2016;2017;2018;2019
47179099999,37.5,130.8666666,4,2017;2018;2019;2020
47182099999,33.511306,126.493028,6,2015;2016;2017;2018;2019;2020
47184099999,33.5166666,126.5333333,6,2015;2016;2017;2018;2019;2020
47185043263,33.294,126.163,6,2015;2016;2017;2018;2019;2020
47187099999,33.2,126.2666667,4,2017;2018;2019;2020
47188099999,33.3833333,126.8666666,6,2015;2016;2017;2018;2019;2020
47189099999,33.25,126.5666666,6,2015;2016;2017;2018;2019;2020
47192099999,35.1666666,128.0333333,6,2015;2016;2017;2018;2019;2020
47401099999,45.4166666,141.6833333,6,2015;2016;2017;2018;2019;2020
47402099999,44.9333333,142.5833333,6,2015;2016;2017;2018;2019;2020
47404099999,44.3666666,141.7,6,2015;2016;2017;2018;2019;2020
47405099999,44.5833333,142.9666666,6,2015;2016;2017;2018;2019;2020
47406099999,43.95,141.6333333,6,2015;2016;2017;2018;2019;2020
47407099999,43.75,142.3666666,6,2015;2016;2017;2018;2019;2020
47409099999,44.0166666,144.2833333,6,2015;2016;2017;2018;2019;2020
47411099999,43.1833333,141.0166666,6,2015;2016;2017;2018;2019;2020
47412099999,43.0666666,141.3333333,6,2015;2016;2017;2018;2019;2020
47413099999,43.2166666,141.7833333,6,2015;2016;2017;2018;2019;2020
47417099999,42.9166666,143.2166666,6,2015;2016;2017;2018;2019;2020
47418099999,42.9833333,144.4,6,2015;2016;2017;2018;2019;2020
47420099999,43.3333333,145.5833333,6,2015;2016;2017;2018;2019;2020
47421099999,42.8,140.2166666,6,2015;2016;2017;2018;2019;2020
47423099999,42.3166667,140.9833333,6,2015;2016;2017;2018;2019;2020
47424099999,42.6166666,141.55,6,2015;2016;2017;2018;2019;2020
47425099999,42.7752,141.692283,6,2015;2016;2017;2018;2019;2020
47426099999,42.1666666,142.7833333,6,2015;2016;2017;2018;2019;2020
47428099999,41.8666666,140.1166666,6,2015;2016;2017;2018;2019;2020
47430099999,41.8166666,140.75,6,2015;2016;2017;2018;2019;2020
47433099999,42.9,140.75,6,2015;2016;2017;2018;2019;2020
47434099999,42.794475,141.666447,6,2015;2016;2017;2018;2019;2020
47435099999,44.35,143.35,6,2015;2016;2017;2018;2019;2020
47440099999,42.3,143.3166666,6,2015;2016;2017;2018;2019;2020
47441099999,45.404167,141.800833,6,2015;2016;2017;2018;2019;2020
47474099999,44.303914,143.404028,6,2015;2016;2017;2018;2019;2020
47476099999,43.670833,142.4475,6,2015;2016;2017;2018;2019;2020
47477099999,43.795181,142.363136,6,2015;2016;2017;2018;2019;2020
47479099999,43.116139,141.38022,6,2015;2016;2017;2018;2019;2020
47481099999,43.880606,144.164053,6,2015;2016;2017;2018;2019;2020
47483099999,43.5775,144.96,6,2015;2016;2017;2018;2019;2020
47488099999,41.77,140.821944,6,2015;2016;2017;2018;2019;2020
47489099999,43.040967,144.192986,6,2015;2016;2017;2018;2019;2020
47490099999,42.733333,143.217222,6,2015;2016;2017;2018;2019;2020
47490599999,42.890544,143.158475,6,2015;2016;2017;2018;2019;2020
47512099999,39.0666666,141.7166666,6,2015;2016;2017;2018;2019;2020
47515099999,40.556447,141.466325,6,2015;2016;2017;2018;2019;2020
47520099999,38.75,140.3166666,6,2015;2016;2017;2018;2019;2020
47542099999,40.734722,140.690833,6,2015;2016;2017;2018;2019;2020
47545099999,39.615556,140.218611,6,2015;2016;2017;2018;2019;2020
47549099999,39.428611,141.135278,6,2015;2016;2017;2018;2019;2020
47553099999,38.411894,140.371331,6,2015;2016;2017;2018;2019;2020
47557099999,37.227431,140.430678,6,2015;2016;2017;2018;2019;2020
47569099999,38.139722,140.916944,6,2015;2016;2017;2018;2019;2020
47570099999,37.4833333,139.9166666,6,2015;2016;2017;2018;2019;2020
47573043318,37.95,139.117,6,2015;2016;2017;2018;2019;2020
47574099999,40.65,139.9333333,6,2015;2016;2017;2018;2019;2020
47575099999,40.8166666,140.7666666,6,2015;2016;2017;2018;2019;2020
47576099999,41.2833333,141.2166666,6,2015;2016;2017;2018;2019;2020
47580044402,40.7,141.36667,6,2015;2016;2017;2018;2019;2020
47581099999,40.5333333,141.5166666,6,2015;2016;2017;2018;2019;2020
47582099999,39.7166666,140.1,6,2015;2016;2017;2018;2019;2020
47583099999,40.191872,140.371431,6,2015;2016;2017;2018;2019;2020
47584099999,39.7,141.1666666,6,2015;2016;2017;2018;2019;2020
47585099999,39.65,141.9666666,6,2015;2016;2017;2018;2019;2020
47587099999,38.9166666,139.85,6,2015;2016;2017;2018;2019;2020
47587499999,38.812222,139.787222,6,2015;2016;2017;2018;2019;2020
47588099999,38.25,140.35,6,2015;2016;2017;2018;2019;2020
47590099999,38.2666666,140.9,6,2015;2016;2017;2018;2019;2020
47591099999,38.404919,141.219572,6,2015;2016;2017;2018;2019;2020
47592099999,38.4333333,141.3,6,2015;2016;2017;2018;2019;2020
47595099999,37.7666666,140.4666666,6,2015;2016;2017;2018;2019;2020
47597099999,37.1333333,140.2166666,6,2015;2016;2017;2018;2019;2020
47598099999,36.95,140.9,6,2015;2016;2017;2018;2019;2020
47600099999,37.3833333,136.9,6,2015;2016;2017;2018;2019;2020
47602099999,38.0333333,138.2333333,6,2015;2016;2017;2018;2019;2020
47604099999,37.9,139.0166666,6,2015;2016;2017;2018;2019;2020
47605099999,36.5833333,136.6333333,6,2015;2016;2017;2018;2019;2020
47606099999,36.8,137.05,6,2015;2016;2017;2018;2019;2020
47607099999,36.7166666,137.2,6,2015;2016;2017;2018;2019;2020
47610099999,36.6666666,138.2,6,2015;2016;2017;2018;2019;2020
47612099999,37.1,138.25,6,2015;2016;2017;2018;2019;2020
47615099999,36.55,139.8666666,6,2015;2016;2017;2018;2019;2020
47616099999,36.05,136.2166666,6,2015;2016;2017;2018;2019;2020
47617099999,36.15,137.25,6,2015;2016;2017;2018;2019;2020
47618099999,36.25,137.9666666,6,2015;2016;2017;2018;2019;2020
47620099999,36.05,138.1166666,6,2015;2016;2017;2018;2019;2020
47622099999,36.35,138.55,6,2015;2016;2017;2018;2019;2020
47624099999,36.4,139.0666666,6,2015;2016;2017;2018;2019;2020
47626099999,36.15,139.3833333,6,2015;2016;2017;2018;2019;2020
47629099999,36.3833333,140.4666666,6,2015;2016;2017;2018;2019;2020
47631099999,35.65,136.0666666,6,2015;2016;2017;2018;2019;2020
47632099999,35.4,136.7666666,6,2015;2016;2017;2018;2019;2020
47634099999,35.394078,136.869667,6,2015;2016;2017;2018;2019;2020
47634599999,34.858414,136.805408,6,2015;2016;2017;2018;2019;2020
47635099999,35.255,136.924444,6,2015;2016;2017;2018;2019;2020
47636099999,35.1666666,136.9666666,6,2015;2016;2017;2018;2019;2020
47637099999,35.5166666,137.8166666,6,2015;2016;2017;2018;2019;2020
47638099999,35.6666666,138.55,6,2015;2016;2017;2018;2019;2020
47639099999,35.3666666,138.7333333,6,2015;2016;2017;2018;2019;2020
47640099999,35.5,138.7666666,6,2015;2016;2017;2018;2019;2020
47641099999,35.9833333,139.0666666,6,2015;2016;2017;2018;2019;2020
47642043313,35.75,139.35,6,2015;2016;2017;2018;2019;2020
47643099999,35.841944,139.410556,6,2015;2016;2017;2018;2019;2020
47643599999,36.4333333,138.95,6,2015;2016;2017;2018;2019;2020
47648099999,35.7333333,140.85,6,2015;2016;2017;2018;2019;2020
47649099999,34.7666666,136.15,6,2015;2016;2017;2018;2019;2020
47651099999,34.7333333,136.5166666,6,2015;2016;2017;2018;2019;2020
47653099999,34.6333333,137.1,6,2015;2016;2017;2018;2019;2020
47654099999,34.75,137.7166666,6,2015;2016;2017;2018;2019;2020
47655099999,34.6,138.2166666,6,2015;2016;2017;2018;2019;2020
47656099999,34.9833333,138.4,6,2015;2016;2017;2018;2019;2020
47657099999,35.1166666,138.9333333,6,2015;2016;2017;2018;2019;2020
47658099999,34.812778,138.298056,6,2015;2016;2017;2018;2019;2020
47661043321,35.4,139.917,6,2015;2016;2017;2018;2019;2020
47662099999,35.6833333,139.7666667,6,2015;2016;2017;2018;2019;2020
47663099999,34.0666666,136.2,6,2015;2016;2017;2018;2019;2020
47666099999,34.6,138.85,6,2015;2016;2017;2018;2019;2020
47668099999,35.05,139.1,6,2015;2016;2017;2018;2019;2020
47670099999,35.4333333,139.65,6,2015;2016;2017;2018;2019;2020
47671099999,35.552258,139.779694,6,2015;2016;2017;2018;2019;2020
47671399999,35.68,139.72,6,2015;2016;2017;2018;2019;2020
47672099999,34.9833333,139.8666666,6,2015;2016;2017;2018;2019;2020
47674099999,35.15,140.3166666,6,2015;2016;2017;2018;2019;2020
47674199999,32.482503,130.158869,6,2015;2016;2017;2018;2019;2020
47674299999,37.293097,136.961853,6,2015;2016;2017;2018;2019;2020
47675099999,34.75,139.3666666,6,2015;2016;2017;2018;2019;2020
47677099999,34.1166666,139.5166666,6,2015;2016;2017;2018;2019;2020
47678099999,33.1166666,139.7833333,6,2015;2016;2017;2018;2019;2020
47679043319,35.45,139.45,6,2015;2016;2017;2018;2019;2020
47680099999,35.513769,139.393675,6,2015;2016;2017;2018;2019;2020
47681099999,34.750239,137.703083,6,2015;2016;2017;2018;2019;2020
47682099999,35.6,140.1,6,2015;2016;2017;2018;2019;2020
47683099999,35.6666667,139.5333333,6,2015;2016;2017;2018;2019;2020
47684099999,34.9333333,136.5833333,6,2015;2016;2017;2018;2019;2020
47686099999,35.764722,140.386389,6,2015;2016;2017;2018;2019;2020
47687099999,35.6333333,139.85,6,2015;2016;2017;2018;2019;2020
47688099999,34.987053,139.829208,6,2015;2016;2017;2018;2019;2020
47690099999,36.7333333,139.5,6,2015;2016;2017;2018;2019;2020
47692099999,36.514544,139.870936,6,2015;2016;2017;2018;2019;2020
47696043323,35.28333,139.66667,1,2020
47704099999,36.394611,136.406544,6,2015;2016;2017;2018;2019;2020
47707099999,36.648333,137.1875,6,2015;2016;2017;2018;2019;2020
47709099999,36.166758,137.922669,6,2015;2016;2017;2018;2019;2020
47715099999,36.181083,140.415444,6,2015;2016;2017;2018;2019;2020
47727099999,35.798944,140.011111,6,2015;2016;2017;2018;2019;2020
47735099999,34.782033,139.360306,6,2015;2016;2017;2018;2019;2020
47739099999,34.8,138.1833333,6,2015;2016;2017;2018;2019;2020
47740099999,36.2,133.3333333,6,2015;2016;2017;2018;2019;2020
47741099999,35.45,133.0666666,6,2015;2016;2017;2018;2019;2020
47742099999,35.55,133.2333333,6,2015;2016;2017;2018;2019;2020
47743099999,35.492222,133.236389,6,2015;2016;2017;2018;2019;2020
47744099999,35.4333333,133.3333333,6,2015;2016;2017;2018;2019;2020
47746099999,35.4833333,134.2333333,6,2015;2016;2017;2018;2019;2020
47747099999,35.5333333,134.8166666,6,2015;2016;2017;2018;2019;2020
47747399999,35.512778,134.786944,6,2015;2016;2017;2018;2019;2020
47750099999,35.45,135.3166666,6,2015;2016;2017;2018;2019;2020
47754099999,34.4166666,131.4,6,2015;2016;2017;2018;2019;2020
47755099999,34.9,132.0666666,6,2015;2016;2017;2018;2019;2020
47756099999,35.0666666,134.0166666,6,2015;2016;2017;2018;2019;2020
47759099999,35.0166666,135.7333333,6,2015;2016;2017;2018;2019;2020
47761099999,35.2833333,136.25,6,2015;2016;2017;2018;2019;2020
47762099999,33.95,130.9333333,6,2015;2016;2017;2018;2019;2020
47764143324,34.15,132.23333,6,2015;2016;2017;2018;2019;2020
47765099999,34.4,132.4666666,6,2015;2016;2017;2018;2019;2020
47766099999,34.2333333,132.55,6,2015;2016;2017;2018;2019;2020
47767099999,34.45,133.25,6,2015;2016;2017;2018;2019;2020
47768099999,34.6833333,133.9166666,6,2015;2016;2017;2018;2019;2020
47769099999,34.8333333,134.6666666,6,2015;2016;2017;2018;2019;2020
47770099999,34.7,135.2166666,6,2015;2016;2017;2018;2019;2020
47771099999,34.785528,135.438222,6,2015;2016;2017;2018;2019;2020
47772099999,34.6833333,135.5166666,6,2015;2016;2017;2018;2019;2020
47774099999,34.4333333,135.2333333,6,2015;2016;2017;2018;2019;2020
47776099999,34.3333333,134.9,6,2015;2016;2017;2018;2019;2020
47777099999,34.2333333,135.1666666,6,2015;2016;2017;2018;2019;2020
47778099999,33.45,135.75,6,2015;2016;2017;2018;2019;2020
47779099999,34.596311,135.602944,6,2015;2016;2017;2018;2019;2020
47780099999,34.7,135.8333333,6,2015;2016;2017;2018;2019;2020
47782099999,33.662222,135.364444,6,2015;2016;2017;2018;2019;2020
47783099999,34.676389,131.790278,6,2015;2016;2017;2018;2019;2020
47784099999,34.1666666,131.4666666,6,2015;2016;2017;2018;2019;2020
47786099999,33.93,131.278611,6,2015;2016;2017;2018;2019;2020
47787099999,34.045322,131.052144,6,2015;2016;2017;2018;2019;2020
47788099999,34.034667,131.549194,6,2015;2016;2017;2018;2019;2020
47789099999,34.436111,132.919444,6,2015;2016;2017;2018;2019;2020
47790099999,35.413611,132.89,6,2015;2016;2017;2018;2019;2020
47793099999,34.756944,133.855278,6,2015;2016;2017;2018;2019;2020
47794099999,35.530069,134.166553,6,2015;2016;2017;2018;2019;2020
47799099999,34.284889,129.33055,6,2015;2016;2017;2018;2019;2020
47800099999,34.1977778,129.2919444,6,2015;2016;2017;2018;2019;2020
47803099999,33.883083,130.653,6,2015;2016;2017;2018;2019;2020
47805099999,33.3666666,129.55,6,2015;2016;2017;2018;2019;2020
47807099999,33.5833333,130.3833333,6,2015;2016;2017;2018;2019;2020
47808099999,33.585942,130.450686,6,2015;2016;2017;2018;2019;2020
47809099999,33.65,130.7,6,2015;2016;2017;2018;2019;2020
47810099999,33.149722,130.302222,6,2015;2016;2017;2018;2019;2020
47812099999,33.1666666,129.7333333,6,2015;2016;2017;2018;2019;2020
47812399999,33.0166667,129.1833333,2,2019;2020
47813099999,33.2666666,130.3,6,2015;2016;2017;2018;2019;2020
47814099999,33.3166666,130.9333333,6,2015;2016;2017;2018;2019;2020
47815099999,33.2333333,131.6166666,6,2015;2016;2017;2018;2019;2020
47817099999,32.7333333,129.8666666,6,2015;2016;2017;2018;2019;2020
47818099999,32.7333333,130.2666666,6,2015;2016;2017;2018;2019;2020
47819099999,32.8166666,130.7,6,2015;2016;2017;2018;2019;2020
47821099999,32.8833333,131.0666666,3,2015;2016;2017
47822099999,32.5833333,131.65,6,2015;2016;2017;2018;2019;2020
47823099999,32.0333333,130.2,6,2015;2016;2017;2018;2019;2020
47824099999,32.2166666,130.75,6,2015;2016;2017;2018;2019;2020
47827099999,31.55,130.55,6,2015;2016;2017;2018;2019;2020
47829099999,31.7333333,131.0833333,6,2015;2016;2017;2018;2019;2020
47830099999,31.9333333,131.4166666,6,2015;2016;2017;2018;2019;2020
47831099999,31.2666666,130.3,6,2015;2016;2017;2018;2019;2020
47835099999,31.5833333,131.4,6,2015;2016;2017;2018;2019;2020
47836099999,30.385569,130.659017,6,2015;2016;2017;2018;2019;2020
47837099999,30.7166666,130.9833333,6,2015;2016;2017;2018;2019;2020
47838099999,32.2,130.0333333,6,2015;2016;2017;2018;2019;2020
47840099999,33.685,131.040278,6,2015;2016;2017;2018;2019;2020
47843099999,32.7,128.8333333,6,2015;2016;2017;2018;2019;2020
47844099999,32.666269,128.832808,6,2015;2016;2017;2018;2019;2020
47850099999,31.367608,130.845456,6,2015;2016;2017;2018;2019;2020
47851099999,31.803397,130.719408,6,2015;2016;2017;2018;2019;2020
47852099999,33.479444,131.737222,6,2015;2016;2017;2018;2019;2020
47853099999,33.836197,130.947069,6,2015;2016;2017;2018;2019;2020
47854099999,32.083611,131.451389,6,2015;2016;2017;2018;2019;2020
47855099999,32.916944,129.913611,6,2015;2016;2017;2018;2019;2020
47856099999,32.837319,130.85505,6,2015;2016;2017;2018;2019;2020
47857099999,31.877222,131.448611,6,2015;2016;2017;2018;2019;2020
47870099999,30.546667,130.950278,6,2015;2016;2017;2018;2019;2020
47872099999,28.430633,129.712542,6,2015;2016;2017;2018;2019;2020
47872499999,28.321344,129.9281,2,2019;2020
47880099999,34.214167,134.015556,6,2015;2016;2017;2018;2019;2020
47881099999,34.132808,134.606639,6,2015;2016;2017;2018;2019;2020
47882099999,33.827222,132.699722,6,2015;2016;2017;2018;2019;2020
47883099999,33.546111,133.669444,6,2015;2016;2017;2018;2019;2020
47887099999,33.85,132.7833333,6,2015;2016;2017;2018;2019;2020
47890099999,34.2833333,133.75,6,2015;2016;2017;2018;2019;2020
47891099999,34.3166666,134.05,6,2015;2016;2017;2018;2019;2020
47892099999,33.2333333,132.55,6,2015;2016;2017;2018;2019;2020
47893099999,33.5666666,133.55,6,2015;2016;2017;2018;2019;2020
47895099999,34.0666666,134.5666666,6,2015;2016;2017;2018;2019;2020
47897099999,32.9166666,132.7,6,2015;2016;2017;2018;2019;2020
47898099999,32.7166666,133.0166666,6,2015;2016;2017;2018;2019;2020
47899099999,33.25,134.1833333,6,2015;2016;2017;2018;2019;2020
47909099999,28.3941667,129.5527778,6,2015;2016;2017;2018;2019;2020
47910099999,27.836381,128.881253,1,2020
47911099999,24.466944,122.977778,4,2017;2018;2019;2020
47912099999,24.4666666,123.0166666,6,2015;2016;2017;2018;2019;2020
47917099999,24.4333333,123.7666666,6,2015;2016;2017;2018;2019;2020
47918099999,24.344525,124.186983,6,2015;2016;2017;2018;2019;2020
47927099999,24.782833,125.295111,6,2015;2016;2017;2018;2019;2020
47927699999,24.826667,125.144722,6,2015;2016;2017;2018;2019;2020
47929099999,26.363506,126.713806,6,2015;2016;2017;2018;2019;2020
47930099999,26.195814,127.645869,6,2015;2016;2017;2018;2019;2020
47931042204,26.35,127.76667,6,2015;2016;2017;2018;2019;2020
47933042215,26.26667,127.75,6,2015;2016;2017;2018;2019;2020
47936099999,26.2,127.6833333,6,2015;2016;2017;2018;2019;2020
47940099999,26.6,127.9666666,6,2015;2016;2017;2018;2019;2020
47942099999,27.425522,128.700903,6,2015;2016;2017;2018;2019;2020
47942599999,27.043964,128.401517,4,2017;2018;2019;2020
47945099999,25.846533,131.263494,6,2015;2016;2017;2018;2019;2020
47945599999,25.944722,131.326944,2,2019;2020
47971042402,27.092,142.191,6,2015;2016;2017;2018;2019;2020
47981099999,24.784,141.322722,6,2015;2016;2017;2018;2019;2020
47991099999,24.289697,153.979119,6,2015;2016;2017;2018;2019;2020
48001099999,27.3333333,97.4166666,6,2015;2016;2017;2018;2019;2020
48004099999,26.0,95.7,6,2015;2016;2017;2018;2019;2020
48008099999,25.3666666,97.4,6,2015;2016;2017;2018;2019;2020
48010099999,24.8666666,94.9166666,6,2015;2016;2017;2018;2019;2020
48018099999,24.1666666,96.3333333,6,2015;2016;2017;2018;2019;2020
48019099999,24.2666666,97.2,6,2015;2016;2017;2018;2019;2020
48020099999,23.6333333,94.4166666,6,2015;2016;2017;2018;2019;2020
48025099999,23.2,94.3,6,2015;2016;2017;2018;2019;2020
48030099999,22.65,93.6333333,6,2015;2016;2017;2018;2019;2020
48031099999,22.9166666,93.6833333,6,2015;2016;2017;2018;2019;2020
48033099999,22.5833333,95.7166666,6,2015;2016;2017;2018;2019;2020
48035099999,22.9333333,97.75,6,2015;2016;2017;2018;2019;2020
48037099999,22.1,95.1333333,6,2015;2016;2017;2018;2019;2020
48040099999,22.6,97.3,1,2015
48042099999,21.9833333,96.1,6,2015;2016;2017;2018;2019;2020
48045099999,21.3833333,93.95,6,2015;2016;2017;2018;2019;2020
48047099999,21.4666666,95.3833333,1,2015
48048099999,21.2,94.9166666,6,2015;2016;2017;2018;2019;2020
48051099999,20.85,92.6333333,6,2015;2016;2017;2018;2019;2020
48053099999,20.8333333,95.8333333,6,2015;2016;2017;2018;2019;2020
48057099999,20.7833333,97.05,6,2015;2016;2017;2018;2019;2020
48060099999,21.3,99.6166666,6,2015;2016;2017;2018;2019;2020
48062099999,20.132708,92.872628,6,2015;2016;2017;2018;2019;2020
48064099999,20.1666666,94.8833333,6,2015;2016;2017;2018;2019;2020
48067099999,20.4166666,96.15,1,2015
48071099999,19.4166666,93.55,6,2015;2016;2017;2018;2019;2020
48072099999,18.85,93.7333333,6,2015;2016;2017;2018;2019;2020
48074099999,19.7166666,96.2166666,6,2015;2016;2017;2018;2019;2020
48075099999,19.6833333,97.2166666,6,2015;2016;2017;2018;2019;2020
48077099999,18.8,95.2166666,6,2015;2016;2017;2018;2019;2020
48078099999,18.9166666,96.4666666,6,2015;2016;2017;2018;2019;2020
48080099999,18.4666666,94.35,6,2015;2016;2017;2018;2019;2020
48085099999,17.5833333,94.5833333,6,2015;2016;2017;2018;2019;2020
48087099999,17.6666666,95.4166666,6,2015;2016;2017;2018;2019;2020
48093099999,17.3333333,96.5,6,2015;2016;2017;2018;2019;2020
48094099999,16.7666666,94.7666666,6,2015;2016;2017;2018;2019;2020
48095099999,16.7333333,95.65,6,2015;2016;2017;2018;2019;2020
48096099999,16.9,96.1833333,4,2015;2018;2019;2020
48097099999,16.907305,96.133222,6,2015;2016;2017;2018;2019;2020
48099099999,16.75,97.6666666,6,2015;2016;2017;2018;2019;2020
48101099999,16.2666666,95.6666666,6,2015;2016;2017;2018;2019;2020
48103099999,16.5,97.6166666,6,2015;2016;2017;2018;2019;2020
48107099999,15.25,97.8666666,6,2015;2016;2017;2018;2019;2020
48108099999,14.1,98.2166666,6,2015;2016;2017;2018;2019;2020
48109099999,14.1166666,93.3666666,6,2015;2016;2017;2018;2019;2020
48110099999,12.4333333,98.6,6,2015;2016;2017;2018;2019;2020
48112099999,9.9666666,98.5833333,6,2015;2016;2017;2018;2019;2020
48300099999,19.301253,97.975831,6,2015;2016;2017;2018;2019;2020
48302099999,19.9166666,99.0333333,6,2015;2016;2017;2018;2019;2020
48303099999,19.885361,99.826844,6,2015;2016;2017;2018;2019;2020
48303199999,19.952342,99.882928,6,2015;2016;2017;2018;2019;2020
48303399999,17.383794,104.643022,6,2015;2016;2017;2018;2019;2020
48303499999,16.116761,103.773797,6,2015;2016;2017;2018;2019;2020
48304099999,19.8666666,99.7666666,6,2015;2016;2017;2018;2019;2020
48307099999,19.4166666,100.8833333,6,2015;2016;2017;2018;2019;2020
48310099999,19.1930556,99.9,6,2015;2016;2017;2018;2019;2020
48315099999,19.1166666,100.8,6,2015;2016;2017;2018;2019;2020
48324099999,17.6333333,99.25,6,2015;2016;2017;2018;2019;2020
48325099999,18.1666666,97.9333333,6,2015;2016;2017;2018;2019;2020
48326099999,18.9166666,99.0,1,2019
48327099999,18.766847,98.962644,6,2015;2016;2017;2018;2019;2020
48328099999,18.270933,99.504167,6,2015;2016;2017;2018;2019;2020
48329099999,18.5666666,99.0333333,6,2015;2016;2017;2018;2019;2020
48330099999,18.132169,100.164664,6,2015;2016;2017;2018;2019;2020
48331099999,18.807914,100.783419,6,2015;2016;2017;2018;2019;2020
48333099999,18.8666666,100.75,6,2015;2016;2017;2018;2019;2020
48334099999,18.3166666,99.2833333,6,2015;2016;2017;2018;2019;2020
48350099999,17.4,101.7333333,6,2015;2016;2017;2018;2019;2020
48351099999,17.6166666,100.1,6,2015;2016;2017;2018;2019;2020
48352099999,17.8666666,102.75,6,2015;2016;2017;2018;2019;2020
48353099999,17.439133,101.722064,6,2015;2016;2017;2018;2019;2020
48354099999,17.386436,102.788247,6,2015;2016;2017;2018;2019;2020
48355099999,17.1166666,104.05,6,2015;2016;2017;2018;2019;2020
48356099999,17.15,104.1333333,6,2015;2016;2017;2018;2019;2020
48356599999,17.195142,104.118625,6,2015;2016;2017;2018;2019;2020
48357099999,17.4166666,104.7833333,6,2015;2016;2017;2018;2019;2020
48358099999,17.4333333,104.7833333,6,2015;2016;2017;2018;2019;2020
48360099999,17.2166666,102.4166666,6,2015;2016;2017;2018;2019;2020
48372099999,17.1,99.8,6,2015;2016;2017;2018;2019;2020
48373099999,17.1666666,99.8666666,6,2015;2016;2017;2018;2019;2020
48374099999,16.7666666,101.25,6,2015;2016;2017;2018;2019;2020
48375099999,16.699856,98.545056,6,2015;2016;2017;2018;2019;2020
48376099999,16.895989,99.25335,6,2015;2016;2017;2018;2019;2020
48377099999,17.2333333,99.05,6,2015;2016;2017;2018;2019;2020
48378099999,16.782939,100.279122,6,2015;2016;2017;2018;2019;2020
48379099999,16.676028,101.195108,6,2015;2016;2017;2018;2019;2020
48380099999,16.4833333,99.5333333,6,2015;2016;2017;2018;2019;2020
48381099999,16.466628,102.783661,6,2015;2016;2017;2018;2019;2020
48382099999,16.25,103.0666666,6,2015;2016;2017;2018;2019;2020
48383099999,16.5333333,104.7166666,6,2015;2016;2017;2018;2019;2020
48384099999,16.3333333,102.8166666,6,2015;2016;2017;2018;2019;2020
48385099999,16.0166666,98.8666666,6,2015;2016;2017;2018;2019;2020
48386099999,16.3333333,100.3666666,6,2015;2016;2017;2018;2019;2020
48387099999,16.75,98.9333333,6,2015;2016;2017;2018;2019;2020
48390099999,16.3333333,103.5833333,6,2015;2016;2017;2018;2019;2020
48400099999,15.672997,100.136794,6,2015;2016;2017;2018;2019;2020
48401099999,15.35,100.5,6,2015;2016;2017;2018;2019;2020
48402099999,15.15,100.1833333,6,2015;2016;2017;2018;2019;2020
48403099999,15.8,102.0333333,6,2015;2016;2017;2018;2019;2020
48404099999,16.0666666,103.6166666,6,2015;2016;2017;2018;2019;2020
48405099999,16.07035,103.6459,6,2015;2016;2017;2018;2019;2020
48407099999,15.251278,104.870231,6,2015;2016;2017;2018;2019;2020
48407599999,15.229539,103.253231,6,2015;2016;2017;2018;2019;2020
48407699999,17.237992,99.818183,6,2015;2016;2017;2018;2019;2020
48408099999,15.2333333,105.0333333,6,2015;2016;2017;2018;2019;2020
48409099999,15.0852778,104.3305556,6,2015;2016;2017;2018;2019;2020
48413099999,15.6569444,101.1052778,6,2015;2016;2017;2018;2019;2020
48415099999,14.5166666,100.7166666,6,2015;2016;2017;2018;2019;2020
48416099999,15.3166666,103.6833333,6,2015;2016;2017;2018;2019;2020
48418099999,15.2666666,101.2,6,2015;2016;2017;2018;2019;2020
48419099999,14.1,100.6166666,6,2015;2016;2017;2018;2019;2020
48420099999,13.5166666,100.75,6,2015;2016;2017;2018;2019;2020
48421099999,14.75,98.6333333,6,2015;2016;2017;2018;2019;2020
48425099999,14.4666666,100.1333333,6,2015;2016;2017;2018;2019;2020
48426099999,14.8,100.6166666,6,2015;2016;2017;2018;2019;2020
48427099999,14.3,99.8666666,6,2015;2016;2017;2018;2019;2020
48429099999,13.6833333,100.7666666,6,2015;2016;2017;2018;2019;2020
48430099999,14.077761,101.379883,6,2015;2016;2017;2018;2019;2020
48431099999,14.934514,102.078639,6,2015;2016;2017;2018;2019;2020
48431599999,14.949497,102.312736,6,2015;2016;2017;2018;2019;2020
48432099999,14.8833333,103.5,6,2015;2016;2017;2018;2019;2020
48433099999,14.8833333,103.45,6,2015;2016;2017;2018;2019;2020
48434099999,14.7166666,102.1666666,6,2015;2016;2017;2018;2019;2020
48435099999,14.6333333,101.3166666,6,2015;2016;2017;2018;2019;2020
48436099999,14.6308333,102.7211111,6,2015;2016;2017;2018;2019;2020
48437099999,15.2333333,103.25,6,2015;2016;2017;2018;2019;2020
48439099999,13.9833333,101.7,6,2015;2016;2017;2018;2019;2020
48440099999,13.7833333,102.0333333,6,2015;2016;2017;2018;2019;2020
48450099999,14.0166666,99.5333333,6,2015;2016;2017;2018;2019;2020
48451099999,14.0166666,99.9666666,6,2015;2016;2017;2018;2019;2020
48453099999,13.6666666,100.6166666,6,2015;2016;2017;2018;2019;2020
48454099999,13.7,100.5666666,6,2015;2016;2017;2018;2019;2020
48455099999,13.7333333,100.5666666,6,2015;2016;2017;2018;2019;2020
48456099999,13.912583,100.60675,6,2015;2016;2017;2018;2019;2020
48457099999,13.3833333,100.6,6,2015;2016;2017;2018;2019;2020
48458099999,13.5672222,101.4544444,6,2015;2016;2017;2018;2019;2020
48459099999,13.3666667,100.9833333,6,2015;2016;2017;2018;2019;2020
48460099999,13.1666666,100.8,6,2015;2016;2017;2018;2019;2020
48461099999,12.9166666,100.8666666,6,2015;2016;2017;2018;2019;2020
48462099999,13.7,102.5041667,6,2015;2016;2017;2018;2019;2020
48463099999,13.0833333,100.8833333,6,2015;2016;2017;2018;2019;2020
48464099999,13.4833333,99.7833333,6,2015;2016;2017;2018;2019;2020
48465099999,12.9994444,100.0666666,6,2015;2016;2017;2018;2019;2020
48474099999,12.5833333,99.7333333,6,2015;2016;2017;2018;2019;2020
48475099999,12.636225,99.951533,6,2015;2016;2017;2018;2019;2020
48477099999,12.6833333,100.9833333,6,2015;2016;2017;2018;2019;2020
48478099999,12.6333333,101.35,6,2015;2016;2017;2018;2019;2020
48479099999,12.7333333,101.1333333,6,2015;2016;2017;2018;2019;2020
48480099999,12.6,102.1166667,6,2015;2016;2017;2018;2019;2020
48481099999,12.5,102.1666666,6,2015;2016;2017;2018;2019;2020
48500099999,11.788361,99.804667,6,2015;2016;2017;2018;2019;2020
48501099999,11.7666666,102.8833333,6,2015;2016;2017;2018;2019;2020
48517099999,10.7112,99.361706,6,2015;2016;2017;2018;2019;2020
48520099999,10.3333333,99.1,6,2015;2016;2017;2018;2019;2020
48532099999,9.777622,98.585483,6,2015;2016;2017;2018;2019;2020
48550099999,9.4666666,100.05,6,2015;2016;2017;2018;2019;2020
48551099999,9.132603,99.135586,6,2015;2016;2017;2018;2019;2020
48552099999,8.471147,99.955625,6,2015;2016;2017;2018;2019;2020
48554099999,8.3591667,100.0594444,6,2015;2016;2017;2018;2019;2020
48555099999,9.1,99.6333333,6,2015;2016;2017;2018;2019;2020
48556099999,8.5666666,99.25,6,2015;2016;2017;2018;2019;2020
48557099999,8.4333333,99.5166666,6,2015;2016;2017;2018;2019;2020
48557599999,8.539617,99.944725,6,2015;2016;2017;2018;2019;2020
48557699999,8.099117,98.986178,6,2015;2016;2017;2018;2019;2020
48557799999,9.547794,100.062272,6,2015;2016;2017;2018;2019;2020
48557899999,12.275269,102.319917,6,2015;2016;2017;2018;2019;2020
48560099999,7.5833333,100.1666666,6,2015;2016;2017;2018;2019;2020
48561099999,8.6833333,98.25,6,2015;2016;2017;2018;2019;2020
48563099999,8.1,98.9833333,6,2015;2016;2017;2018;2019;2020
48564099999,7.8833333,98.4,6,2015;2016;2017;2018;2019;2020
48565099999,8.1132,98.316872,6,2015;2016;2017;2018;2019;2020
48566099999,7.5333333,99.05,6,2015;2016;2017;2018;2019;2020
48567099999,7.508744,99.616578,6,2015;2016;2017;2018;2019;2020
48568099999,7.186564,100.608031,6,2015;2016;2017;2018;2019;2020
48569099999,6.933206,100.392975,6,2015;2016;2017;2018;2019;2020
48570099999,6.661403,100.080317,6,2015;2016;2017;2018;2019;2020
48571099999,7.0,100.5,6,2015;2016;2017;2018;2019;2020
48574099999,6.8,100.3833333,6,2015;2016;2017;2018;2019;2020
48580099999,6.785458,101.153569,6,2015;2016;2017;2018;2019;2020
48581099999,6.5166666,101.2833333,6,2015;2016;2017;2018;2019;2020
48583099999,6.519922,101.7434,6,2015;2016;2017;2018;2019;2020
48600099999,6.329728,99.728667,6,2015;2016;2017;2018;2019;2020
48600199999,21.702156,95.977928,6,2015;2016;2017;2018;2019;2020
48601099999,5.297139,100.276864,6,2015;2016;2017;2018;2019;2020
48602099999,5.465917,100.391167,6,2015;2016;2017;2018;2019;2020
48602199999,2.45,103.8333333,6,2015;2016;2017;2018;2019;2020
48602299999,6.194142,100.402608,6,2015;2016;2017;2018;2019;2020
48602399999,4.567972,101.092194,6,2015;2016;2017;2018;2019;2020
48603099999,6.2,100.4,6,2015;2016;2017;2018;2019;2020
48615099999,6.16685,102.293014,6,2015;2016;2017;2018;2019;2020
48618099999,5.382639,103.10336,6,2015;2016;2017;2018;2019;2020
48620099999,4.2166667,100.7,6,2015;2016;2017;2018;2019;2020
48625099999,4.5666666,101.1,6,2015;2016;2017;2018;2019;2020
48632099999,4.4666666,101.3666666,6,2015;2016;2017;2018;2019;2020
48647099999,3.130583,101.549333,6,2015;2016;2017;2018;2019;2020
48650099999,2.745578,101.709917,6,2015;2016;2017;2018;2019;2020
48657099999,3.775389,103.209056,6,2015;2016;2017;2018;2019;2020
48665099999,2.263361,102.251553,6,2015;2016;2017;2018;2019;2020
48672699999,4.537222,103.426756,6,2015;2016;2017;2018;2019;2020
48674099999,2.45,103.8333333,6,2015;2016;2017;2018;2019;2020
48679099999,1.641308,103.669619,6,2015;2016;2017;2018;2019;2020
48694099999,1.360417,103.90953,6,2015;2016;2017;2018;2019;2020
48698099999,1.350189,103.994433,6,2015;2016;2017;2018;2019;2020
48699099999,1.41695,103.867653,6,2015;2016;2017;2018;2019;2020
48802099999,22.35,103.8166667,6,2015;2016;2017;2018;2019;2020
48803099999,22.5,103.9666666,6,2015;2016;2017;2018;2019;2020
48806099999,21.3333333,103.9,6,2015;2016;2017;2018;2019;2020
48808099999,22.6666666,106.25,6,2015;2016;2017;2018;2019;2020
48810099999,22.15,105.8333333,6,2015;2016;2017;2018;2019;2020
48820099999,21.221192,105.807178,6,2015;2016;2017;2018;2019;2020
48823099999,20.4333333,106.15,6,2015;2016;2017;2018;2019;2020
48825099999,20.9666666,105.7666666,6,2015;2016;2017;2018;2019;2020
48825199999,20.8194007,106.724998,4,2017;2018;2019;2020
48826099999,20.8,106.6333333,6,2015;2016;2017;2018;2019;2020
48830099999,21.8333333,106.7666666,6,2015;2016;2017;2018;2019;2020
48831099999,21.6,105.8333333,6,2015;2016;2017;2018;2019;2020
48838099999,21.5166667,107.9666667,6,2015;2016;2017;2018;2019;2020
48839099999,20.1333333,107.7166666,6,2015;2016;2017;2018;2019;2020
48840099999,19.75,105.7833333,6,2015;2016;2017;2018;2019;2020
48845099999,18.736725,105.670881,6,2015;2016;2017;2018;2019;2020
48846099999,18.35,105.9,6,2015;2016;2017;2018;2019;2020
48848099999,17.4833333,106.6,6,2015;2016;2017;2018;2019;2020
48852099999,16.4015,107.702614,6,2015;2016;2017;2018;2019;2020
48855099999,16.043917,108.19937,6,2015;2016;2017;2018;2019;2020
48863099999,15.1333333,108.7833333,6,2015;2016;2017;2018;2019;2020
48866099999,14.004522,108.017158,6,2015;2016;2017;2018;2019;2020
48870099999,13.7666667,109.2166667,6,2015;2016;2017;2018;2019;2020
48875099999,12.6833333,108.0833333,6,2015;2016;2017;2018;2019;2020
48877099999,12.25,109.2,6,2015;2016;2017;2018;2019;2020
48887099999,10.9333333,108.1,6,2015;2016;2017;2018;2019;2020
48892099999,11.4166666,114.3333333,6,2015;2016;2017;2018;2019;2020
48894099999,10.65,106.7166666,6,2015;2016;2017;2018;2019;2020
48900099999,10.818797,106.651856,6,2015;2016;2017;2018;2019;2020
48907099999,10.0,105.0833333,6,2015;2016;2017;2018;2019;2020
48912599999,10.0833333,105.7166666,6,2015;2016;2017;2018;2019;2020
48914099999,9.1833333,105.15,6,2015;2016;2017;2018;2019;2020
48916099999,9.2833333,103.4666666,6,2015;2016;2017;2018;2019;2020
48917099999,10.2166666,103.9666666,6,2015;2016;2017;2018;2019;2020
48918099999,8.6833333,106.6,6,2015;2016;2017;2018;2019;2020
48919099999,8.0166666,110.6166666,6,2015;2016;2017;2018;2019;2020
48920099999,8.65,111.9166666,6,2015;2016;2017;2018;2019;2020
48921099999,21.6333333,101.8833333,6,2015;2016;2017;2018;2019;2020
48924099999,21.05,101.4666666,6,2015;2016;2017;2018;2019;2020
48925099999,20.6833333,102.0,6,2015;2016;2017;2018;2019;2020
48926099999,20.25,100.4333333,6,2015;2016;2017;2018;2019;2020
48927099999,20.4166666,104.2333333,6,2015;2016;2017;2018;2019;2020
48928099999,20.4166667,104.0666667,6,2015;2016;2017;2018;2019;2020
48930099999,19.897256,102.160844,6,2015;2016;2017;2018;2019;2020
48935099999,19.4666666,103.1333333,6,2015;2016;2017;2018;2019;2020
48938099999,19.2333333,101.7333333,6,2015;2016;2017;2018;2019;2020
48940099999,17.988322,102.563256,6,2015;2016;2017;2018;2019;2020
48941099999,18.4666666,102.4,6,2015;2016;2017;2018;2019;2020
48944099999,18.2833333,102.6333333,6,2015;2016;2017;2018;2019;2020
48945099999,18.4,103.6666666,6,2015;2016;2017;2018;2019;2020
48946099999,17.3833333,104.65,6,2015;2016;2017;2018;2019;2020
48947099999,16.556594,104.759531,6,2015;2016;2017;2018;2019;2020
48948099999,16.6666666,105.0,6,2015;2016;2017;2018;2019;2020
48952099999,15.6833333,106.4166667,6,2015;2016;2017;2018;2019;2020
48953099999,15.3333333,106.6833333,6,2015;2016;2017;2018;2019;2020
48955099999,15.1166666,105.7666667,4,2015;2016;2017;2019
48956099999,15.1833333,106.2,3,2016;2018;2020
48957099999,14.8,106.8333333,6,2015;2016;2017;2018;2019;2020
48962099999,13.1,103.2,6,2015;2016;2017;2018;2019;2020
48966099999,13.410666,103.81284,6,2015;2016;2017;2018;2019;2020
48968099999,12.55,103.85,1,2015
48972099999,13.5166666,105.9666666,6,2015;2016;2017;2018;2019;2020
48983099999,10.6333333,103.4833333,6,2015;2016;2017;2018;2019;2020
48985099999,10.6,104.1833333,6,2015;2016;2017;2018;2019;2020
48991099999,11.546556,104.844139,6,2015;2016;2017;2018;2019;2020
48995099999,12.0,105.45,6,2015;2016;2017;2018;2019;2020
48998099999,11.0833333,105.8,6,2015;2016;2017;2018;2019;2020
50136099999,52.9666666,122.5333333,6,2015;2016;2017;2018;2019;2020
50353099999,51.7333333,126.6333333,6,2015;2016;2017;2018;2019;2020
50434099999,50.45,121.7,6,2015;2016;2017;2018;2019;2020
50468099999,50.25,127.45,6,2015;2016;2017;2018;2019;2020
50527099999,49.25,119.7,6,2015;2016;2017;2018;2019;2020
50548099999,49.2,123.7166666,6,2015;2016;2017;2018;2019;2020
50557099999,49.1666666,125.2333333,6,2015;2016;2017;2018;2019;2020
50564099999,49.4333333,127.35,6,2015;2016;2017;2018;2019;2020
50603099999,48.6833333,116.8166666,6,2015;2016;2017;2018;2019;2020
50632099999,48.7666666,121.9166666,6,2015;2016;2017;2018;2019;2020
50658099999,48.05,125.8833333,6,2015;2016;2017;2018;2019;2020
50727099999,47.1666666,119.9333333,6,2015;2016;2017;2018;2019;2020
50745099999,47.239628,123.918131,6,2015;2016;2017;2018;2019;2020
50756099999,47.45,126.8666666,6,2015;2016;2017;2018;2019;2020
50774099999,47.7,128.8333333,6,2015;2016;2017;2018;2019;2020
50788099999,47.2333333,131.9833333,6,2015;2016;2017;2018;2019;2020
50844099999,46.4,123.45,6,2015;2016;2017;2018;2019;2020
50854099999,46.3833333,125.3166666,6,2015;2016;2017;2018;2019;2020
50888099999,46.3166666,132.1833333,6,2015;2016;2017;2018;2019;2020
50915099999,45.5166666,116.9666666,6,2015;2016;2017;2018;2019;2020
50949099999,45.0833333,124.8666666,6,2015;2016;2017;2018;2019;2020
50953099999,45.9333333,126.5666666,6,2015;2016;2017;2018;2019;2020
50963099999,45.9666666,128.7333333,6,2015;2016;2017;2018;2019;2020
50968099999,45.2166666,127.9666666,6,2015;2016;2017;2018;2019;2020
50978099999,45.3,130.9166666,6,2015;2016;2017;2018;2019;2020
50983099999,45.7666666,132.9666666,6,2015;2016;2017;2018;2019;2020
51053099999,48.05,86.35,6,2015;2016;2017;2018;2019;2020
51076099999,47.7333333,88.0833333,6,2015;2016;2017;2018;2019;2020
51087099999,46.9833333,89.5166666,6,2015;2016;2017;2018;2019;2020
51133099999,46.7333333,83.0,6,2015;2016;2017;2018;2019;2020
51156099999,46.8166666,85.75,6,2015;2016;2017;2018;2019;2020
51243099999,45.6,84.85,6,2015;2016;2017;2018;2019;2020
51288099999,45.3666666,90.5333333,6,2015;2016;2017;2018;2019;2020
51334099999,44.5666666,82.8166666,6,2015;2016;2017;2018;2019;2020
51379099999,44.0166666,89.5666666,6,2015;2016;2017;2018;2019;2020
51431099999,43.95,81.3333333,6,2015;2016;2017;2018;2019;2020
51463099999,43.7833333,87.6166666,6,2015;2016;2017;2018;2019;2020
51463599999,43.907106,87.474244,6,2015;2016;2017;2018;2019;2020
51467099999,42.6666666,86.3333333,6,2015;2016;2017;2018;2019;2020
51495099999,43.2166666,91.7333333,6,2015;2016;2017;2018;2019;2020
51542099999,43.0333333,84.15,6,2015;2016;2017;2018;2019;2020
51573099999,42.95,89.2333333,6,2015;2016;2017;2018;2019;2020
51644099999,41.7166666,82.95,6,2015;2016;2017;2018;2019;2020
51656099999,41.7333333,85.8166666,6,2015;2016;2017;2018;2019;2020
51709099999,39.542922,76.019956,6,2015;2016;2017;2018;2019;2020
51711099999,40.9333333,78.45,6,2015;2016;2017;2018;2019;2020
51716099999,39.8,78.5666666,6,2015;2016;2017;2018;2019;2020
51730099999,40.5,81.05,6,2015;2016;2017;2018;2019;2020
51747099999,39.0,83.6666666,6,2015;2016;2017;2018;2019;2020
51765099999,40.6333333,87.7,6,2015;2016;2017;2018;2019;2020
51777099999,39.0333333,88.1666666,6,2015;2016;2017;2018;2019;2020
51811099999,38.4333333,77.2666666,6,2015;2016;2017;2018;2019;2020
51818099999,37.6166666,78.2833333,6,2015;2016;2017;2018;2019;2020
51828099999,37.1333333,79.9333333,6,2015;2016;2017;2018;2019;2020
51886099999,38.25,90.85,6,2015;2016;2017;2018;2019;2020
52112099999,43.6,95.1333333,6,2015;2016;2017;2018;2019;2020
52203099999,42.8166667,93.5166667,6,2015;2016;2017;2018;2019;2020
52267099999,41.95,101.0666666,6,2015;2016;2017;2018;2019;2020
52318099999,41.067,95.417,1,2020
52323099999,41.8,97.0333333,6,2015;2016;2017;2018;2019;2020
52378099999,41.3666666,102.3666666,6,2015;2016;2017;2018;2019;2020
52418099999,40.15,94.6833333,6,2015;2016;2017;2018;2019;2020
52436099999,40.2666666,97.0333333,6,2015;2016;2017;2018;2019;2020
52495099999,40.75,104.5,6,2015;2016;2017;2018;2019;2020
52533099999,39.7666667,98.4833333,6,2015;2016;2017;2018;2019;2020
52533199999,36.515231,103.620078,6,2015;2016;2017;2018;2019;2020
52602099999,38.8333333,93.3833333,6,2015;2016;2017;2018;2019;2020
52652099999,39.0833333,100.2833333,6,2015;2016;2017;2018;2019;2020
52681099999,38.6333333,103.0833333,6,2015;2016;2017;2018;2019;2020
52713099999,37.85,95.3666666,6,2015;2016;2017;2018;2019;2020
52737099999,37.3666666,97.3666666,6,2015;2016;2017;2018;2019;2020
52754099999,37.3333333,100.1333333,6,2015;2016;2017;2018;2019;2020
52787099999,37.2,102.8666666,6,2015;2016;2017;2018;2019;2020
52798099999,37.067,104.467,1,2016
52818099999,36.4166666,94.9,6,2015;2016;2017;2018;2019;2020
52836099999,36.3,98.1,6,2015;2016;2017;2018;2019;2020
52866099999,36.6166667,101.7666667,6,2015;2016;2017;2018;2019;2020
52889099999,36.05,103.8833333,3,2015;2016;2017
52908099999,35.2166666,93.0833333,6,2015;2016;2017;2018;2019;2020
52955099999,35.5833333,100.75,6,2015;2016;2017;2018;2019;2020
52983099999,35.8666666,104.15,6,2015;2016;2017;2018;2019;2020
52996099999,35.3833333,105.0,6,2015;2016;2017;2018;2019;2020
53068099999,43.65,112.0,6,2015;2016;2017;2018;2019;2020
53083099999,44.6166666,114.15,6,2015;2016;2017;2018;2019;2020
53149099999,42.5333333,110.1333333,6,2015;2016;2017;2018;2019;2020
53192099999,44.0166666,115.0,6,2015;2016;2017;2018;2019;2020
53231099999,41.45,106.3833333,6,2015;2016;2017;2018;2019;2020
53276099999,42.4,112.9,6,2015;2016;2017;2018;2019;2020
53336099999,41.5666666,108.5166666,6,2015;2016;2017;2018;2019;2020
53352099999,41.7,110.4333333,6,2015;2016;2017;2018;2019;2020
53391099999,41.9,114.0,6,2015;2016;2017;2018;2019;2020
53446399999,40.559367,109.998447,2,2016;2019
53463099999,40.851422,111.824103,6,2015;2016;2017;2018;2019;2020
53480099999,41.0333333,113.0666666,6,2015;2016;2017;2018;2019;2020
53487099999,40.0833333,113.4166666,6,2015;2016;2017;2018;2019;2020
53502099999,39.7833333,105.75,6,2015;2016;2017;2018;2019;2020
53513099999,40.7666666,107.4,6,2015;2016;2017;2018;2019;2020
53529099999,39.1,107.9833333,6,2015;2016;2017;2018;2019;2020
53543099999,39.8333333,109.9833333,6,2015;2016;2017;2018;2019;2020
53564099999,39.3666666,111.2166666,6,2015;2016;2017;2018;2019;2020
53588099999,38.95,113.5166666,6,2015;2016;2017;2018;2019;2020
53593099999,39.8333333,114.5666666,6,2015;2016;2017;2018;2019;2020
53614099999,38.4833333,106.2166667,6,2015;2016;2017;2018;2019;2020
53646099999,38.2666666,109.7833333,6,2015;2016;2017;2018;2019;2020
53673099999,38.75,112.7,6,2015;2016;2017;2018;2019;2020
53698099999,38.0666666,114.35,6,2015;2016;2017;2018;2019;2020
53705099999,37.4833333,105.6833333,6,2015;2016;2017;2018;2019;2020
53723099999,37.8,107.3833333,6,2015;2016;2017;2018;2019;2020
53764099999,37.5,111.1,6,2015;2016;2017;2018;2019;2020
53772099999,37.746897,112.628428,6,2015;2016;2017;2018;2019;2020
53787099999,37.0666666,112.9833333,6,2015;2016;2017;2018;2019;2020
53798099999,37.1833333,114.3666666,6,2015;2016;2017;2018;2019;2020
53845099999,36.6,109.5,6,2015;2016;2017;2018;2019;2020
53863099999,37.0333333,111.9166666,6,2015;2016;2017;2018;2019;2020
53866099999,0.0,0.0,1,2020
53898099999,36.05,114.1333333,6,2015;2016;2017;2018;2019;2020
53915099999,35.55,106.6666666,6,2015;2016;2017;2018;2019;2020
53923099999,35.7333333,107.6333333,6,2015;2016;2017;2018;2019;2020
53959099999,35.1166666,111.0666666,6,2015;2016;2017;2018;2019;2020
53975099999,35.4833333,112.4,6,2015;2016;2017;2018;2019;2020
54012099999,44.5833333,117.6,6,2015;2016;2017;2018;2019;2020
54026099999,44.5666666,120.9,6,2015;2016;2017;2018;2019;2020
54027099999,43.9833333,119.4,6,2015;2016;2017;2018;2019;2020
54049099999,44.25,123.9666666,6,2015;2016;2017;2018;2019;2020
54094099999,44.5,129.6666666,6,2015;2016;2017;2018;2019;2020
54096099999,44.3833333,131.15,6,2015;2016;2017;2018;2019;2020
54102099999,43.95,116.1166666,6,2015;2016;2017;2018;2019;2020
54115099999,43.6333333,118.0333333,6,2015;2016;2017;2018;2019;2020
54135099999,43.6,122.2666666,6,2015;2016;2017;2018;2019;2020
54157099999,43.1833333,124.3333333,6,2015;2016;2017;2018;2019;2020
54161099999,43.996419,125.680786,6,2015;2016;2017;2018;2019;2020
54161199999,45.623403,126.250328,6,2015;2016;2017;2018;2019;2020
54186099999,43.3666666,128.2,6,2015;2016;2017;2018;2019;2020
54208099999,42.1833333,116.4666666,6,2015;2016;2017;2018;2019;2020
54218099999,42.3,118.8333333,6,2015;2016;2017;2018;2019;2020
54226099999,42.3333333,120.7,6,2015;2016;2017;2018;2019;2020
54236099999,42.4166666,122.5333333,6,2015;2016;2017;2018;2019;2020
54259099999,42.0666666,124.8666666,6,2015;2016;2017;2018;2019;2020
54273099999,42.9833333,126.75,6,2015;2016;2017;2018;2019;2020
54292099999,42.8833333,129.5,6,2015;2016;2017;2018;2019;2020
54308099999,41.2,116.6333333,6,2015;2016;2017;2018;2019;2020
54311099999,41.9333333,117.75,6,2015;2016;2017;2018;2019;2020
54324099999,41.55,120.45,6,2015;2016;2017;2018;2019;2020
54337099999,41.1333333,121.1166666,6,2015;2016;2017;2018;2019;2020
54338099999,0.0,0.0,1,2015
54342099999,41.7333333,123.5166666,6,2015;2016;2017;2018;2019;2020
54342499999,41.639842,123.483425,6,2015;2016;2017;2018;2019;2020
54346099999,41.3166666,123.7833333,6,2015;2016;2017;2018;2019;2020
54374099999,41.8,126.9166666,6,2015;2016;2017;2018;2019;2020
54377099999,41.15,126.2166666,6,2015;2016;2017;2018;2019;2020
54386099999,41.4166666,128.1833333,6,2015;2016;2017;2018;2019;2020
54401099999,40.7833333,114.8833333,6,2015;2016;2017;2018;2019;2020
54405099999,40.4166666,115.5,6,2015;2016;2017;2018;2019;2020
54423099999,40.9666666,117.9166666,6,2015;2016;2017;2018;2019;2020
54436099999,40.4,118.95,6,2015;2016;2017;2018;2019;2020
54471099999,40.6666666,122.2,6,2015;2016;2017;2018;2019;2020
54493099999,40.7166666,124.7833333,6,2015;2016;2017;2018;2019;2020
54497099999,40.05,124.3333333,6,2015;2016;2017;2018;2019;2020
54511099999,40.080111,116.584556,6,2015;2016;2017;2018;2019;2020
54527099999,39.1,117.1666666,6,2015;2016;2017;2018;2019;2020
54527399999,39.124353,117.346183,6,2015;2016;2017;2018;2019;2020
54534099999,39.65,118.1,6,2015;2016;2017;2018;2019;2020
54539099999,39.4333333,118.9,6,2015;2016;2017;2018;2019;2020
54577099999,39.267,122.083,1,2019
54602099999,38.7333333,115.4833333,6,2015;2016;2017;2018;2019;2020
54618099999,38.0833333,116.55,6,2015;2016;2017;2018;2019;2020
54662099999,38.965667,121.5386,6,2015;2016;2017;2018;2019;2020
54715099999,37.3333333,116.5666666,6,2015;2016;2017;2018;2019;2020
54725099999,37.5,117.5333333,6,2015;2016;2017;2018;2019;2020
54751099999,37.9333333,120.7166666,6,2015;2016;2017;2018;2019;2020
54753099999,37.6166666,120.3166666,6,2015;2016;2017;2018;2019;2020
54776099999,37.4,122.6833333,6,2015;2016;2017;2018;2019;2020
54808099999,36.2333333,115.6666666,6,2015;2016;2017;2018;2019;2020
54823099999,36.6833333,116.9833333,6,2015;2016;2017;2018;2019;2020
54826099999,36.25,117.1,6,2015;2016;2017;2018;2019;2020
54836099999,36.1833333,118.15,6,2015;2016;2017;2018;2019;2020
54843099999,36.7666666,119.1833333,6,2015;2016;2017;2018;2019;2020
54852599999,32.02,120.85,2,2016;2020
54857099999,36.266108,120.374436,6,2015;2016;2017;2018;2019;2020
54863099999,36.7666666,121.1666666,6,2015;2016;2017;2018;2019;2020
54909099999,35.0833333,115.5166666,6,2015;2016;2017;2018;2019;2020
54916099999,35.5666666,116.85,6,2015;2016;2017;2018;2019;2020
54929099999,35.25,117.95,6,2015;2016;2017;2018;2019;2020
54945099999,35.4333333,119.5333333,6,2015;2016;2017;2018;2019;2020
55228099999,32.5,80.0833333,6,2015;2016;2017;2018;2019;2020
55279099999,31.3666666,90.0166666,6,2015;2016;2017;2018;2019;2020
55299099999,31.4833333,92.0666666,6,2015;2016;2017;2018;2019;2020
55472099999,30.95,88.6333333,6,2015;2016;2017;2018;2019;2020
55578099999,29.25,88.8833333,6,2015;2016;2017;2018;2019;2020
55591099999,29.6666667,91.1333333,6,2015;2016;2017;2018;2019;2020
55664099999,28.6333333,87.0833333,6,2015;2016;2017;2018;2019;2020
55696099999,28.4166666,92.4666666,6,2015;2016;2017;2018;2019;2020
55773099999,27.7333333,89.0833333,6,2015;2016;2017;2018;2019;2020
56004099999,34.2166666,92.4333333,6,2015;2016;2017;2018;2019;2020
56018099999,32.9,95.3,6,2015;2016;2017;2018;2019;2020
56021099999,34.1333333,95.7833333,6,2015;2016;2017;2018;2019;2020
56029099999,33.0166666,96.95,6,2015;2016;2017;2018;2019;2020
56029599999,32.8166666,97.1333333,1,2015
56033099999,34.9166666,98.2166666,6,2015;2016;2017;2018;2019;2020
56046099999,33.75,99.65,6,2015;2016;2017;2018;2019;2020
56065099999,34.7333333,101.6,6,2015;2016;2017;2018;2019;2020
56079099999,33.5833333,102.9666666,6,2015;2016;2017;2018;2019;2020
56080099999,35.0,102.9,6,2015;2016;2017;2018;2019;2020
56096099999,33.4,104.9166666,6,2015;2016;2017;2018;2019;2020
56106099999,31.8833333,93.7833333,6,2015;2016;2017;2018;2019;2020
56116099999,31.4166666,95.6,6,2015;2016;2017;2018;2019;2020
56132099999,32.5,97.933,1,2017
56137099999,31.15,97.1666666,6,2015;2016;2017;2018;2019;2020
56144099999,31.7333333,98.5666666,6,2015;2016;2017;2018;2019;2020
56146099999,31.6166666,100.0,6,2015;2016;2017;2018;2019;2020
56152099999,32.2833333,100.3333333,6,2015;2016;2017;2018;2019;2020
56167099999,30.9833333,101.1166666,6,2015;2016;2017;2018;2019;2020
56172099999,31.9,102.2333333,6,2015;2016;2017;2018;2019;2020
56182099999,32.6666666,103.6,6,2015;2016;2017;2018;2019;2020
56187099999,30.75,103.8666666,6,2015;2016;2017;2018;2019;2020
56196099999,31.45,104.7333333,6,2015;2016;2017;2018;2019;2020
56247099999,30.0,99.1,6,2015;2016;2017;2018;2019;2020
56257099999,30.0,100.2666666,6,2015;2016;2017;2018;2019;2020
56287099999,29.9833333,103.0,6,2015;2016;2017;2018;2019;2020
56294099999,30.578528,103.947086,6,2015;2016;2017;2018;2019;2020
56312099999,29.5666666,94.4666666,6,2015;2016;2017;2018;2019;2020
56357099999,29.05,100.3,6,2015;2016;2017;2018;2019;2020
56374099999,30.05,101.9666666,6,2015;2016;2017;2018;2019;2020
56385099999,29.5166666,103.3333333,6,2015;2016;2017;2018;2019;2020
56444099999,28.45,98.8833333,6,2015;2016;2017;2018;2019;2020
56462099999,29.0,101.5,6,2015;2016;2017;2018;2019;2020
56462599999,29.1333333,100.4833333,4,2016;2018;2019;2020
56492099999,28.8,104.6,6,2015;2016;2017;2018;2019;2020
56571099999,27.9,102.2666666,6,2015;2016;2017;2018;2019;2020
56586099999,27.3333333,103.75,6,2015;2016;2017;2018;2019;2020
56651099999,26.8333333,100.2166667,6,2015;2016;2017;2018;2019;2020
56671099999,26.65,102.25,6,2015;2016;2017;2018;2019;2020
56684099999,26.4,103.25,6,2015;2016;2017;2018;2019;2020
56691099999,26.8666666,104.2833333,6,2015;2016;2017;2018;2019;2020
56739099999,24.9833333,98.5,6,2015;2016;2017;2018;2019;2020
56748099999,25.1166666,99.1833333,6,2015;2016;2017;2018;2019;2020
56751099999,25.7,100.1833333,6,2015;2016;2017;2018;2019;2020
56763099999,25.7333333,101.8666666,6,2015;2016;2017;2018;2019;2020
56768099999,25.0166666,101.5166666,6,2015;2016;2017;2018;2019;2020
56778099999,24.992364,102.743536,6,2015;2016;2017;2018;2019;2020
56786099999,25.5833333,103.8333333,6,2015;2016;2017;2018;2019;2020
56838099999,24.0,97.85,6,2015;2016;2017;2018;2019;2020
56886099999,24.5333333,103.7666666,6,2015;2016;2017;2018;2019;2020
56946099999,23.55,99.4,6,2015;2016;2017;2018;2019;2020
56951099999,23.95,100.2166666,6,2015;2016;2017;2018;2019;2020
56954099999,22.5666666,99.9333333,6,2015;2016;2017;2018;2019;2020
56959099999,22.0,100.7833333,6,2015;2016;2017;2018;2019;2020
56964099999,22.7666666,100.9833333,6,2015;2016;2017;2018;2019;2020
56966099999,23.6,101.9833333,6,2015;2016;2017;2018;2019;2020
56969099999,21.5,101.5833333,6,2015;2016;2017;2018;2019;2020
56977099999,22.6166666,101.8166666,6,2015;2016;2017;2018;2019;2020
56985099999,23.45,103.3333333,6,2015;2016;2017;2018;2019;2020
57014099999,34.57,105.87,6,2015;2016;2017;2018;2019;2020
57025099999,34.5166666,107.3833333,6,2015;2016;2017;2018;2019;2020
57036099999,34.447119,108.751592,6,2015;2016;2017;2018;2019;2020
57046099999,34.4833333,110.0833333,6,2015;2016;2017;2018;2019;2020
57067099999,34.0833333,111.0666666,6,2015;2016;2017;2018;2019;2020
57071099999,34.8166666,112.4333333,6,2015;2016;2017;2018;2019;2020
57083099999,34.519672,113.840889,6,2015;2016;2017;2018;2019;2020
57127099999,33.0666666,107.0333333,6,2015;2016;2017;2018;2019;2020
57131099999,34.4333333,108.9666666,6,2015;2016;2017;2018;2019;2020
57178099999,33.1,112.4833333,6,2015;2016;2017;2018;2019;2020
57193099999,33.7833333,114.5166666,6,2015;2016;2017;2018;2019;2020
57237099999,32.0666666,108.0333333,6,2015;2016;2017;2018;2019;2020
57245099999,32.7166666,109.0333333,6,2015;2016;2017;2018;2019;2020
57259099999,32.0333333,110.7666666,6,2015;2016;2017;2018;2019;2020
57265099999,32.4333333,111.7333333,6,2015;2016;2017;2018;2019;2020
57279099999,32.15,112.6666666,6,2015;2016;2017;2018;2019;2020
57290099999,32.9333333,113.9166666,6,2015;2016;2017;2018;2019;2020
57297099999,32.1333333,114.05,6,2015;2016;2017;2018;2019;2020
57306099999,31.5833333,105.9666666,6,2015;2016;2017;2018;2019;2020
57327099999,0.0,0.0,2,2016;2017
57328099999,31.2,107.5,6,2015;2016;2017;2018;2019;2020
57348099999,31.0166666,109.5333333,6,2015;2016;2017;2018;2019;2020
57378099999,31.1666666,112.6333333,6,2015;2016;2017;2018;2019;2020
57399099999,31.1333333,114.95,6,2015;2016;2017;2018;2019;2020
57411099999,30.75,106.1333333,6,2015;2016;2017;2018;2019;2020
57426099999,30.6833333,107.8,6,2015;2016;2017;2018;2019;2020
57447099999,30.2833333,109.4666666,6,2015;2016;2017;2018;2019;2020
57461099999,30.7333333,111.3666666,6,2015;2016;2017;2018;2019;2020
57476099999,30.3333333,112.1833333,6,2015;2016;2017;2018;2019;2020
57494099999,30.783758,114.2081,6,2015;2016;2017;2018;2019;2020
57494199999,18.302892,109.412269,6,2015;2016;2017;2018;2019;2020
57503099999,29.6166666,105.1166666,6,2015;2016;2017;2018;2019;2020
57516099999,29.719217,106.641678,6,2015;2016;2017;2018;2019;2020
57554099999,29.4,110.1666666,6,2015;2016;2017;2018;2019;2020
57584099999,29.3833333,113.0833333,6,2015;2016;2017;2018;2019;2020
57598099999,29.0333333,114.5833333,6,2015;2016;2017;2018;2019;2020
57604099999,28.7833333,105.3833333,6,2015;2016;2017;2018;2019;2020
57633099999,28.8333333,108.7666666,6,2015;2016;2017;2018;2019;2020
57655099999,28.4666666,110.4,6,2015;2016;2017;2018;2019;2020
57662099999,29.05,111.6833333,6,2015;2016;2017;2018;2019;2020
57687099999,28.1166666,112.7833333,6,2015;2016;2017;2018;2019;2020
57707099999,27.3,105.2333333,6,2015;2016;2017;2018;2019;2020
57712099999,27.7333333,106.95,6,2015;2016;2017;2018;2019;2020
57731099999,27.95,108.25,6,2015;2016;2017;2018;2019;2020
57745099999,27.45,109.6833333,6,2015;2016;2017;2018;2019;2020
57766099999,27.1833333,111.45,6,2015;2016;2017;2018;2019;2020
57776099999,27.3,112.7,6,2015;2016;2017;2018;2019;2020
57793099999,27.8,114.3833333,6,2015;2016;2017;2018;2019;2020
57799099999,27.1166666,114.9666666,6,2015;2016;2017;2018;2019;2020
57816099999,26.538522,106.800703,6,2015;2016;2017;2018;2019;2020
57832099999,26.9666666,108.6666666,6,2015;2016;2017;2018;2019;2020
57845099999,26.1666666,109.7833333,6,2015;2016;2017;2018;2019;2020
57853099999,26.7333333,110.6333333,6,2015;2016;2017;2018;2019;2020
57866099999,26.2333333,111.6166666,6,2015;2016;2017;2018;2019;2020
57902099999,25.4333333,105.1833333,6,2015;2016;2017;2018;2019;2020
57916099999,25.4333333,106.7666666,6,2015;2016;2017;2018;2019;2020
57922099999,25.8333333,107.55,6,2015;2016;2017;2018;2019;2020
57932099999,25.9666666,108.5333333,6,2015;2016;2017;2018;2019;2020
57957099999,25.218106,110.039197,6,2015;2016;2017;2018;2019;2020
57972099999,25.7333333,112.9666666,6,2015;2016;2017;2018;2019;2020
57993099999,25.85,114.95,6,2015;2016;2017;2018;2019;2020
57993199999,36.856561,117.215994,6,2015;2016;2017;2018;2019;2020
58027099999,34.2833333,117.15,6,2015;2016;2017;2018;2019;2020
58028099999,34.059375,117.556442,1,2020
58040099999,34.85,119.1333333,6,2015;2016;2017;2018;2019;2020
58102099999,33.7833333,115.7333333,6,2015;2016;2017;2018;2019;2020
58141099999,33.6333333,118.9333333,6,2015;2016;2017;2018;2019;2020
58150099999,33.75,120.3,6,2015;2016;2017;2018;2019;2020
58203099999,32.8666666,115.7333333,6,2015;2016;2017;2018;2019;2020
58208099999,32.1666666,115.6166666,6,2015;2016;2017;2018;2019;2020
58221099999,32.85,117.3,6,2015;2016;2017;2018;2019;2020
58238099999,31.742042,118.862025,6,2015;2016;2017;2018;2019;2020
58239099999,29.824944,121.465069,6,2015;2016;2017;2018;2019;2020
58251099999,32.85,120.2833333,6,2015;2016;2017;2018;2019;2020
58265099999,32.0666666,121.6,6,2015;2016;2017;2018;2019;2020
58314099999,31.4,116.3333333,6,2015;2016;2017;2018;2019;2020
58321099999,31.780019,117.298436,6,2015;2016;2017;2018;2019;2020
58321199999,31.143378,121.805214,6,2015;2016;2017;2018;2019;2020
58321299999,24.796389,118.589722,2,2015;2019
58338099999,31.15,118.5833333,6,2015;2016;2017;2018;2019;2020
58345099999,31.4333333,119.4833333,6,2015;2016;2017;2018;2019;2020
58362099999,31.4,121.4666666,6,2015;2016;2017;2018;2019;2020
58367099999,31.197875,121.336319,6,2015;2016;2017;2018;2019;2020
58424099999,30.6166666,116.9666666,6,2015;2016;2017;2018;2019;2020
58437099999,30.1333333,118.15,6,2015;2016;2017;2018;2019;2020
58457099999,30.228333,120.431667,6,2015;2016;2017;2018;2019;2020
58472099999,30.7333333,122.45,6,2015;2016;2017;2018;2019;2020
58477099999,30.0333333,122.1166666,6,2015;2016;2017;2018;2019;2020
58506099999,29.5833333,115.9833333,6,2015;2016;2017;2018;2019;2020
58527099999,29.3,117.2,6,2015;2016;2017;2018;2019;2020
58543099999,29.6166666,119.0166666,6,2015;2016;2017;2018;2019;2020
58556099999,29.6,120.8166666,6,2015;2016;2017;2018;2019;2020
58569099999,29.2,121.95,6,2015;2016;2017;2018;2019;2020
58606099999,28.865,115.9,6,2015;2016;2017;2018;2019;2020
58633099999,28.9666666,118.8666666,6,2015;2016;2017;2018;2019;2020
58646099999,28.45,119.9166666,6,2015;2016;2017;2018;2019;2020
58659099999,28.0166666,120.6666666,3,2015;2018;2020
58666099999,28.45,121.8833333,6,2015;2016;2017;2018;2019;2020
58715099999,27.5833333,116.65,6,2015;2016;2017;2018;2019;2020
58725099999,27.3333333,117.4666666,6,2015;2016;2017;2018;2019;2020
58730099999,27.7666666,118.0333333,6,2015;2016;2017;2018;2019;2020
58731099999,27.9166666,118.5333333,6,2015;2016;2017;2018;2019;2020
58752099999,27.7833333,120.65,6,2015;2016;2017;2018;2019;2020
58754099999,27.3333333,120.2,6,2015;2016;2017;2018;2019;2020
58813099999,26.85,116.3333333,6,2015;2016;2017;2018;2019;2020
58834099999,26.6333333,118.15,6,2015;2016;2017;2018;2019;2020
58847099999,26.0833333,119.2833333,6,2015;2016;2017;2018;2019;2020
58911099999,25.85,116.3666666,6,2015;2016;2017;2018;2019;2020
58921099999,25.9666666,117.35,6,2015;2016;2017;2018;2019;2020
58926099999,25.3,117.4,6,2015;2016;2017;2018;2019;2020
58931099999,25.7166666,118.1,6,2015;2016;2017;2018;2019;2020
58944099999,25.5166666,119.7833333,6,2015;2016;2017;2018;2019;2020
58968099999,25.0333333,121.5166666,6,2015;2016;2017;2018;2019;2020
58974099999,25.6333333,122.0666666,6,2015;2016;2017;2018;2019;2020
59007099999,24.0666666,105.0666666,6,2015;2016;2017;2018;2019;2020
59023099999,24.7,108.05,6,2015;2016;2017;2018;2019;2020
59046099999,24.35,109.4,6,2015;2016;2017;2018;2019;2020
59058099999,24.2,110.5166666,6,2015;2016;2017;2018;2019;2020
59072099999,24.8,112.3666666,6,2015;2016;2017;2018;2019;2020
59082099999,24.6666666,113.6,6,2015;2016;2017;2018;2019;2020
59087099999,23.8833333,113.5166666,6,2015;2016;2017;2018;2019;2020
59096099999,24.3666666,114.4833333,6,2015;2016;2017;2018;2019;2020
59102099999,24.95,115.65,6,2015;2016;2017;2018;2019;2020
59117099999,24.2833333,116.0666666,6,2015;2016;2017;2018;2019;2020
59134099999,24.544036,118.127739,6,2015;2016;2017;2018;2019;2020
59158099999,24.15,120.6833333,6,2015;2016;2017;2018;2019;2020
59162599999,33.4166666,120.2,3,2015;2016;2020
59209099999,23.3,105.95,6,2015;2016;2017;2018;2019;2020
59211099999,23.9,106.6,6,2015;2016;2017;2018;2019;2020
59254099999,23.4,110.0833333,6,2015;2016;2017;2018;2019;2020
59265099999,23.4833333,111.3,6,2015;2016;2017;2018;2019;2020
59278099999,23.05,112.4666666,6,2015;2016;2017;2018;2019;2020
59287099999,23.392436,113.298786,6,2015;2016;2017;2018;2019;2020
59287199999,28.189158,113.219633,6,2015;2016;2017;2018;2019;2020
59293099999,23.8,114.7333333,6,2015;2016;2017;2018;2019;2020
59316099999,23.4,116.6833333,6,2015;2016;2017;2018;2019;2020
59358099999,23.0,120.2166666,6,2015;2016;2017;2018;2019;2020
59417099999,22.3666666,106.75,6,2015;2016;2017;2018;2019;2020
59431099999,22.608267,108.172442,6,2015;2016;2017;2018;2019;2020
59456099999,22.35,110.9333333,6,2015;2016;2017;2018;2019;2020
59493099999,22.639258,113.810664,6,2015;2016;2017;2018;2019;2020
59501099999,22.7833333,115.3666666,6,2015;2016;2017;2018;2019;2020
59559099999,22.0,120.75,6,2015;2016;2017;2018;2019;2020
59562099999,22.75,121.15,6,2015;2016;2017;2018;2019;2020
59567099999,22.0333333,121.55,6,2015;2016;2017;2018;2019;2020
59632099999,21.95,108.6166666,6,2015;2016;2017;2018;2019;2020
59644099999,21.4833333,109.1,6,2015;2016;2017;2018;2019;2020
59644199999,21.539444,109.293889,2,2017;2018
59658099999,21.2166667,110.4,6,2015;2016;2017;2018;2019;2020
59663099999,21.8666666,111.9666666,6,2015;2016;2017;2018;2019;2020
59673099999,21.7333333,112.7666666,6,2015;2016;2017;2018;2019;2020
59758099999,20.0,110.25,6,2015;2016;2017;2018;2019;2020
59792099999,20.6666666,116.7166666,6,2015;2016;2017;2018;2019;2020
59838099999,19.1,108.6166666,6,2015;2016;2017;2018;2019;2020
59845099999,19.5166666,109.5833333,6,2015;2016;2017;2018;2019;2020
59855099999,19.2333333,110.4666666,6,2015;2016;2017;2018;2019;2020
59948099999,18.2166666,109.5833333,6,2015;2016;2017;2018;2019;2020
59981099999,16.8333333,112.3333333,6,2015;2016;2017;2018;2019;2020
59985099999,16.5333333,111.6166666,6,2015;2016;2017;2018;2019;2020
59997099999,10.3833333,114.3666666,6,2015;2016;2017;2018;2019;2020
60001099999,27.814847,-17.887056,6,2015;2016;2017;2018;2019;2020
60005099999,28.626478,-17.755611,6,2015;2016;2017;2018;2019;2020
60007099999,28.0333333,-17.2166666,6,2015;2016;2017;2018;2019;2020
60010099999,28.3166666,-16.5,6,2015;2016;2017;2018;2019;2020
60015099999,28.482653,-16.341536,6,2015;2016;2017;2018;2019;2020
60018099999,28.3166666,-16.3833333,4,2017;2018;2019;2020
60020099999,28.45,-16.25,6,2015;2016;2017;2018;2019;2020
60025099999,28.044475,-16.572489,6,2015;2016;2017;2018;2019;2020
60030099999,27.931886,-15.386586,6,2015;2016;2017;2018;2019;2020
60033099999,27.151667,-13.219167,6,2015;2016;2017;2018;2019;2020
60034099999,23.718294,-15.931994,6,2015;2016;2017;2018;2019;2020
60035099999,28.452717,-13.863761,6,2015;2016;2017;2018;2019;2020
60040099999,28.945464,-13.605225,6,2015;2016;2017;2018;2019;2020
60060099999,29.368983,-10.180267,6,2015;2016;2017;2018;2019;2020
60096099999,23.7,-15.8666667,4,2017;2018;2019;2020
60100099999,35.7833333,-5.8,3,2018;2019;2020
60101099999,35.726917,-5.916889,6,2015;2016;2017;2018;2019;2020
60105099999,35.15,-6.1,6,2015;2016;2017;2018;2019;2020
60106099999,35.1666666,-5.3,6,2015;2016;2017;2018;2019;2020
60107099999,35.177103,-3.839525,6,2015;2016;2017;2018;2019;2020
60115099999,34.78715,-1.923986,6,2015;2016;2017;2018;2019;2020
60120099999,34.3,-6.6,4,2016;2018;2019;2020
60127099999,34.2166667,-4.0,6,2015;2016;2017;2018;2019;2020
60135099999,34.051467,-6.751519,6,2015;2016;2017;2018;2019;2020
60136099999,34.2333333,-6.05,3,2018;2019;2020
60141099999,33.927261,-4.977958,6,2015;2016;2017;2018;2019;2020
60146099999,33.7166666,-7.4,3,2018;2019;2020
60146599999,33.6,-7.4666666,3,2015;2016;2017
60150099999,33.879067,-5.515125,6,2015;2016;2017;2018;2019;2020
60155099999,33.556981,-7.660492,6,2015;2016;2017;2018;2019;2020
60156099999,33.367467,-7.589967,6,2015;2016;2017;2018;2019;2020
60160099999,33.505319,-5.152903,2,2016;2018
60165099999,33.2333333,-8.5166666,1,2018
60177099999,32.95,-7.6166666,3,2018;2019;2020
60178099999,32.8666666,-6.9666666,3,2018;2019;2020
60185099999,32.2833333,-9.2333333,6,2015;2016;2017;2018;2019;2020
60190099999,32.5333333,-6.2833333,3,2015;2016;2018
60191099999,32.3666666,-6.4,6,2015;2016;2017;2018;2019;2020
60195099999,32.6833333,-4.7333333,6,2015;2016;2017;2018;2019;2020
60200099999,32.5666666,-1.95,1,2018
60210099999,31.9475,-4.398333,6,2015;2016;2017;2018;2019;2020
60220099999,31.399181,-9.682992,6,2015;2016;2017;2018;2019;2020
60230099999,31.606886,-8.0363,6,2015;2016;2017;2018;2019;2020
60250099999,30.381353,-9.546311,3,2018;2019;2020
60252099999,30.324997,-9.413067,6,2015;2016;2017;2018;2019;2020
60253099999,30.5,-8.8166666,3,2018;2019;2020
60265099999,30.939053,-6.909431,6,2015;2016;2017;2018;2019;2020
60270099999,29.6833333,-9.7333333,3,2018;2019;2020
60280099999,29.0166666,-10.0666666,6,2015;2016;2017;2018;2019;2020
60285099999,28.448194,-11.161347,6,2015;2016;2017;2018;2019;2020
60318099999,35.594333,-5.320019,6,2015;2016;2017;2018;2019;2020
60320099999,35.9166666,-5.35,6,2015;2016;2017;2018;2019;2020
60335099999,26.7333333,-11.6833333,1,2016
60338099999,35.279817,-2.956256,6,2015;2016;2017;2018;2019;2020
60340099999,34.9833333,-3.0166666,6,2015;2016;2017;2018;2019;2020
60351099999,36.795136,5.873608,6,2015;2016;2017;2018;2019;2020
60353099999,36.8166666,5.8833333,5,2015;2016;2017;2018;2019
60355099999,36.9333333,6.95,6,2015;2016;2017;2018;2019;2020
60360099999,36.822225,7.809167,6,2015;2016;2017;2018;2019;2020
60369099999,36.7666666,3.1,6,2015;2016;2017;2018;2019;2020
60371099999,36.7833333,3.0333333,2,2019;2020
60372099999,36.7833333,3.0,2,2019;2020
60373099999,36.7,2.8833333,2,2019;2020
60374099999,36.7833333,2.8833333,2,2019;2020
60376099999,36.7833333,3.25,3,2015;2019;2020
60379099999,36.7666666,3.3333333,2,2019;2020
60380099999,36.6166666,2.9166666,3,2015;2019;2020
60381099999,36.7166666,3.15,2,2019;2020
60387099999,36.9166666,3.95,5,2016;2017;2018;2019;2020
60390099999,36.691014,3.215408,6,2015;2016;2017;2018;2019;2020
60393099999,36.7,3.2,1,2020
60394099999,36.6833333,3.1,2,2019;2020
60395099999,36.7,4.1333333,6,2015;2016;2017;2018;2019;2020
60402099999,36.711997,5.069922,6,2015;2016;2017;2018;2019;2020
60403099999,36.4666666,7.4666666,6,2015;2016;2017;2018;2019;2020
60405099999,36.5,7.7166666,5,2016;2017;2018;2019;2020
60410099999,36.5,1.3333333,5,2016;2017;2018;2019;2020
60415099999,36.2833333,3.6666666,5,2016;2017;2018;2019;2020
60417099999,36.3833333,3.8833333,5,2016;2017;2018;2019;2020
60419099999,36.276028,6.620386,6,2015;2016;2017;2018;2019;2020
60421099999,35.8666666,7.1166666,6,2015;2016;2017;2018;2019;2020
60423099999,36.25,7.95,6,2015;2016;2017;2018;2019;2020
60425099999,36.212658,1.331775,6,2015;2016;2017;2018;2019;2020
60430099999,36.3,2.2333333,6,2015;2016;2017;2018;2019;2020
60437099999,36.2833333,2.7333333,6,2015;2016;2017;2018;2019;2020
60444099999,36.0666666,4.6666666,6,2015;2016;2017;2018;2019;2020
60445099999,36.178128,5.324494,6,2015;2016;2017;2018;2019;2020
60452099999,35.8166666,-0.2666666,6,2015;2016;2017;2018;2019;2020
60457099999,35.8833333,0.1166666,6,2015;2016;2017;2018;2019;2020
60459199999,32.917,3.3,6,2015;2016;2017;2018;2019;2020
60459299999,35.533,-0.533,6,2015;2016;2017;2018;2019;2020
60461099999,35.7,-0.65,6,2015;2016;2017;2018;2019;2020
60465399999,35.525414,2.878714,1,2016
60467099999,35.6666666,4.5,6,2015;2016;2017;2018;2019;2020
60468099999,35.7521056,6.3085889,6,2015;2016;2017;2018;2019;2020
60471099999,35.3333333,5.3333333,1,2018
60475099999,35.431611,8.120717,6,2015;2016;2017;2018;2019;2020
60476099999,35.4666666,7.0833333,5,2016;2017;2018;2019;2020
60490099999,35.623858,-0.621183,6,2015;2016;2017;2018;2019;2020
60492099999,35.75,0.6166666,6,2015;2016;2017;2018;2019;2020
60507099999,35.207725,0.147142,6,2015;2016;2017;2018;2019;2020
60511099999,35.341136,1.463147,6,2015;2016;2017;2018;2019;2020
60514099999,35.1666666,2.3166666,6,2015;2016;2017;2018;2019;2020
60515099999,35.3325,4.206389,6,2015;2016;2017;2018;2019;2020
60517099999,35.1,-1.8666666,6,2015;2016;2017;2018;2019;2020
60518099999,35.3,-1.35,6,2015;2016;2017;2018;2019;2020
60520099999,35.2,-0.6166666,6,2015;2016;2017;2018;2019;2020
60522099999,34.82,-1.77,6,2015;2016;2017;2018;2019;2020
60525099999,34.793289,5.738231,6,2015;2016;2017;2018;2019;2020
60531099999,35.016667,-1.45,6,2015;2016;2017;2018;2019;2020
60535099999,34.6833333,3.25,6,2015;2016;2017;2018;2019;2020
60536099999,34.8666666,0.15,6,2015;2016;2017;2018;2019;2020
60540099999,34.15,0.0666666,6,2015;2016;2017;2018;2019;2020
60545099999,33.764025,2.927297,6,2015;2016;2017;2018;2019;2020
60549099999,33.535853,-0.242353,6,2015;2016;2017;2018;2019;2020
60550099999,33.7166667,1.0833333,6,2015;2016;2017;2018;2019;2020
60555099999,33.067803,6.088672,6,2015;2016;2017;2018;2019;2020
60557099999,33.2666666,-0.3,6,2015;2016;2017;2018;2019;2020
60559099999,33.511397,6.776794,6,2015;2016;2017;2018;2019;2020
60560099999,32.7666666,-0.6,6,2015;2016;2017;2018;2019;2020
60566099999,32.384106,3.794114,6,2015;2016;2017;2018;2019;2020
60571099999,31.645744,-2.269861,6,2015;2016;2017;2018;2019;2020
60580099999,31.917223,5.412778,6,2015;2016;2017;2018;2019;2020
60581099999,31.672972,6.140444,6,2015;2016;2017;2018;2019;2020
60590099999,30.571294,2.859586,6,2015;2016;2017;2018;2019;2020
60601099999,29.2333333,6.4833333,1,2015
60602099999,30.1333333,-2.1666666,6,2015;2016;2017;2018;2019;2020
60603099999,29.7166666,6.7,6,2015;2016;2017;2018;2019;2020
60607099999,29.237119,0.276033,6,2015;2016;2017;2018;2019;2020
60611099999,28.05155,9.642911,6,2015;2016;2017;2018;2019;2020
60612099999,22.05,8.5833333,6,2015;2016;2017;2018;2019;2020
60613099999,28.7,8.9333333,1,2019
60617099999,27.3166666,3.7166666,1,2018
60619099999,28.4666667,2.5166666,6,2015;2016;2017;2018;2019;2020
60620099999,27.837589,-0.186414,6,2015;2016;2017;2018;2019;2020
60620199999,21.333,0.95,6,2015;2016;2017;2018;2019;2020
60630599999,27.25,2.5,6,2015;2016;2017;2018;2019;2020
60633099999,23.2166666,2.5833333,2,2015;2018
60638099999,28.447028,7.552411,6,2015;2016;2017;2018;2019;2020
60640099999,26.723536,8.622653,6,2015;2016;2017;2018;2019;2020
60645099999,26.7166666,0.2833333,6,2015;2016;2017;2018;2019;2020
60650099999,26.4166666,5.3666666,3,2018;2019;2020
60656099999,27.700372,-8.167103,6,2015;2016;2017;2018;2019;2020
60660099999,25.2666666,3.7333333,6,2015;2016;2017;2018;2019;2020
60661099999,25.2166666,5.1166666,3,2018;2019;2020
60662099999,25.8166666,8.1833333,6,2015;2016;2017;2018;2019;2020
60663099999,24.7166666,4.65,5,2015;2016;2018;2019;2020
60667099999,24.6,10.2166666,5,2015;2016;2017;2018;2019
60670099999,24.292767,9.452444,6,2015;2016;2017;2018;2019;2020
60672099999,24.2166666,5.5333333,6,2015;2016;2017;2018;2019;2020
60675099999,23.4,1.0,1,2020
60676099999,23.4833333,11.2333333,2,2018;2019
60677099999,25.3333333,7.8,6,2015;2016;2017;2018;2019;2020
60679099999,23.2666666,5.6333333,6,2015;2016;2017;2018;2019;2020
60680599999,22.8,5.45,6,2015;2016;2017;2018;2019;2020
60682099999,23.1833333,6.7666666,5,2015;2016;2017;2019;2020
60685099999,22.3166666,1.1166666,1,2020
60690099999,19.5666666,5.7666666,4,2015;2018;2019;2020
60691099999,19.4333333,4.65,6,2015;2016;2017;2018;2019;2020
60692099999,19.57,5.75,6,2015;2016;2017;2018;2019;2020
60693099999,20.5666666,6.1166666,1,2020
60694099999,20.9666666,7.45,1,2020
60695099999,19.9666666,2.9833333,2,2018;2020
60710099999,36.98,8.876944,6,2015;2016;2017;2018;2019;2020
60714099999,37.245447,9.791453,6,2015;2016;2017;2018;2019;2020
60715099999,36.851033,10.227217,6,2015;2016;2017;2018;2019;2020
60720099999,36.85,11.0833333,6,2015;2016;2017;2018;2019;2020
60723099999,36.7333333,9.1833333,6,2015;2016;2017;2018;2019;2020
60725099999,36.4833333,8.8,6,2015;2016;2017;2018;2019;2020
60728099999,36.4666666,10.7,6,2015;2016;2017;2018;2019;2020
60729099999,36.4333333,10.0833333,6,2015;2016;2017;2018;2019;2020
60731099999,36.0833333,10.4333333,6,2015;2016;2017;2018;2019;2020
60732099999,36.1333333,8.7,6,2015;2016;2017;2018;2019;2020
60734099999,36.0666666,9.3666666,6,2015;2016;2017;2018;2019;2020
60735099999,35.6666667,10.1,6,2015;2016;2017;2018;2019;2020
60738099999,35.55,8.6833333,6,2015;2016;2017;2018;2019;2020
60739099999,35.1666666,8.8333333,6,2015;2016;2017;2018;2019;2020
60740099999,35.6666666,10.75,6,2015;2016;2017;2018;2019;2020
60740399999,35.758056,10.754722,6,2015;2016;2017;2018;2019;2020
60742099999,35.5,11.0666666,6,2015;2016;2017;2018;2019;2020
60745099999,34.422022,8.822503,6,2015;2016;2017;2018;2019;2020
60748099999,35.0,9.4833333,6,2015;2016;2017;2018;2019;2020
60750099999,34.717953,10.690972,6,2015;2016;2017;2018;2019;2020
60760099999,33.939722,8.110556,6,2015;2016;2017;2018;2019;2020
60764099999,33.7,8.9666666,6,2015;2016;2017;2018;2019;2020
60765099999,33.876919,10.103333,6,2015;2016;2017;2018;2019;2020
60767099999,33.7333333,9.9166666,6,2015;2016;2017;2018;2019;2020
60769099999,33.875031,10.775461,6,2015;2016;2017;2018;2019;2020
60770099999,33.35,10.4833333,6,2015;2016;2017;2018;2019;2020
60772099999,32.9166666,10.45,6,2015;2016;2017;2018;2019;2020
60775099999,32.306156,10.382108,6,2015;2016;2017;2018;2019;2020
60780099999,31.704281,9.254619,6,2015;2016;2017;2018;2019;2020
60795099999,25.9,13.85,1,2018
61017099999,18.6833333,12.9166666,6,2015;2016;2017;2018;2019;2020
61024099999,16.9666666,7.9666666,6,2015;2016;2017;2018;2019;2020
61033099999,15.1333333,10.7166666,1,2017
61036099999,14.2,1.45,6,2015;2016;2017;2018;2019;2020
61043099999,14.875658,5.265358,6,2015;2016;2017;2018;2019;2020
61045099999,13.9833333,10.3,6,2015;2016;2017;2018;2019;2020
61049099999,14.25,13.1166666,6,2015;2016;2017;2018;2019;2020
61052099999,13.481547,2.183614,6,2015;2016;2017;2018;2019;2020
61053099999,13.0333333,3.3,6,2015;2016;2017;2018;2019;2020
61075099999,13.8,5.25,6,2015;2016;2017;2018;2019;2020
61080099999,13.502531,7.126753,6,2015;2016;2017;2018;2019;2020
61085099999,13.372894,12.626686,6,2015;2016;2017;2018;2019;2020
61090099999,13.778997,8.983761,6,2015;2016;2017;2018;2019;2020
61091099999,12.9833333,8.9333333,6,2015;2016;2017;2018;2019;2020
61096099999,13.2333333,11.9833333,6,2015;2016;2017;2018;2019;2020
61099099999,11.8833333,3.45,6,2015;2016;2017;2018;2019;2020
61202099999,20.242983,0.977308,4,2015;2016;2017;2019
61203099999,15.13,-10.57,2,2016;2020
61214099999,18.4333333,1.35,5,2015;2016;2017;2018;2019
61223099999,16.730458,-3.007583,4,2016;2017;2018;2019
61226099999,16.248433,-0.005456,5,2015;2016;2017;2018;2019
61230099999,15.2333333,-9.35,6,2015;2016;2017;2018;2019;2020
61233099999,15.1666667,-7.2833333,6,2015;2016;2017;2018;2019;2020
61235099999,15.1166666,-10.5666666,6,2015;2016;2017;2018;2019;2020
61250099999,15.8666667,2.2166667,1,2017
61257099999,14.48167,-11.4397,6,2015;2016;2017;2018;2019;2020
61265099999,14.512803,-4.079561,6,2015;2016;2017;2018;2019;2020
61270099999,13.0666667,-9.4666667,6,2015;2016;2017;2018;2019;2020
61272099999,13.4,-6.15,6,2015;2016;2017;2018;2019;2020
61277099999,13.3333333,-4.8333333,6,2015;2016;2017;2018;2019;2020
61285099999,12.85,-11.2333333,6,2015;2016;2017;2018;2019;2020
61291099999,12.533544,-7.949944,6,2015;2016;2017;2018;2019;2020
61293099999,12.3833333,-5.4666667,6,2015;2016;2017;2018;2019;2020
61296099999,11.4166667,-7.5,6,2015;2016;2017;2018;2019;2020
61297099999,11.35,-5.6833333,6,2015;2016;2017;2018;2019;2020
61401099999,25.236697,-11.588697,4,2015;2016;2017;2018
61404099999,22.75,-12.4833333,6,2015;2016;2017;2018;2019;2020
61415099999,20.933067,-17.029956,6,2015;2016;2017;2018;2019;2020
61421099999,20.506828,-13.043194,6,2015;2016;2017;2018;2019;2020
61437099999,19.75,-14.3666667,6,2015;2016;2017;2018;2019;2020
61442099999,18.097856,-15.947956,6,2015;2016;2017;2018;2019;2020
61450099999,18.570103,-11.423547,4,2015;2016;2017;2018
61461099999,17.5333333,-14.6833333,4,2015;2016;2017;2018
61489099999,16.5,-15.8166667,4,2015;2016;2017;2018
61492099999,16.159547,-13.507617,4,2015;2016;2017;2018
61497099999,16.622,-7.316567,6,2015;2016;2017;2018;2019;2020
61498099999,16.589983,-11.406208,4,2015;2016;2017;2018
61499099999,16.711294,-9.637883,4,2015;2016;2017;2018
61510099999,15.2333333,-12.1666666,1,2015
61600099999,16.050761,-16.463172,6,2015;2016;2017;2018;2019;2020
61612099999,16.65,-14.9666667,6,2015;2016;2017;2018;2019;2020
61627099999,15.3833333,-15.1166667,6,2015;2016;2017;2018;2019;2020
61630099999,15.65,-13.25,6,2015;2016;2017;2018;2019;2020
61641099999,14.739708,-17.490225,6,2015;2016;2017;2018;2019;2020
61666099999,14.65,-16.2333333,6,2015;2016;2017;2018;2019;2020
61679099999,14.146881,-16.051297,6,2015;2016;2017;2018;2019;2020
61687099999,13.736817,-13.653122,6,2015;2016;2017;2018;2019;2020
61695099999,12.555617,-16.281783,6,2015;2016;2017;2018;2019;2020
61697099999,12.4102,-16.746125,6,2015;2016;2017;2018;2019;2020
61698099999,12.8833333,-14.9666667,6,2015;2016;2017;2018;2019;2020
61699099999,12.572292,-12.220333,6,2015;2016;2017;2018;2019;2020
61701099999,13.337961,-16.652206,6,2015;2016;2017;2018;2019;2020
61705099999,13.2166666,-16.2,6,2015;2016;2017;2018;2019;2020
61707099999,13.4833333,-15.5666666,6,2015;2016;2017;2018;2019;2020
61711099999,13.45,-16.45,4,2015;2016;2017;2018
61712099999,13.4833333,-16.1833333,4,2015;2016;2017;2018
61717099999,13.7166666,-15.25,6,2015;2016;2017;2018;2019;2020
61720099999,13.6666666,-14.8833333,2,2019;2020
61721099999,13.5333333,-14.7666666,6,2015;2016;2017;2018;2019;2020
61722099999,13.5666666,-15.9333333,6,2015;2016;2017;2018;2019;2020
61731099999,13.3166666,-14.2166666,6,2015;2016;2017;2018;2019;2020
61733099999,13.6666667,-14.4666667,6,2015;2016;2017;2018;2019;2020
61766099999,11.89485,-15.653681,6,2015;2016;2017;2018;2019;2020
61769099999,11.5833333,-15.4833333,6,2015;2016;2017;2018;2019;2020
61781099999,12.1833333,-14.6666667,6,2015;2016;2017;2018;2019;2020
61802099999,12.5666666,-13.5166666,6,2015;2016;2017;2018;2019;2020
61809099999,11.326058,-12.28685,6,2015;2016;2017;2018;2019;2020
61811099999,11.4333333,-9.1666667,4,2015;2016;2017;2019
61816099999,10.9333333,-14.3166667,3,2015;2018;2020
61818099999,10.05,-12.8666666,6,2015;2016;2017;2018;2019;2020
61820099999,10.3666666,-12.0833333,5,2015;2017;2018;2019;2020
61829099999,10.3833333,-9.3,6,2015;2016;2017;2018;2019;2020
61831099999,9.5666667,-13.6166667,1,2018
61832099999,9.576889,-13.611961,6,2015;2016;2017;2018;2019;2020
61833099999,10.035467,-10.769825,2,2016;2019
61849099999,7.7333333,-8.8333333,6,2015;2016;2017;2018;2019;2020
61856099999,8.616444,-13.195489,6,2015;2016;2017;2018;2019;2020
61901099999,-15.9333333,-5.6666666,6,2015;2016;2017;2018;2019;2020
61902099999,-7.969597,-14.393664,6,2015;2016;2017;2018;2019;2020
61931099999,0.378175,6.712153,6,2015;2016;2017;2018;2019;2020
61934099999,1.662936,7.411742,2,2017;2019
61967070701,-7.3,72.4,6,2015;2016;2017;2018;2019;2020
61968099999,-11.5833333,47.2833333,6,2015;2016;2017;2018;2019;2020
61970099999,-17.05,42.7166666,5,2015;2016;2017;2018;2019
61972099999,-22.3333333,40.3333333,6,2015;2016;2017;2018;2019;2020
61974099999,-10.4333333,56.6,6,2015;2016;2017;2018;2019;2020
61976099999,-15.8833333,54.5166666,6,2015;2016;2017;2018;2019;2020
61980099999,-20.8871,55.510308,6,2015;2016;2017;2018;2019;2020
61984099999,-21.320903,55.424956,6,2015;2016;2017;2018;2019;2020
61986099999,-16.45,59.6166666,6,2015;2016;2017;2018;2019;2020
61988099999,-19.757658,63.360983,6,2015;2016;2017;2018;2019;2020
61989099999,-19.75,63.37,6,2015;2016;2017;2018;2019;2020
61990099999,-20.430235,57.6836,6,2015;2016;2017;2018;2019;2020
61995099999,-20.3,57.4666666,6,2015;2016;2017;2018;2019;2020
61996099999,-37.8,77.5333333,5,2015;2016;2017;2018;2019
61997099999,-46.4333333,51.85,6,2015;2016;2017;2018;2019;2020
61998099999,-49.35,70.25,6,2015;2016;2017;2018;2019;2020
62002099999,31.5144444,10.5977778,6,2015;2016;2017;2018;2019;2020
62007099999,32.5552778,12.0555556,6,2015;2016;2017;2018;2019;2020
62008099999,32.0402778,12.3127778,6,2015;2016;2017;2018;2019;2020
62010099999,32.663544,13.159011,2,2015;2017
62011099999,32.15,13.0,5,2016;2017;2018;2019;2020
62012099999,32.4008333,14.1425,6,2015;2016;2017;2018;2019;2020
62014099999,31.7405556,13.9572222,6,2015;2016;2017;2018;2019;2020
62016099999,32.2425,15.0211111,6,2015;2016;2017;2018;2019;2020
62018099999,30.3552778,15.2541667,5,2015;2016;2018;2019;2020
62019099999,31.2,16.5833333,4,2015;2018;2019;2020
62052599999,32.894085,13.276,5,2015;2016;2017;2018;2019
62053099999,32.096786,20.269472,4,2017;2018;2019;2020
62054099999,32.5166666,20.8833333,5,2016;2017;2018;2019;2020
62055099999,30.7166666,20.1666666,2,2018;2020
62056099999,32.8,21.8833333,1,2020
62059099999,32.7833333,22.5833333,4,2017;2018;2019;2020
62062099999,32.1,23.9333333,6,2015;2016;2017;2018;2019;2020
62103099999,30.151695,9.715305,6,2015;2016;2017;2018;2019;2020
62120099999,30.3833333,13.5833333,6,2015;2016;2017;2018;2019;2020
62121099999,29.5166666,12.9333333,1,2015
62131099999,29.1166666,15.95,6,2015;2016;2017;2018;2019;2020
62161099999,29.0333333,21.5666666,6,2015;2016;2017;2018;2019;2020
62176099999,29.75,24.5333333,6,2015;2016;2017;2018;2019;2020
62200099999,26.6,12.7833333,2,2019;2020
62212099999,25.145564,10.142647,4,2017;2018;2019;2020
62225099999,25.9333333,14.45,2,2016;2018
62259099999,25.6727778,21.0905556,6,2015;2016;2017;2018;2019;2020
62271099999,24.178728,23.313958,6,2015;2016;2017;2018;2019;2020
62303099999,31.633,25.967,4,2015;2016;2017;2018
62305099999,31.5666666,25.1333333,6,2015;2016;2017;2018;2019;2020
62306099999,31.325356,27.221689,6,2015;2016;2017;2018;2019;2020
62308099999,31.117,27.867,4,2015;2016;2019;2020
62309099999,31.0166666,28.4333333,6,2015;2016;2017;2018;2019;2020
62315099999,31.1833333,29.8666666,1,2015
62318099999,31.183903,29.948889,6,2015;2016;2017;2018;2019;2020
62324099999,31.45,30.3666666,1,2015
62325099999,31.55,31.1,6,2015;2016;2017;2018;2019;2020
62329099999,31.4666666,31.7666666,1,2016
62333099999,31.2666667,32.3,6,2015;2016;2017;2018;2019;2020
62335099999,31.2,34.2,4,2015;2016;2017;2019
62336099999,31.0833333,33.8166666,6,2015;2016;2017;2018;2019;2020
62337099999,31.073333,33.835833,6,2015;2016;2017;2018;2019;2020
62338099999,31.5,34.45,1,2015
62339099999,31.0333333,30.4666666,2,2015;2016
62345099999,30.65,30.7,2,2017;2020
62348099999,30.783,31.0,1,2016
62357099999,30.4,30.35,6,2015;2016;2017;2018;2019;2020
62360099999,30.6,31.0166666,4,2015;2017;2019;2020
62360199999,30.917669,29.696408,6,2015;2016;2017;2018;2019;2020
62363099999,30.467,31.183,5,2015;2016;2017;2019;2020
62366099999,30.121944,31.405556,6,2015;2016;2017;2018;2019;2020
62366199999,25.557111,34.582028,6,2015;2016;2017;2018;2019;2020
62366499999,28.6833333,34.0666666,6,2015;2016;2017;2018;2019;2020
62366599999,24.9833333,32.8666666,4,2016;2017;2018;2019
62368099999,30.117,30.917,1,2017
62375099999,30.05,31.2166666,1,2017
62378099999,29.8666666,31.3333333,3,2015;2016;2020
62381099999,29.3,30.85,2,2015;2016
62387099999,28.0833333,30.7333333,6,2015;2016;2017;2018;2019;2020
62393099999,27.046508,31.011983,6,2015;2016;2017;2018;2019;2020
62397099999,26.3333333,31.75,1,2016
62398099999,26.3333333,31.7333333,6,2015;2016;2017;2018;2019;2020
62403099999,26.2,32.75,6,2015;2016;2017;2018;2019;2020
62405099999,25.671028,32.706583,6,2015;2016;2017;2018;2019;2020
62414099999,23.964356,32.819975,6,2015;2016;2017;2018;2019;2020
62416099999,29.345501,25.5067,4,2016;2018;2019;2020
62417099999,29.2,25.4833333,6,2015;2016;2017;2018;2019;2020
62419099999,22.375953,31.611722,6,2015;2016;2017;2018;2019;2020
62420099999,28.3333333,28.8666666,6,2015;2016;2017;2018;2019;2020
62423099999,27.05,27.9833333,6,2015;2016;2017;2018;2019;2020
62425099999,22.585672,28.716642,6,2015;2016;2017;2018;2019;2020
62432099999,25.5,28.9666666,6,2015;2016;2017;2018;2019;2020
62435099999,25.45,30.5333333,6,2015;2016;2017;2018;2019;2020
62440099999,30.6,32.25,6,2015;2016;2017;2018;2019;2020
62450099999,29.8666667,32.4666667,4,2015;2016;2017;2019
62452099999,29.9166666,33.7333333,6,2015;2016;2017;2018;2019;2020
62453099999,30.45,33.7666666,6,2015;2016;2017;2018;2019;2020
62454099999,30.9666666,32.7666666,2,2015;2016
62455099999,29.5833333,32.7166666,6,2015;2016;2017;2018;2019;2020
62458099999,28.9,33.1833333,6,2015;2016;2017;2018;2019;2020
62459099999,28.209028,33.645517,6,2015;2016;2017;2018;2019;2020
62463099999,27.178317,33.799436,6,2015;2016;2017;2018;2019;2020
62463999999,27.967,34.383,6,2015;2016;2017;2018;2019;2020
62465099999,26.1333333,34.25,6,2015;2016;2017;2018;2019;2020
62465599999,29.6,34.767,5,2015;2016;2017;2019;2020
62467099999,28.4833333,34.5,5,2016;2017;2018;2019;2020
62476099999,23.1333333,35.5833333,5,2015;2016;2017;2018;2019
62600099999,21.8166667,31.4833333,5,2015;2016;2017;2018;2019
62640099999,19.5333333,33.3166666,5,2015;2016;2017;2018;2019
62641099999,19.5833333,37.2166666,5,2015;2016;2017;2018;2019
62641499999,19.433639,37.234075,6,2015;2016;2017;2018;2019;2020
62650099999,19.153867,30.430094,6,2015;2016;2017;2018;2019;2020
62660099999,18.55,31.85,5,2015;2016;2017;2018;2019
62661099999,18.95,36.833,1,2018
62680099999,17.7,33.9666667,5,2015;2016;2017;2018;2019
62682099999,17.5666666,33.9333333,5,2015;2016;2018;2019;2020
62700099999,16.7,33.4333333,3,2015;2018;2019
62721099999,15.589497,32.553161,6,2015;2016;2017;2018;2019;2020
62722099999,15.8333333,36.15,1,2015
62723099999,15.6666666,32.5333333,3,2015;2018;2019
62730099999,15.387494,36.328842,5,2015;2016;2017;2018;2019
62733099999,15.3166666,35.6,5,2015;2016;2017;2018;2019
62750099999,14.0,32.3333333,5,2015;2016;2017;2018;2019
62751099999,14.4,33.4833333,5,2015;2016;2017;2018;2019
62752099999,14.0333333,35.4,5,2015;2016;2017;2018;2019
62760099999,13.614892,25.32465,4,2015;2016;2018;2019
62762099999,13.55,33.6166667,5,2015;2016;2017;2018;2019
62770099999,13.4833333,22.45,5,2015;2016;2017;2018;2019
62771099999,13.153219,30.232675,6,2015;2016;2017;2018;2019;2020
62772099999,13.1666667,32.6666667,5,2015;2016;2017;2018;2019
62774099999,13.0666666,33.95,3,2015;2018;2019
62781099999,12.7,28.4333333,5,2015;2016;2017;2018;2019
62790099999,12.05,24.8833333,6,2015;2016;2017;2018;2019;2020
62795099999,12.7333333,34.1333333,5,2015;2016;2017;2018;2019
62801099999,11.75,32.7833333,4,2015;2018;2019;2020
62803099999,11.8666666,31.05,3,2015;2018;2019
62805099999,11.785889,34.336656,5,2015;2016;2017;2018;2019
62809099999,11.3333333,27.8166666,4,2015;2016;2018;2019
62810099999,11.138028,29.701122,5,2015;2016;2017;2018;2019
62850099999,8.7666667,27.4,2,2015;2016
62870099999,8.128764,34.563131,2,2019;2020
62871099999,8.4666666,25.6833333,1,2015
62880099999,7.7,28.0166666,4,2015;2018;2019;2020
62940799999,5.6,27.4666666,1,2020
62941099999,4.872006,31.601117,6,2015;2016;2017;2018;2019;2020
63021099999,15.291853,38.910667,3,2015;2016;2017
63125299999,11.55,43.1333333,6,2015;2016;2017;2018;2019;2020
63170099999,9.518167,44.088758,5,2016;2017;2018;2019;2020
63210099999,11.2833333,49.1833333,4,2017;2018;2019;2020
63227099999,7.95,48.5,3,2018;2019;2020
63230099999,6.85,47.2666666,1,2016
63237099999,4.7,46.6166666,1,2019
63240099999,4.7,45.2166666,1,2019
63250099999,2.35,42.3,3,2018;2019;2020
63260099999,2.0333333,45.35,5,2016;2017;2018;2019;2020
63330099999,13.467367,39.533464,6,2015;2016;2017;2018;2019;2020
63331099999,12.5199,37.434047,6,2015;2016;2017;2018;2019;2020
63332099999,11.608075,37.321644,6,2015;2016;2017;2018;2019;2020
63333099999,11.0833333,39.7166667,6,2015;2016;2017;2018;2019;2020
63334099999,10.35,37.7166667,6,2015;2016;2017;2018;2019;2020
63340099999,9.0833333,36.45,6,2015;2016;2017;2018;2019;2020
63402099999,7.666094,36.816639,6,2015;2016;2017;2018;2019;2020
63403099999,8.1666667,35.55,6,2015;2016;2017;2018;2019;2020
63450099999,8.977889,38.799319,6,2015;2016;2017;2018;2019;2020
63451099999,8.7333333,39.0,6,2015;2016;2017;2018;2019;2020
63453099999,8.8666666,39.9,6,2015;2016;2017;2018;2019;2020
63460099999,7.0666667,38.05,6,2015;2016;2017;2018;2019;2020
63471099999,9.6247,41.854203,6,2015;2016;2017;2018;2019;2020
63473099999,9.3333333,42.7166667,1,2020
63474099999,7.1333333,40.0,6,2015;2016;2017;2018;2019;2020
63478099999,5.935128,43.578567,6,2015;2016;2017;2018;2019;2020
63500099999,6.039389,37.590453,6,2015;2016;2017;2018;2019;2020
63533099999,5.2833333,39.75,6,2015;2016;2017;2018;2019;2020
63602099999,3.05,30.9166667,5,2016;2017;2018;2019;2020
63612099999,3.121967,35.608692,6,2015;2016;2017;2018;2019;2020
63619099999,3.5333333,39.05,6,2015;2016;2017;2018;2019;2020
63624099999,3.9333333,41.8666667,6,2015;2016;2017;2018;2019;2020
63630099999,2.805556,32.271792,5,2016;2017;2018;2019;2020
63630499999,2.25,32.9,3,2015;2016;2020
63631099999,2.2833333,32.9333333,6,2015;2016;2017;2018;2019;2020
63641099999,2.3,37.9,5,2015;2017;2018;2019;2020
63654099999,1.6833333,31.7166667,6,2015;2016;2017;2018;2019;2020
63658099999,1.727692,33.622803,6,2015;2016;2017;2018;2019;2020
63661099999,0.971989,34.958556,6,2015;2016;2017;2018;2019;2020
63671099999,1.733239,40.091606,6,2015;2016;2017;2018;2019;2020
63673599999,-1.404721,35.008056,3,2016;2017;2019
63674099999,0.1833333,30.1,6,2015;2016;2017;2018;2019;2020
63680099999,0.3166666,32.6166666,6,2015;2016;2017;2018;2019;2020
63682099999,0.45,33.1833333,6,2015;2016;2017;2018;2019;2020
63684099999,0.6833333,34.1666667,5,2016;2017;2018;2019;2020
63686099999,0.4833333,35.3,5,2016;2017;2018;2019;2020
63687099999,0.271342,34.787297,4,2015;2016;2017;2020
63688099999,0.404458,35.2388992,3,2015;2016;2018
63694399999,-0.0666667,37.0333333,3,2015;2016;2017
63695099999,0.0833333,37.65,6,2015;2016;2017;2018;2019;2020
63702099999,-0.6166667,30.65,6,2015;2016;2017;2018;2019;2020
63705099999,0.042386,32.443503,6,2015;2016;2017;2018;2019;2020
63708099999,-0.086139,34.728892,6,2015;2016;2017;2018;2019;2020
63709099999,-0.6666667,34.7833333,3,2015;2016;2017
63710099999,-0.3666667,35.35,6,2015;2016;2017;2018;2019;2020
63711099999,-0.4,34.1333333,2,2015;2016
63714099999,-0.2666667,36.1,6,2015;2016;2017;2018;2019;2020
63717099999,-0.5,36.9666667,6,2015;2016;2017;2018;2019;2020
63720099999,-0.5,37.45,6,2015;2016;2017;2018;2019;2020
63723099999,-0.463508,39.648297,6,2015;2016;2017;2018;2019;2020
63726099999,-1.25,29.9833333,6,2015;2016;2017;2018;2019;2020
63729099999,-1.3333333,31.8166667,6,2015;2016;2017;2018;2019;2020
63733099999,-1.5,33.8,6,2015;2016;2017;2018;2019;2020
63733599999,-3.3666666,34.8333333,6,2015;2016;2017;2018;2019;2020
63737099999,-1.1333333,35.8333333,6,2015;2016;2017;2018;2019;2020
63738099999,-1.883,36.283,1,2020
63739099999,-1.277267,36.862339,3,2015;2016;2017
63740099999,-1.319239,36.927775,6,2015;2016;2017;2018;2019;2020
63741099999,-1.3,36.75,6,2015;2016;2017;2018;2019;2020
63742099999,-1.321719,36.814833,6,2015;2016;2017;2018;2019;2020
63756099999,-2.444486,32.932667,6,2015;2016;2017;2018;2019;2020
63766099999,-2.2833333,37.8333333,6,2015;2016;2017;2018;2019;2020
63772099999,-2.252417,40.913097,6,2015;2016;2017;2018;2019;2020
63784099999,-3.65,33.35,3,2016;2017;2018
63789099999,-3.367794,36.633333,6,2015;2016;2017;2018;2019;2020
63790099999,-3.35,37.3333333,6,2015;2016;2017;2018;2019;2020
63791099999,-3.429406,37.074461,6,2015;2016;2017;2018;2019;2020
63793099999,-3.4,38.5666667,6,2015;2016;2017;2018;2019;2020
63799099999,-3.229306,40.101667,6,2015;2016;2017;2018;2019;2020
63801099999,-4.8833333,29.6333333,6,2015;2016;2017;2018;2019;2020
63810099999,-4.8,34.7166666,1,2018
63816099999,-4.0833333,37.7166667,6,2015;2016;2017;2018;2019;2020
63818099999,-4.8833333,38.2833333,1,2020
63820099999,-4.034833,39.59425,6,2015;2016;2017;2018;2019;2020
63832099999,-5.0833333,32.8333333,6,2015;2016;2017;2018;2019;2020
63840099999,-5.4333333,38.0333333,2,2018;2020
63843099999,-5.1,38.633,1,2020
63844099999,-5.092358,39.071158,6,2015;2016;2017;2018;2019;2020
63845099999,-5.257264,39.811417,6,2015;2016;2017;2018;2019;2020
63862099999,-6.170436,35.752578,6,2015;2016;2017;2018;2019;2020
63863099999,-6.2,36.433,5,2016;2017;2018;2019;2020
63866099999,-6.8333333,37.65,6,2015;2016;2017;2018;2019;2020
63870099999,-6.222025,39.224886,6,2015;2016;2017;2018;2019;2020
63881099999,-7.9666667,31.63,6,2015;2016;2017;2018;2019;2020
63887099999,-7.668633,35.752114,6,2015;2016;2017;2018;2019;2020
63894099999,-6.878111,39.202625,6,2015;2016;2017;2018;2019;2020
63900399999,-3.5,33.0,6,2015;2016;2017;2018;2019;2020
63919399999,-8.9333333,39.5166667,6,2015;2016;2017;2018;2019;2020
63932099999,-8.9333333,33.4666667,4,2015;2016;2017;2019
63935099999,-9.367,34.75,1,2020
63936099999,-8.6666666,36.7166666,1,2018
63962099999,-10.6833333,35.5833333,6,2015;2016;2017;2018;2019;2020
63970099999,-10.0,39.7,3,2015;2018;2019
63971099999,-10.339058,40.181781,6,2015;2016;2017;2018;2019;2020
63980099999,-4.674342,55.521839,6,2015;2016;2017;2018;2019;2020
63981099999,-4.319292,55.691417,4,2015;2016;2017;2018
64005099999,0.0226,18.288744,4,2015;2016;2017;2019
64006099999,3.235369,19.771258,6,2015;2016;2017;2018;2019;2020
64008599999,0.481639,25.337973,6,2015;2016;2017;2018;2019;2020
64040099999,0.5175,25.155014,6,2015;2016;2017;2018;2019;2020
64046099999,1.55,25.333,5,2015;2016;2018;2019;2020
64076099999,1.5,30.2166666,1,2016
64115099999,-1.9666667,18.2666667,1,2015
64126099999,-0.2166667,20.85,1,2018
64155099999,-2.919178,25.915361,4,2015;2016;2017;2018
64155699999,-6.121236,23.569008,6,2015;2016;2017;2018;2019;2020
64170099999,-1.4166666,27.0,1,2019
64180099999,-2.5166666,28.85,6,2015;2016;2017;2018;2019;2020
64184099999,-1.6833333,29.2333333,6,2015;2016;2017;2018;2019;2020
64201099999,-5.930858,12.351789,3,2017;2018;2019
64206099999,-5.5166666,13.5833333,6,2015;2016;2017;2018;2019;2020
64210099999,-4.38575,15.444569,6,2015;2016;2017;2018;2019;2020
64211099999,-4.3166666,15.3166666,6,2015;2016;2017;2018;2019;2020
64217099999,-4.9166667,17.0666667,1,2018
64220099999,-4.3666666,15.25,6,2015;2016;2017;2018;2019;2020
64222099999,-5.035767,18.785631,6,2015;2016;2017;2018;2019;2020
64224099999,-4.3333333,20.5833333,4,2017;2018;2019;2020
64228099999,-6.4166667,20.85,1,2017
64235099999,-5.900055,22.469166,4,2017;2018;2019;2020
64247099999,-6.1666666,23.6166666,6,2015;2016;2017;2018;2019;2020
64282099999,-7.2833333,27.4333333,1,2019
64285099999,-5.8833333,29.1833333,4,2017;2018;2019;2020
64328099999,-10.765886,25.505714,4,2015;2017;2019;2020
64360099999,-11.591333,27.530889,6,2015;2016;2017;2018;2019;2020
64380099999,-2.4666666,28.9166666,6,2015;2016;2017;2018;2019;2020
64381099999,-1.677203,29.258875,6,2015;2016;2017;2018;2019;2020
64383099999,-1.5,29.6333333,6,2015;2016;2017;2018;2019;2020
64384099999,-2.6,29.7333333,1,2017
64387099999,-1.968628,30.13945,6,2015;2016;2017;2018;2019;2020
64390099999,-3.324019,29.318519,6,2015;2016;2017;2018;2019;2020
64400099999,-4.816028,11.886597,6,2015;2016;2017;2018;2019;2020
64400799999,-4.2166666,13.2833333,6,2015;2016;2017;2018;2019;2020
64401099999,-4.2,12.7,6,2015;2016;2017;2018;2019;2020
64402099999,-3.9833333,13.9166667,6,2015;2016;2017;2018;2019;2020
64403099999,-3.4833333,12.6166667,6,2015;2016;2017;2018;2019;2020
64405099999,-3.6833333,13.35,6,2015;2016;2017;2018;2019;2020
64450099999,-4.2517,15.253031,6,2015;2016;2017;2018;2019;2020
64452099999,-2.6166667,16.2166667,6,2015;2016;2017;2018;2019;2020
64453099999,-2.5333333,14.7666667,6,2015;2016;2017;2018;2019;2020
64454099999,-1.8666667,15.8666667,6,2015;2016;2017;2018;2019;2020
64456099999,-0.0166667,15.65,6,2015;2016;2017;2018;2019;2020
64458099999,1.615994,16.037917,6,2015;2016;2017;2018;2019;2020
64459099999,1.6166667,18.0666667,6,2015;2016;2017;2018;2019;2020
64460099999,2.0666667,14.1333333,6,2015;2016;2017;2018;2019;2020
64462099999,0.1,13.55,6,2015;2016;2017;2018;2019;2020
64462599999,10.28,15.38,3,2015;2016;2020
64463099999,-5.5833333,14.8166666,6,2015;2016;2017;2018;2019;2020
64500099999,0.4586,9.412283,6,2015;2016;2017;2018;2019;2020
64501099999,-0.711739,8.754383,6,2015;2016;2017;2018;2019;2020
64507099999,-2.85,11.0166667,6,2015;2016;2017;2018;2019;2020
64510099999,2.075639,11.493195,6,2015;2016;2017;2018;2019;2020
64512099999,1.543108,11.581361,6,2015;2016;2017;2018;2019;2020
64550099999,-1.845142,11.056656,6,2015;2016;2017;2018;2019;2020
64551099999,-0.704389,10.245722,6,2015;2016;2017;2018;2019;2020
64552099999,0.7833333,11.5333333,2,2015;2016
64556099999,0.579211,12.890908,6,2015;2016;2017;2018;2019;2020
64560099999,-0.8333333,12.7166667,6,2015;2016;2017;2018;2019;2020
64570099999,-1.6666666,13.4,6,2015;2016;2017;2018;2019;2020
64600099999,4.221583,15.786369,6,2015;2016;2017;2018;2019;2020
64601099999,5.9666667,15.6333333,6,2015;2016;2017;2018;2019;2020
64650099999,4.398475,18.518786,6,2015;2016;2017;2018;2019;2020
64654099999,8.4,20.65,2,2017;2018
64656099999,4.7333333,22.8333333,2,2015;2016
64658099999,10.2833333,22.7833333,3,2016;2017;2018
64661099999,6.5,23.2666667,1,2017
64700099999,12.133689,15.034019,6,2015;2016;2017;2018;2019;2020
64701099999,14.1166667,15.3166667,6,2015;2016;2017;2018;2019;2020
64702099999,13.4333333,14.7333333,6,2015;2016;2017;2018;2019;2020
64705099999,10.4833333,16.7166666,5,2015;2016;2017;2018;2020
64706099999,8.624406,16.071419,6,2015;2016;2017;2018;2019;2020
64708099999,12.3833333,17.05,6,2015;2016;2017;2018;2019;2020
64708599999,14.5166666,20.9,5,2015;2017;2018;2019;2020
64709099999,9.3666667,14.9166667,6,2015;2016;2017;2018;2019;2020
64750099999,9.15,18.3833333,6,2015;2016;2017;2018;2019;2020
64751099999,13.2166666,18.3166666,6,2015;2016;2017;2018;2019;2020
64753099999,17.917053,19.111078,6,2015;2016;2017;2018;2019;2020
64754099999,11.0333333,20.2833333,6,2015;2016;2017;2018;2019;2020
64756099999,13.847,20.844333,6,2015;2016;2017;2018;2019;2020
64757099999,17.1666666,21.55,6,2015;2016;2017;2018;2019;2020
64758099999,12.1833333,18.6833333,6,2015;2016;2017;2018;2019;2020
64810099999,3.755267,8.708717,6,2015;2016;2017;2018;2019;2020
64820099999,1.9,9.8,6,2015;2016;2017;2018;2019;2020
64851099999,10.451392,14.257361,6,2015;2016;2017;2018;2019;2020
64860099999,9.335892,13.370103,6,2015;2016;2017;2018;2019;2020
64870099999,7.357011,13.559242,6,2015;2016;2017;2018;2019;2020
64880099999,6.7833333,11.8166667,1,2020
64882099999,6.5333333,14.3666666,1,2020
64893099999,5.636919,10.750817,1,2020
64900099999,5.55,12.3666666,1,2020
64910099999,4.006081,9.719481,6,2015;2016;2017;2018;2019;2020
64911099999,4.95,9.9333333,1,2020
64912099999,4.089192,9.360528,1,2020
64920099999,4.7333333,11.25,1,2020
64930099999,4.6,13.7333333,4,2015;2018;2019;2020
64931099999,4.4666667,14.3666667,1,2020
64942099999,3.65,10.7666667,1,2016
64950099999,3.722556,11.553269,6,2015;2016;2017;2018;2019;2020
64950499999,3.836039,11.523461,3,2015;2017;2020
64960099999,3.9666667,13.2,2,2018;2020
64961099999,3.15,13.6166667,1,2020
64971099999,2.95,9.9,1,2020
64972099999,2.9,11.1666667,1,2020
65001099999,10.8833333,4.75,6,2015;2016;2017;2018;2019;2020
65002099999,6.467,7.567,6,2015;2016;2017;2018;2019;2020
65003099999,12.4666666,4.2166666,2,2016;2019
65010099999,12.916322,5.207189,6,2015;2016;2017;2018;2019;2020
65015099999,12.171667,6.696111,2,2017;2020
65019099999,10.696025,7.320114,6,2015;2016;2017;2018;2019;2020
65028099999,13.0166666,7.6833333,6,2015;2016;2017;2018;2019;2020
65030099999,11.130192,7.685806,5,2015;2016;2017;2018;2020
65046099999,12.047589,8.524622,6,2015;2016;2017;2018;2019;2020
65055099999,10.2833333,9.8166666,4,2017;2018;2019;2020
65064099999,12.8833333,10.4666666,4,2017;2018;2019;2020
65073099999,11.7,11.0333333,1,2016
65075099999,10.2833333,11.15,6,2015;2016;2017;2018;2019;2020
65082099999,11.85,13.0833333,4,2017;2018;2019;2020
65100099999,7.362458,3.978333,6,2015;2016;2017;2018;2019;2020
65101099999,8.440211,4.493919,6,2015;2016;2017;2018;2019;2020
65108099999,8.6666666,3.3833333,5,2016;2017;2018;2019;2020
65112099999,9.1,6.0166667,6,2015;2016;2017;2018;2019;2020
65112599999,9.006781,7.263175,6,2015;2016;2017;2018;2019;2020
65123099999,9.6166666,6.5333333,6,2015;2016;2017;2018;2019;2020
65124099999,8.55,8.5333333,6,2015;2016;2017;2018;2019;2020
65125099999,9.25,7.0,6,2015;2016;2017;2018;2019;2020
65134099999,9.639828,8.86905,6,2015;2016;2017;2018;2019;2020
65167099999,9.257553,12.430422,6,2015;2016;2017;2018;2019;2020
65200099999,7.9666666,3.6,6,2015;2016;2017;2018;2019;2020
65201099999,6.577369,3.321156,6,2015;2016;2017;2018;2019;2020
65201699999,5.4166666,7.2,6,2015;2016;2017;2018;2019;2020
65202099999,6.5,3.3833333,6,2015;2016;2017;2018;2019;2020
65203099999,6.45,3.4,2,2019;2020
65208099999,7.4333333,3.9,6,2015;2016;2017;2018;2019;2020
65210099999,6.8333333,3.9333333,6,2015;2016;2017;2018;2019;2020
65213099999,7.1666666,3.3333333,6,2015;2016;2017;2018;2019;2020
65215099999,7.7833333,4.4833333,6,2015;2016;2017;2018;2019;2020
65222099999,7.1,4.8333333,6,2015;2016;2017;2018;2019;2020
65229099999,6.3166666,5.1,6,2015;2016;2017;2018;2019;2020
65232099999,7.25,5.3,5,2015;2017;2018;2019;2020
65236099999,5.5166666,5.7333333,5,2015;2017;2018;2019;2020
65243099999,7.8,6.7333333,3,2015;2016;2017
65245099999,6.15,6.7833333,1,2015
65246099999,6.2,7.05,3,2016;2017;2020
65250099999,5.015494,6.949594,6,2015;2016;2017;2018;2019;2020
65252099999,5.4833333,7.0,6,2015;2016;2017;2018;2019;2020
65254099999,5.4833333,7.55,2,2018;2019
65260099999,5.05,7.9166666,5,2016;2017;2018;2019;2020
65264099999,4.976019,8.347197,5,2015;2017;2018;2019;2020
65271099999,7.703883,8.613939,6,2015;2016;2017;2018;2019;2020
65274099999,6.6,9.3166666,1,2019
65275099999,6.6666666,8.8,4,2017;2018;2019;2020
65306099999,11.1333333,2.9333333,6,2015;2016;2017;2018;2019;2020
65319099999,10.3166667,1.3833333,6,2015;2016;2017;2018;2019;2020
65330099999,9.35,2.6166667,6,2015;2016;2017;2018;2019;2020
65333099999,8.867,2.6,2,2016;2018
65335099999,8.0333333,2.4666667,6,2015;2016;2017;2018;2019;2020
65338099999,7.1666666,2.0666666,6,2015;2016;2017;2018;2019;2020
65344099999,6.357228,2.384353,6,2015;2016;2017;2018;2019;2020
65352099999,10.3666667,0.4666667,6,2015;2016;2017;2018;2019;2020
65355099999,9.767333,1.09125,6,2015;2016;2017;2018;2019;2020
65357099999,9.55,1.1666666,6,2015;2016;2017;2018;2019;2020
65361099999,8.9833333,1.15,6,2015;2016;2017;2018;2019;2020
65376099999,7.5833333,1.1166667,6,2015;2016;2017;2018;2019;2020
65376599999,10.8,0.25,6,2015;2016;2017;2018;2019;2020
65378099999,6.95,0.5833333,1,2020
65380099999,6.5833333,1.5,6,2015;2016;2017;2018;2019;2020
65387099999,6.165611,1.254511,6,2015;2016;2017;2018;2019;2020
65401099999,10.9,-1.1,6,2015;2016;2017;2018;2019;2020
65404099999,10.082664,-2.507694,6,2015;2016;2017;2018;2019;2020
65416099999,9.0333333,-2.4833333,6,2015;2016;2017;2018;2019;2020
65418099999,9.557192,-0.863214,6,2015;2016;2017;2018;2019;2020
65420099999,9.45,-0.0166667,6,2015;2016;2017;2018;2019;2020
65432099999,7.75,-2.1,6,2015;2016;2017;2018;2019;2020
65437099999,7.8166666,-0.0333333,6,2015;2016;2017;2018;2019;2020
65439099999,7.361828,-2.328756,6,2015;2016;2017;2018;2019;2020
65442099999,6.714564,-1.590819,6,2015;2016;2017;2018;2019;2020
65445099999,6.2,-2.3333333,6,2015;2016;2017;2018;2019;2020
65450099999,6.6666666,-0.75,6,2015;2016;2017;2018;2019;2020
65453099999,6.6,0.4666667,6,2015;2016;2017;2018;2019;2020
65457099999,5.9333333,-0.9833333,6,2015;2016;2017;2018;2019;2020
65459099999,6.0833333,-0.25,6,2015;2016;2017;2018;2019;2020
65460099999,6.1,0.1166667,6,2015;2016;2017;2018;2019;2020
65462099999,6.1166666,0.8,6,2015;2016;2017;2018;2019;2020
65465099999,4.8666667,-2.2333333,6,2015;2016;2017;2018;2019;2020
65467099999,4.896056,-1.774756,6,2015;2016;2017;2018;2019;2020
65469099999,5.2,-1.0666667,6,2015;2016;2017;2018;2019;2020
65472099999,5.605186,-0.166786,6,2015;2016;2017;2018;2019;2020
65473099999,5.6166667,0.0,6,2015;2016;2017;2018;2019;2020
65475099999,5.7833333,0.6333333,6,2015;2016;2017;2018;2019;2020
65500099999,14.6333333,-0.0666666,2,2015;2016
65501099999,14.0333333,-0.0333333,6,2015;2016;2017;2018;2019;2020
65502099999,13.5666667,-2.4166667,6,2015;2016;2017;2018;2019;2020
65503099999,12.353194,-1.512417,6,2015;2016;2017;2018;2019;2020
65505099999,12.4666667,-3.4833333,6,2015;2016;2017;2018;2019;2020
65507099999,12.0333333,0.3666667,6,2015;2016;2017;2018;2019;2020
65510099999,11.160056,-4.330969,6,2015;2016;2017;2018;2019;2020
65516099999,11.75,-2.9333333,6,2015;2016;2017;2018;2019;2020
65518099999,11.15,-1.15,6,2015;2016;2017;2018;2019;2020
65522099999,10.3333333,-3.1833333,6,2015;2016;2017;2018;2019;2020
65528099999,9.5,-7.5666667,6,2015;2016;2017;2018;2019;2020
65536099999,9.387183,-5.556664,6,2015;2016;2017;2018;2019;2020
65545099999,8.05,-2.7833333,6,2015;2016;2017;2018;2019;2020
65548099999,7.272069,-7.587364,6,2015;2016;2017;2018;2019;2020
65555099999,7.7388,-5.073667,6,2015;2016;2017;2018;2019;2020
65557099999,6.1333333,-5.95,6,2015;2016;2017;2018;2019;2020
65560099999,6.792808,-6.473189,6,2015;2016;2017;2018;2019;2020
65562099999,6.65,-4.7,6,2015;2016;2017;2018;2019;2020
65563099999,6.903167,-5.365581,6,2015;2016;2017;2018;2019;2020
65578099999,5.261386,-3.926294,6,2015;2016;2017;2018;2019;2020
65585099999,5.3,-3.3,6,2015;2016;2017;2018;2019;2020
65592099999,4.4166667,-7.3666667,6,2015;2016;2017;2018;2019;2020
65594099999,4.746717,-6.660817,6,2015;2016;2017;2018;2019;2020
65599099999,4.95,-6.0833333,6,2015;2016;2017;2018;2019;2020
65602099999,6.289061,-10.758722,1,2015
65660099999,6.233789,-10.362311,6,2015;2016;2017;2018;2019;2020
66104099999,-5.596992,12.188353,6,2015;2016;2017;2018;2019;2020
66116099999,-5.8666666,13.4333333,1,2017
66118099999,-6.269897,14.247025,6,2015;2016;2017;2018;2019;2020
66120099999,-6.1166666,12.35,1,2016
66130099999,-7.2333333,12.8666666,1,2017
66136199999,-15.267,12.15,6,2015;2016;2017;2018;2019;2020
66136299999,-7.4,20.817,6,2015;2016;2017;2018;2019;2020
66136399999,-11.167,13.85,6,2015;2016;2017;2018;2019;2020
66136599999,-6.1333333,12.3666666,6,2015;2016;2017;2018;2019;2020
66160099999,-8.858375,13.231178,6,2015;2016;2017;2018;2019;2020
66172099999,-9.2833333,14.9166666,5,2016;2017;2018;2019;2020
66210099999,-11.2,13.85,1,2015
66215099999,-9.525086,16.312406,6,2015;2016;2017;2018;2019;2020
66226099999,-9.689067,20.431875,6,2015;2016;2017;2018;2019;2020
66240099999,-10.7,13.75,1,2018
66285099999,-11.768086,19.897672,6,2015;2016;2017;2018;2019;2020
66310099999,-12.609025,13.403711,6,2015;2016;2017;2018;2019;2020
66318099999,-12.808878,15.760547,6,2015;2016;2017;2018;2019;2020
66325099999,-12.404633,16.947414,6,2015;2016;2017;2018;2019;2020
66390099999,-14.924733,13.575022,6,2015;2016;2017;2018;2019;2020
66450099999,-16.6,11.7166666,2,2015;2018
66460099999,-17.043464,15.683822,6,2015;2016;2017;2018;2019;2020
67002099999,-11.533661,43.27185,6,2015;2016;2017;2018;2019;2020
67004099999,-12.131667,44.430279,6,2015;2016;2017;2018;2019;2020
67005099999,-12.804722,45.281113,6,2015;2016;2017;2018;2019;2020
67009099999,-12.3494,49.291747,6,2015;2016;2017;2018;2019;2020
67012099999,-13.312067,48.314822,6,2015;2016;2017;2018;2019;2020
67017099999,-13.375834,50.002777,1,2017
67020099999,-14.8833333,47.9833333,6,2015;2016;2017;2018;2019;2020
67022099999,-14.651667,49.620556,1,2017
67023099999,-14.278611,50.174721,6,2015;2016;2017;2018;2019;2020
67025099999,-14.999411,50.320233,6,2015;2016;2017;2018;2019;2020
67027099999,-15.667144,46.351828,6,2015;2016;2017;2018;2019;2020
67037099999,-16.741945,44.481388,6,2015;2016;2017;2018;2019;2020
67067099999,-17.6333333,48.5,6,2015;2016;2017;2018;2019;2020
67072099999,-17.093889,49.815834,6,2015;2016;2017;2018;2019;2020
67073099999,-18.05,44.0333333,6,2015;2016;2017;2018;2019;2020
67073599999,-17.4833333,43.9666666,3,2015;2016;2017
67073699999,-16.0833333,45.3666666,1,2015
67083099999,-18.796936,47.478869,6,2015;2016;2017;2018;2019;2020
67085099999,-18.8666666,47.5,6,2015;2016;2017;2018;2019;2020
67095099999,-18.109517,49.392536,6,2015;2016;2017;2018;2019;2020
67107099999,-19.8166667,47.0666667,6,2015;2016;2017;2018;2019;2020
67109199999,-19.029,47.171811,1,2016
67113099999,-19.8333333,48.8,4,2015;2017;2018;2019
67113199999,-19.562778,45.450832,2,2015;2016
67117099999,-20.28475,44.317614,6,2015;2016;2017;2018;2019;2020
67131099999,-21.753867,43.375533,6,2015;2016;2017;2018;2019;2020
67137099999,-21.441558,47.111736,6,2015;2016;2017;2018;2019;2020
67143099999,-21.201772,48.358317,6,2015;2016;2017;2018;2019;2020
67152099999,-22.55,45.4,6,2015;2016;2017;2018;2019;2020
67157099999,-22.805286,47.820614,6,2015;2016;2017;2018;2019;2020
67161099999,-23.383369,43.728453,6,2015;2016;2017;2018;2019;2020
67194099999,-25.55,45.5333333,1,2017
67197099999,-25.038056,46.956111,6,2015;2016;2017;2018;2019;2020
67205099999,-11.361789,40.354875,5,2015;2016;2017;2018;2019
67210099999,-11.6,35.4333333,2,2017;2018
67215099999,-12.986753,40.522492,6,2015;2016;2017;2018;2019;2020
67217099999,-13.273986,35.266262,6,2015;2016;2017;2018;2019;2020
67221099999,-13.225053,37.552067,6,2015;2016;2017;2018;2019;2020
67223099999,-13.1333333,39.0333333,6,2015;2016;2017;2018;2019;2020
67225099999,-14.917,33.617,5,2016;2017;2018;2019;2020
67229099999,-14.704617,34.352369,6,2015;2016;2017;2018;2019;2020
67231099999,-14.8166667,36.5333333,6,2015;2016;2017;2018;2019;2020
67237099999,-15.105611,39.2818,6,2015;2016;2017;2018;2019;2020
67241099999,-15.033058,40.671728,6,2015;2016;2017;2018;2019;2020
67243099999,-15.6166666,30.4333333,6,2015;2016;2017;2018;2019;2020
67250099999,-15.6,34.4333333,5,2016;2017;2018;2019;2020
67260099999,-16.1,35.7666666,5,2016;2017;2018;2019;2020
67261099999,-16.1833333,33.5833333,6,2015;2016;2017;2018;2019;2020
67261499999,-16.104817,33.640181,6,2015;2016;2017;2018;2019;2020
67265199999,-16.8333333,36.9833333,5,2016;2017;2018;2019;2020
67273099999,-16.2166666,39.9,6,2015;2016;2017;2018;2019;2020
67279099999,-17.367,35.033,1,2020
67280099999,-17.8333333,35.3333333,6,2015;2016;2017;2018;2019;2020
67283099999,-17.8555,36.869106,6,2015;2016;2017;2018;2019;2020
67285099999,-17.2666666,38.15,5,2016;2017;2018;2019;2020
67287199999,-18.0666666,33.1666666,5,2016;2017;2018;2019;2020
67295099999,-19.151267,33.428958,6,2015;2016;2017;2018;2019;2020
67297099999,-19.796419,34.907556,6,2015;2016;2017;2018;2019;2020
67299199999,-20.4666666,32.7666666,5,2016;2017;2018;2019;2020
67305199999,-21.55,32.9666666,5,2016;2017;2018;2019;2020
67308099999,-22.0833333,31.6833333,2,2015;2020
67309099999,-22.0833333,33.3666666,6,2015;2016;2017;2018;2019;2020
67315099999,-22.018431,35.313297,6,2015;2016;2017;2018;2019;2020
67323099999,-23.8666666,35.3833333,6,2015;2016;2017;2018;2019;2020
67327099999,-24.05,34.7166667,6,2015;2016;2017;2018;2019;2020
67331099999,-24.4833333,32.0833333,5,2015;2016;2017;2018;2019
67335099999,-25.05,33.6333333,6,2015;2016;2017;2018;2019;2020
67339099999,-25.967,32.6,3,2017;2018;2019
67341099999,-25.920836,32.572606,6,2015;2016;2017;2018;2019;2020
67346099999,-26.2833333,32.1833333,5,2015;2016;2017;2018;2019
67403099999,-9.8,29.0833333,6,2015;2016;2017;2018;2019;2020
67413099999,-8.85,31.3333333,6,2015;2016;2017;2018;2019;2020
67421099999,-9.7,33.2666667,6,2015;2016;2017;2018;2019;2020
67423099999,-9.953569,33.893022,6,2015;2016;2017;2018;2019;2020
67424099999,-10.9666666,33.7333333,6,2015;2016;2017;2018;2019;2020
67441099999,-11.75,24.4333333,5,2015;2016;2018;2019;2020
67442099999,-13.267,31.933,6,2015;2016;2017;2018;2019;2020
67461099999,-11.1,28.85,6,2015;2016;2017;2018;2019;2020
67475099999,-10.2166667,31.1333333,6,2015;2016;2017;2018;2019;2020
67476099999,-10.1,31.25,6,2015;2016;2017;2018;2019;2020
67477099999,-11.9,31.4333333,6,2015;2016;2017;2018;2019;2020
67481099999,-10.1166667,32.6333333,6,2015;2016;2017;2018;2019;2020
67485099999,-11.8833333,33.6166667,6,2015;2016;2017;2018;2019;2020
67489099999,-11.44475,34.011776,6,2015;2016;2017;2018;2019;2020
67493099999,-11.6,34.3,6,2015;2016;2017;2018;2019;2020
67531099999,-13.5333333,23.1166667,6,2015;2016;2017;2018;2019;2020
67541099999,-13.5333333,25.85,6,2015;2016;2017;2018;2019;2020
67551099999,-12.1666667,26.3666667,6,2015;2016;2017;2018;2019;2020
67561099999,-12.9833333,28.65,6,2015;2016;2017;2018;2019;2020
67563099999,-12.6,28.1166666,6,2015;2016;2017;2018;2019;2020
67571099999,-13.2333333,30.2166667,6,2015;2016;2017;2018;2019;2020
67575099999,-13.6333333,29.4333333,6,2015;2016;2017;2018;2019;2020
67580099999,-13.65,32.5666666,6,2015;2016;2017;2018;2019;2020
67581099999,-13.55,32.5833333,6,2015;2016;2017;2018;2019;2020
67583099999,-12.2833333,33.2,6,2015;2016;2017;2018;2019;2020
67584099999,-13.0166666,33.4666666,6,2015;2016;2017;2018;2019;2020
67585099999,-13.9833333,33.6333333,6,2015;2016;2017;2018;2019;2020
67586099999,-13.789378,33.781,6,2015;2016;2017;2018;2019;2020
67589099999,-12.483,34.083,1,2016
67591099999,-12.9166667,34.2666667,6,2015;2016;2017;2018;2019;2020
67597099999,-13.75,34.5833333,6,2015;2016;2017;2018;2019;2020
67625099999,-14.85,22.7,6,2015;2016;2017;2018;2019;2020
67633099999,-15.254542,23.162306,6,2015;2016;2017;2018;2019;2020
67641099999,-14.8,24.8,6,2015;2016;2017;2018;2019;2020
67655099999,-15.0666666,27.1833333,6,2015;2016;2017;2018;2019;2020
67659099999,-15.7666666,27.9166666,6,2015;2016;2017;2018;2019;2020
67662099999,-14.4,28.5,6,2015;2016;2017;2018;2019;2020
67663099999,-14.45,28.4666667,6,2015;2016;2017;2018;2019;2020
67665099999,-15.3333333,28.45,6,2015;2016;2017;2018;2019;2020
67666099999,-15.413825,28.330683,6,2015;2016;2017;2018;2019;2020
67667099999,-15.55,28.25,6,2015;2016;2017;2018;2019;2020
67673099999,-14.25,31.2833333,6,2015;2016;2017;2018;2019;2020
67687099999,-15.7833333,35.0333333,6,2015;2016;2017;2018;2019;2020
67689099999,-14.3166666,34.2666666,6,2015;2016;2017;2018;2019;2020
67690099999,-14.0833333,34.9166667,6,2015;2016;2017;2018;2019;2020
67692099999,-15.5166666,35.2166666,6,2015;2016;2017;2018;2019;2020
67693099999,-15.679053,34.974014,6,2015;2016;2017;2018;2019;2020
67695099999,-14.4333333,35.25,6,2015;2016;2017;2018;2019;2020
67696099999,-14.75,35.667,1,2018
67699099999,-16.0833333,35.5833333,6,2015;2016;2017;2018;2019;2020
67731099999,-16.1,23.2666667,6,2015;2016;2017;2018;2019;2020
67741099999,-17.4666667,24.3,6,2015;2016;2017;2018;2019;2020
67743099999,-17.8,25.8166666,6,2015;2016;2017;2018;2019;2020
67751099999,-16.0,27.6,6,2015;2016;2017;2018;2019;2020
67753099999,-16.8333333,27.0666667,6,2015;2016;2017;2018;2019;2020
67755099999,-17.6166667,27.3333333,6,2015;2016;2017;2018;2019;2020
67761099999,-16.519761,28.884981,6,2015;2016;2017;2018;2019;2020
67765099999,-16.8333333,29.6166667,6,2015;2016;2017;2018;2019;2020
67767099999,-15.6333333,30.4166666,6,2015;2016;2017;2018;2019;2020
67771099999,-17.3666666,30.2,6,2015;2016;2017;2018;2019;2020
67773099999,-16.65,30.7,6,2015;2016;2017;2018;2019;2020
67774099999,-17.8333333,31.0166666,6,2015;2016;2017;2018;2019;2020
67775099999,-17.930219,31.094329,6,2015;2016;2017;2018;2019;2020
67779099999,-16.7833333,31.5833333,6,2015;2016;2017;2018;2019;2020
67781099999,-17.431917,32.184502,6,2015;2016;2017;2018;2019;2020
67785099999,-17.5833333,30.9666666,6,2015;2016;2017;2018;2019;2020
67789099999,-17.0333333,30.9833333,6,2015;2016;2017;2018;2019;2020
67791099999,-15.9166666,35.0666666,6,2015;2016;2017;2018;2019;2020
67796099999,-16.5,34.95,6,2015;2016;2017;2018;2019;2020
67843099999,-18.095881,25.839006,6,2015;2016;2017;2018;2019;2020
67853099999,-18.629872,27.021042,6,2015;2016;2017;2018;2019;2020
67855099999,-18.95,27.8,6,2015;2016;2017;2018;2019;2020
67857099999,-18.2,27.9666666,6,2015;2016;2017;2018;2019;2020
67861099999,-18.2166667,28.9333333,6,2015;2016;2017;2018;2019;2020
67863099999,-19.0,28.9,6,2015;2016;2017;2018;2019;2020
67865099999,-18.9333333,29.8333333,6,2015;2016;2017;2018;2019;2020
67867099999,-19.436394,29.861911,6,2015;2016;2017;2018;2019;2020
67869099999,-18.3166666,29.8833333,6,2015;2016;2017;2018;2019;2020
67871099999,-19.0333333,30.8833333,6,2015;2016;2017;2018;2019;2020
67875099999,-19.3166666,31.4333333,6,2015;2016;2017;2018;2019;2020
67877099999,-18.1833333,31.4666666,6,2015;2016;2017;2018;2019;2020
67881099999,-18.5333333,32.1333333,6,2015;2016;2017;2018;2019;2020
67889099999,-18.2833333,32.75,6,2015;2016;2017;2018;2019;2020
67891099999,-19.3166666,30.6,6,2015;2016;2017;2018;2019;2020
67895099999,-18.7166666,32.85,6,2015;2016;2017;2018;2019;2020
67897099999,-19.8833333,32.8833333,6,2015;2016;2017;2018;2019;2020
67899099999,-18.6166666,31.5666666,6,2015;2016;2017;2018;2019;2020
67951099999,-20.4833333,27.8,6,2015;2016;2017;2018;2019;2020
67961099999,-20.9166666,28.45,6,2015;2016;2017;2018;2019;2020
67963099999,-20.3833333,28.5,6,2015;2016;2017;2018;2019;2020
67964099999,-20.15,28.6166666,6,2015;2016;2017;2018;2019;2020
67965099999,-20.021263,28.626538,6,2015;2016;2017;2018;2019;2020
67967099999,-21.3833333,28.9833333,2,2017;2018
67969099999,-21.05,29.3666666,6,2015;2016;2017;2018;2019;2020
67971099999,-20.3166666,30.0666666,6,2015;2016;2017;2018;2019;2020
67975099999,-20.055333,30.859111,6,2015;2016;2017;2018;2019;2020
67976099999,-20.55,31.0833333,6,2015;2016;2017;2018;2019;2020
67977099999,-21.008083,31.57855,6,2015;2016;2017;2018;2019;2020
67979099999,-20.3333333,31.4666666,6,2015;2016;2017;2018;2019;2020
67983099999,-20.2,32.6166667,6,2015;2016;2017;2018;2019;2020
67991099999,-22.2166667,30.0,6,2015;2016;2017;2018;2019;2020
68002099999,-22.612239,17.080442,6,2015;2016;2017;2018;2019;2020
68002199999,-18.0666666,13.85,2,2015;2018
68002299999,-22.1166666,14.2833333,2,2015;2018
68002399999,-20.3666666,14.9666666,2,2015;2018
68002599999,-17.6333333,24.1666666,6,2015;2016;2017;2018;2019;2020
68002699999,-28.584722,16.446667,1,2015
68002799999,-26.667278,16.291721,1,2015
68002999999,-19.58332,20.5333333,1,2015
68003299999,-21.1333,18.7667,2,2015;2018
68003599999,-24.1666666,19.1666666,1,2015
68004099999,-20.43,16.67,6,2015;2016;2017;2018;2019;2020
68004599999,-17.483017,16.321956,2,2015;2018
68006099999,-17.878214,15.9526,6,2015;2016;2017;2018;2019;2020
68006599999,-24.0167,19.73333,2,2015;2018
68006699999,-28.75,17.6166666,1,2015
68006799999,-24.7666666,16.9833333,1,2015
68006899999,-17.8,15.7,2,2015;2018
68006999999,-18.1166666,21.6166666,1,2015
68007199999,-17.8839,15.06665,2,2015;2018
68007299999,-26.7833333,19.6333333,2,2015;2018
68010099999,-19.1833333,15.9166666,6,2015;2016;2017;2018;2019;2020
68012099999,-19.261906,17.7325,2,2015;2017
68014099999,-19.602167,18.122667,6,2015;2016;2017;2018;2019;2020
68015199999,-28.0,18.75,1,2015
68015299999,-17.5666666,17.2166666,2,2015;2018
68015399999,-19.1333333,13.6,2,2015;2018
68018099999,-17.956461,19.719439,6,2015;2016;2017;2018;2019;2020
68024099999,-21.7,21.65,6,2015;2016;2017;2018;2019;2020
68026099999,-18.3666667,21.85,6,2015;2016;2017;2018;2019;2020
68029099999,-17.832875,25.1624,6,2015;2016;2017;2018;2019;2020
68030099999,-18.5333333,25.6333333,6,2015;2016;2017;2018;2019;2020
68031099999,-19.3333333,23.4166666,1,2015
68032099999,-19.972564,23.431086,6,2015;2016;2017;2018;2019;2020
68038099999,-20.553361,26.115778,6,2015;2016;2017;2018;2019;2020
68040099999,-21.4166667,25.6,6,2015;2016;2017;2018;2019;2020
68054099999,-21.159597,27.474525,6,2015;2016;2017;2018;2019;2020
68070099999,-22.05,27.8166666,6,2015;2016;2017;2018;2019;2020
68098099999,-22.979889,14.645331,6,2015;2016;2017;2018;2019;2020
68102099999,-20.1136111,16.1536111,2,2015;2016
68104199999,-24.605447,17.925419,6,2015;2016;2017;2018;2019;2020
68108099999,-21.2333333,14.85,2,2015;2016
68109099999,-23.8666666,18.0,1,2015
68110099999,-22.5666667,17.1,6,2015;2016;2017;2018;2019;2020
68111099999,-20.07,16.13,2,2015;2018
68111599999,-23.25,17.0666666,2,2015;2018
68112099999,-22.479894,17.47095,6,2015;2016;2017;2018;2019;2020
68114099999,-21.4166666,15.9333333,3,2015;2016;2018
68116099999,-22.5,18.9666666,6,2015;2016;2017;2018;2019;2020
68148099999,-23.0833333,26.8,6,2015;2016;2017;2018;2019;2020
68151099999,-23.3666666,25.85,6,2015;2016;2017;2018;2019;2020
68155099999,-23.6833333,27.7,6,2015;2016;2017;2018;2019;2020
68163099999,-23.6,28.3833333,6,2015;2016;2017;2018;2019;2020
68176099999,-23.15,29.5666666,6,2015;2016;2017;2018;2019;2020
68181099999,-22.6166666,30.1666666,1,2016
68182099999,-23.0833333,30.2833333,6,2015;2016;2017;2018;2019;2020
68183099999,-23.0666666,30.3833333,6,2015;2016;2017;2018;2019;2020
68184099999,-25.1,30.467,6,2015;2016;2017;2018;2019;2020
68185099999,-25.1,30.4666666,4,2015;2018;2019;2020
68186099999,-23.8333333,30.15,6,2015;2016;2017;2018;2019;2020
68186399999,-23.824417,30.329306,1,2015
68188099999,-23.7666666,30.0666666,6,2015;2016;2017;2018;2019;2020
68192099999,-22.967,30.5,4,2017;2018;2019;2020
68196099999,-22.6833333,31.0166666,6,2015;2016;2017;2018;2019;2020
68212099999,-24.5,17.8666667,6,2015;2016;2017;2018;2019;2020
68226099999,-24.0166667,21.8833333,6,2015;2016;2017;2018;2019;2020
68234099999,-24.602333,24.690971,6,2015;2016;2017;2018;2019;2020
68240099999,-24.555225,25.918208,6,2015;2016;2017;2018;2019;2020
68241099999,-24.6833333,26.2,6,2015;2016;2017;2018;2019;2020
68242099999,-25.798444,25.548028,6,2015;2016;2017;2018;2019;2020
68244099999,-24.6666666,25.9166666,2,2015;2016
68253099999,-24.5833333,27.4166666,6,2015;2016;2017;2018;2019;2020
68255099999,-25.65,27.2333333,6,2015;2016;2017;2018;2019;2020
68257099999,-25.25,27.2166666,6,2015;2016;2017;2018;2019;2020
68258099999,-24.233,28.033,6,2015;2016;2017;2018;2019;2020
68261099999,-25.8166666,28.25,5,2015;2016;2017;2018;2019
68262099999,-25.7333333,28.1833333,5,2015;2016;2017;2018;2019
68263099999,-25.9166667,28.2166667,6,2015;2016;2017;2018;2019;2020
68263599999,-25.938514,27.926133,6,2015;2016;2017;2018;2019;2020
68264099999,-25.83,28.2225,6,2015;2016;2017;2018;2019;2020
68264399999,-25.653858,28.224231,6,2015;2016;2017;2018;2019;2020
68264599999,-23.159911,29.696544,6,2015;2016;2017;2018;2019;2020
68265099999,-25.9833333,28.1333333,1,2015
68267099999,-26.5,29.9833333,6,2015;2016;2017;2018;2019;2020
68267199999,-25.986267,28.140061,2,2015;2017
68267299999,-26.15,28.0,6,2015;2016;2017;2018;2019;2020
68267499999,-26.248411,28.397508,6,2015;2016;2017;2018;2019;2020
68267699999,-22.05835,27.828767,6,2015;2016;2017;2018;2019;2020
68267799999,-23.8666667,29.4333333,6,2015;2016;2017;2018;2019;2020
68267899999,-29.122011,30.586706,1,2015
68268099999,-24.9,28.3333333,6,2015;2016;2017;2018;2019;2020
68269099999,-25.7666666,28.2,6,2015;2016;2017;2018;2019;2020
68271099999,-24.2,29.0,6,2015;2016;2017;2018;2019;2020
68272099999,-25.1833333,29.3333333,6,2015;2016;2017;2018;2019;2020
68273099999,-25.8333333,29.1833333,6,2015;2016;2017;2018;2019;2020
68285099999,-25.6916667,30.0344444,6,2015;2016;2017;2018;2019;2020
68287099999,-24.9333333,30.85,6,2015;2016;2017;2018;2019;2020
68289099999,-25.4333333,30.9833333,6,2015;2016;2017;2018;2019;2020
68290099999,-24.368642,31.048744,6,2015;2016;2017;2018;2019;2020
68290399999,-30.562164,25.528286,1,2015
68290499999,-25.383189,31.105603,6,2015;2016;2017;2018;2019;2020
68290599999,-25.333822,27.173358,6,2015;2016;2017;2018;2019;2020
68291099999,-24.35,31.05,6,2015;2016;2017;2018;2019;2020
68295099999,-24.9833333,31.5833333,1,2016
68296099999,-24.9833333,31.6,6,2015;2016;2017;2018;2019;2020
68297099999,-25.5166666,31.9,6,2015;2016;2017;2018;2019;2020
68297499999,-25.832294,29.192019,1,2015
68298099999,-25.9833333,31.9833333,1,2015
68299099999,-25.9666666,31.25,6,2015;2016;2017;2018;2019;2020
68300099999,-26.6833333,15.25,6,2015;2016;2017;2018;2019;2020
68300599999,-26.687369,15.242861,6,2015;2016;2017;2018;2019;2020
68300799999,-26.566372,27.960756,6,2015;2016;2017;2018;2019;2020
68312099999,-26.539828,18.111447,6,2015;2016;2017;2018;2019;2020
68320099999,-25.2666666,23.25,6,2015;2016;2017;2018;2019;2020
68321099999,-25.8166666,29.1666666,1,2017
68322099999,-26.4666666,20.6166666,6,2015;2016;2017;2018;2019;2020
68325099999,-25.45,25.4166666,6,2015;2016;2017;2018;2019;2020
68328099999,-26.05,22.45,6,2015;2016;2017;2018;2019;2020
68329099999,-26.8833333,22.05,6,2015;2016;2017;2018;2019;2020
68331099999,-27.6666666,23.0,6,2015;2016;2017;2018;2019;2020
68333099999,-27.4333333,23.45,6,2015;2016;2017;2018;2019;2020
68335099999,-27.55,24.7666666,6,2015;2016;2017;2018;2019;2020
68335499999,-27.65,23.0,1,2015
68338099999,-26.982408,24.728756,6,2015;2016;2017;2018;2019;2020
68341099999,-26.175672,26.184575,6,2015;2016;2017;2018;2019;2020
68342099999,-26.8166666,26.0166666,6,2015;2016;2017;2018;2019;2020
68343099999,-27.65,25.6166666,6,2015;2016;2017;2018;2019;2020
68345099999,-28.0,26.6666666,6,2015;2016;2017;2018;2019;2020
68346399999,-26.242506,28.151169,6,2015;2016;2017;2018;2019;2020
68346599999,-26.495644,29.979764,6,2015;2016;2017;2018;2019;2020
68347099999,-26.871064,26.718003,6,2015;2016;2017;2018;2019;2020
68349099999,-26.32,26.82,6,2015;2016;2017;2018;2019;2020
68350099999,-26.7333333,27.0666666,6,2015;2016;2017;2018;2019;2020
68351099999,-26.670994,27.0819,1,2015
68353099999,-26.5666666,27.95,6,2015;2016;2017;2018;2019;2020
68355099999,-27.6663889,27.3136111,6,2015;2016;2017;2018;2019;2020
68361099999,-26.15,28.0,6,2015;2016;2017;2018;2019;2020
68362099999,-27.2666666,28.5,6,2015;2016;2017;2018;2019;2020
68363099999,-26.2,28.45,6,2015;2016;2017;2018;2019;2020
68368099999,-26.139166,28.246,5,2015;2016;2017;2018;2020
68370099999,-26.4666666,29.45,3,2015;2016;2019
68375099999,-27.4333333,29.1666666,6,2015;2016;2017;2018;2019;2020
68377099999,-27.7666666,29.9833333,3,2015;2016;2017
68378399999,-27.770586,29.976894,1,2020
68380099999,-26.0666667,30.1166667,5,2015;2017;2018;2019;2020
68380199999,-32.7666667,25.75,4,2015;2016;2017;2018
68382099999,-27.162,31.4389,6,2015;2016;2017;2018;2019;2020
68383099999,-26.9566,31.9552,6,2015;2016;2017;2018;2019;2020
68386099999,-26.1146,31.45,6,2015;2016;2017;2018;2019;2020
68387099999,-27.7833333,30.8,6,2015;2016;2017;2018;2019;2020
68390099999,-25.8833333,31.5,6,2015;2016;2017;2018;2019;2020
68391099999,-26.3333333,31.1333333,1,2016
68392099999,-27.05,31.1,5,2016;2017;2018;2019;2020
68392399999,-26.7043,31.4255,5,2015;2017;2018;2019;2020
68392499999,-26.7222,30.9121,4,2015;2016;2017;2018
68392599999,-26.0819,31.8858,1,2018
68393099999,-27.2666666,31.8166666,3,2015;2016;2019
68395099999,-26.9666666,31.3166666,2,2015;2017
68396099999,-26.529022,31.307519,6,2015;2016;2017;2018;2019;2020
68397099999,-27.4666666,32.5833333,6,2015;2016;2017;2018;2019;2020
68398099999,-26.4333333,31.95,6,2015;2016;2017;2018;2019;2020
68399099999,-26.85,31.9166666,6,2015;2016;2017;2018;2019;2020
68400099999,-27.3833333,32.1833333,6,2015;2016;2017;2018;2019;2020
68403099999,-28.575001,16.533333,6,2015;2016;2017;2018;2019;2020
68408099999,-29.2333333,16.8666666,6,2015;2016;2017;2018;2019;2020
68411099999,-28.7694444,17.6233333,6,2015;2016;2017;2018;2019;2020
68416099999,-29.1333333,19.3833333,6,2015;2016;2017;2018;2019;2020
68416499999,-28.360069,23.439069,1,2016
68424099999,-28.399097,21.260239,6,2015;2016;2017;2018;2019;2020
68425099999,-28.6,20.35,6,2015;2016;2017;2018;2019;2020
68429099999,-28.3333333,23.0666666,6,2015;2016;2017;2018;2019;2020
68438099999,-28.802834,24.765167,6,2015;2016;2017;2018;2019;2020
68442099999,-29.092722,26.302444,6,2015;2016;2017;2018;2019;2020
68443099999,-29.1166666,26.1833333,6,2015;2016;2017;2018;2019;2020
68447099999,-28.95,26.3333333,6,2015;2016;2017;2018;2019;2020
68449099999,-28.8166666,27.9,6,2015;2016;2017;2018;2019;2020
68453399999,-29.462256,27.552503,6,2015;2016;2017;2018;2019;2020
68454099999,-29.304053,27.503458,6,2015;2016;2017;2018;2019;2020
68461099999,-28.248392,28.336125,6,2015;2016;2017;2018;2019;2020
68471099999,-28.3666666,29.3833333,6,2015;2016;2017;2018;2019;2020
68474099999,-28.6833333,28.95,6,2015;2016;2017;2018;2019;2020
68476099999,-28.581667,29.749722,1,2015
68478099999,-29.0,29.8833333,6,2015;2016;2017;2018;2019;2020
68479099999,-28.5666666,29.7666666,6,2015;2016;2017;2018;2019;2020
68481099999,-27.4166666,31.6,6,2015;2016;2017;2018;2019;2020
68485099999,-29.2166666,30.0,6,2015;2016;2017;2018;2019;2020
68487099999,-29.0833333,30.6,6,2015;2016;2017;2018;2019;2020
68488099999,-28.3666666,31.2166666,6,2015;2016;2017;2018;2019;2020
68491099999,-28.2,32.4166666,6,2015;2016;2017;2018;2019;2020
68493099999,-28.320586,31.416519,6,2015;2016;2017;2018;2019;2020
68494099999,-29.15,31.4,6,2015;2016;2017;2018;2019;2020
68495099999,-28.7333333,32.0833333,6,2015;2016;2017;2018;2019;2020
68496099999,-28.5,32.4,1,2015
68496399999,-29.648975,30.398667,2,2015;2019
68497099999,-28.95,31.7,6,2015;2016;2017;2018;2019;2020
68512099999,-29.689333,17.939611,6,2015;2016;2017;2018;2019;2020
68513099999,-30.2,17.2833333,6,2015;2016;2017;2018;2019;2020
68523099999,-30.4666666,20.4833333,6,2015;2016;2017;2018;2019;2020
68524099999,-30.35,21.8166666,6,2015;2016;2017;2018;2019;2020
68527099999,-29.6666666,22.7333333,6,2015;2016;2017;2018;2019;2020
68538099999,-30.6666667,24.0166667,6,2015;2016;2017;2018;2019;2020
68541099999,-29.7536111,25.3230556,6,2015;2016;2017;2018;2019;2020
68543099999,-30.5333333,25.5333333,6,2015;2016;2017;2018;2019;2020
68546099999,-30.7166667,26.7166667,6,2015;2016;2017;2018;2019;2020
68549099999,-29.9,26.8666666,6,2015;2016;2017;2018;2019;2020
68558099999,-30.9333333,27.6,6,2015;2016;2017;2018;2019;2020
68572099999,-29.8,29.35,6,2015;2016;2017;2018;2019;2020
68575099999,-30.15,30.0666666,6,2015;2016;2017;2018;2019;2020
68577099999,-30.5,29.4,6,2015;2016;2017;2018;2019;2020
68579099999,-30.75,30.2666666,6,2015;2016;2017;2018;2019;2020
68580099999,-29.5333333,30.2833333,6,2015;2016;2017;2018;2019;2020
68581099999,-29.6333333,30.4,6,2015;2016;2017;2018;2019;2020
68582099999,-29.65,30.4,6,2015;2016;2017;2018;2019;2020
68583099999,-29.7,31.05,6,2015;2016;2017;2018;2019;2020
68585099999,-30.4,30.6666666,6,2015;2016;2017;2018;2019;2020
68587099999,-31.0666666,30.2333333,6,2015;2016;2017;2018;2019;2020
68588099999,-29.970089,30.950519,6,2015;2016;2017;2018;2019;2020
68589099999,-29.2666666,29.5166666,6,2015;2016;2017;2018;2019;2020
68591099999,-30.85,30.3333333,6,2015;2016;2017;2018;2019;2020
68592099999,-29.6166666,31.1333333,6,2015;2016;2017;2018;2019;2020
68593099999,-29.770606,31.058406,6,2015;2016;2017;2018;2019;2020
68613099999,-32.0333333,18.3333333,6,2015;2016;2017;2018;2019;2020
68614099999,-31.640961,18.544789,6,2015;2016;2017;2018;2019;2020
68618099999,-31.500278,19.725897,6,2015;2016;2017;2018;2019;2020
68619099999,-31.35,19.0833333,6,2015;2016;2017;2018;2019;2020
68624099999,-31.9166666,21.5166666,6,2015;2016;2017;2018;2019;2020
68633099999,-31.1833333,24.95,6,2015;2016;2017;2018;2019;2020
68647099999,-31.9166666,26.8833333,6,2015;2016;2017;2018;2019;2020
68649099999,-31.1166666,26.8,6,2015;2016;2017;2018;2019;2020
68651099999,-31.3333333,27.85,6,2015;2016;2017;2018;2019;2020
68668099999,-31.547903,28.674289,6,2015;2016;2017;2018;2019;2020
68674099999,-31.605886,29.519786,6,2015;2016;2017;2018;2019;2020
68677099999,-31.95,29.1333333,6,2015;2016;2017;2018;2019;2020
68712099999,-32.8333333,17.85,6,2015;2016;2017;2018;2019;2020
68713099999,-33.7166666,18.9666666,6,2015;2016;2017;2018;2019;2020
68714099999,-32.968889,18.160278,6,2015;2016;2017;2018;2019;2020
68715099999,-33.4666666,18.7166666,6,2015;2016;2017;2018;2019;2020
68717099999,-33.0127778,18.9772222,6,2015;2016;2017;2018;2019;2020
68718099999,-33.8,19.9,6,2015;2016;2017;2018;2019;2020
68719099999,-32.95,19.4333333,6,2015;2016;2017;2018;2019;2020
68722099999,-32.3833333,20.6666666,6,2015;2016;2017;2018;2019;2020
68723099999,-33.2,20.8666666,6,2015;2016;2017;2018;2019;2020
68727099999,-32.35,22.55,6,2015;2016;2017;2018;2019;2020
68728099999,-32.35,22.5833333,1,2015
68737099999,-32.2,24.55,6,2015;2016;2017;2018;2019;2020
68744099999,-32.1666666,25.6166666,6,2015;2016;2017;2018;2019;2020
68747099999,-32.7833333,26.6333333,6,2015;2016;2017;2018;2019;2020
68752099999,-32.89715,27.279111,6,2015;2016;2017;2018;2019;2020
68754099999,-32.5166666,27.4666666,6,2015;2016;2017;2018;2019;2020
68811099999,-33.2,18.1166666,6,2015;2016;2017;2018;2019;2020
68813099999,-33.8,18.3666666,6,2015;2016;2017;2018;2019;2020
68815099999,-33.0833333,18.0166666,6,2015;2016;2017;2018;2019;2020
68816099999,-33.964806,18.601667,6,2015;2016;2017;2018;2019;2020
68817099999,-33.9,18.4333333,6,2015;2016;2017;2018;2019;2020
68819099999,-33.9333333,18.4166666,6,2015;2016;2017;2018;2019;2020
68821099999,-33.6166666,19.4666666,6,2015;2016;2017;2018;2019;2020
68823099999,-33.1833333,22.0166666,6,2015;2016;2017;2018;2019;2020
68825099999,-33.5,21.2833333,6,2015;2016;2017;2018;2019;2020
68826099999,-33.606967,22.188978,1,2018
68827099999,-33.9,18.5,6,2015;2016;2017;2018;2019;2020
68828099999,-34.005553,22.378889,6,2015;2016;2017;2018;2019;2020
68832099999,-33.2833333,23.5,6,2015;2016;2017;2018;2019;2020
68833099999,-33.8333333,23.8666666,6,2015;2016;2017;2018;2019;2020
68835099999,-33.7666666,24.8166666,6,2015;2016;2017;2018;2019;2020
68837099999,-33.8,25.6666666,6,2015;2016;2017;2018;2019;2020
68839099999,-33.7,25.4333333,6,2015;2016;2017;2018;2019;2020
68840099999,-33.05,25.7166666,6,2015;2016;2017;2018;2019;2020
68841099999,-33.45,25.75,6,2015;2016;2017;2018;2019;2020
68842099999,-33.984919,25.617275,6,2015;2016;2017;2018;2019;2020
68843099999,-33.5666666,26.8833333,6,2015;2016;2017;2018;2019;2020
68845099999,-33.8333333,26.2833333,4,2015;2016;2017;2018
68849099999,-33.2833333,26.5,6,2015;2016;2017;2018;2019;2020
68858099999,-33.035569,27.825939,6,2015;2016;2017;2018;2019;2020
68902099999,-37.05,-12.3166667,6,2015;2016;2017;2018;2019;2020
68906099999,-40.35,-9.8833333,6,2015;2016;2017;2018;2019;2020
68911099999,-34.15,18.85,6,2015;2016;2017;2018;2019;2020
68912099999,-34.15,18.3166666,6,2015;2016;2017;2018;2019;2020
68916099999,-34.35,18.5,6,2015;2016;2017;2018;2019;2020
68918099999,-34.4333333,19.2166666,6,2015;2016;2017;2018;2019;2020
68920099999,-34.8333333,20.0166666,6,2015;2016;2017;2018;2019;2020
68920399999,-34.5333333,20.0333333,2,2019;2020
68921099999,-34.8,20.0666666,6,2015;2016;2017;2018;2019;2020
68923099999,-34.15,19.9,6,2015;2016;2017;2018;2019;2020
68925099999,-34.1394444,19.0227778,6,2015;2016;2017;2018;2019;2020
68926099999,-34.0833333,21.25,6,2015;2016;2017;2018;2019;2020
68926399999,-34.554861,20.250681,6,2015;2016;2017;2018;2019;2020
68927099999,-34.3666666,21.3833333,6,2015;2016;2017;2018;2019;2020
68928099999,-34.1833333,22.15,6,2015;2016;2017;2018;2019;2020
68931099999,-34.090279,23.327778,6,2015;2016;2017;2018;2019;2020
68933099999,-34.0333333,23.9,6,2015;2016;2017;2018;2019;2020
68935099999,-34.05,23.0833333,6,2015;2016;2017;2018;2019;2020
68939099999,-34.2166666,24.85,6,2015;2016;2017;2018;2019;2020
68994099999,-46.8833333,37.8666667,6,2015;2016;2017;2018;2019;2020
68999099999,-33.9666666,18.6,6,2015;2016;2017;2018;2019;2020
69008699999,0.0,0.0,1,2015
69015093121,34.3,-116.16667,6,2015;2016;2017;2018;2019;2020
70000126492,60.785,-148.83889,6,2015;2016;2017;2018;2019;2020
70019726558,66.6,-159.98611,6,2015;2016;2017;2018;2019;2020
70026027502,71.2834,-156.7815,6,2015;2016;2017;2018;2019;2020
70030027503,70.63917,-159.995,6,2015;2016;2017;2018;2019;2020
70063226645,65.98333,-161.13333,6,2015;2016;2017;2018;2019;2020
70063427408,70.33083,-149.5975,6,2015;2016;2017;2018;2019;2020
70063526465,68.47889,-149.49,6,2015;2016;2017;2018;2019;2020
70063727406,70.1917,-148.4772,6,2015;2016;2017;2018;2019;2020
70063899999,54.85,-163.4166666,6,2015;2016;2017;2018;2019;2020
70086027401,70.13389,-143.57694,6,2015;2016;2017;2018;2019;2020
70104026631,68.86667,-166.13333,6,2015;2016;2017;2018;2019;2020
70104326623,68.35,-166.8,6,2015;2016;2017;2018;2019;2020
70104526649,68.03139,-162.90306,6,2015;2016;2017;2018;2019;2020
70117026634,65.56306,-167.92139,6,2015;2016;2017;2018;2019;2020
70119099999,65.253664,-166.858519,5,2015;2016;2017;2018;2020
70119526625,66.24958,-166.08936,6,2015;2016;2017;2018;2019;2020
70119600102,66.983,-160.433,6,2015;2016;2017;2018;2019;2020
70121026624,69.73288,-163.00533,6,2015;2016;2017;2018;2019;2020
70133026616,66.8667,-162.6333,6,2015;2016;2017;2018;2019;2020
70133326643,66.06889,-162.76389,6,2015;2016;2017;2018;2019;2020
70133526648,67.56611,-162.975,6,2015;2016;2017;2018;2019;2020
70133700103,65.617,-168.1,6,2015;2016;2017;2018;2019;2020
70133899999,61.5333333,-165.5833333,6,2015;2016;2017;2018;2019;2020
70148626642,67.73167,-164.54833,6,2015;2016;2017;2018;2019;2020
70162526542,68.16667,-151.76667,6,2015;2016;2017;2018;2019;2020
70171826551,67.1,-157.85,6,2015;2016;2017;2018;2019;2020
70171900490,66.88808,-157.16241,6,2015;2016;2017;2018;2019;2020
70173026535,66.0,-153.7,6,2015;2016;2017;2018;2019;2020
70174026533,66.9175,-151.5189,6,2015;2016;2017;2018;2019;2020
70174899999,66.8166666,-150.65,6,2015;2016;2017;2018;2019;2020
70178026529,65.175,-152.1067,6,2015;2016;2017;2018;2019;2020
70194026413,66.56667,-145.26667,6,2015;2016;2017;2018;2019;2020
70194546405,68.11472,-145.57944,6,2015;2016;2017;2018;2019;2020
70197526422,64.77667,-141.14833,6,2015;2016;2017;2018;2019;2020
70199526628,64.55044,-163.00716,6,2015;2016;2017;2018;2019;2020
70200026617,64.5111,-165.44,6,2015;2016;2017;2018;2019;2020
70200499999,64.6891944,-163.41275,6,2015;2016;2017;2018;2019;2020
70200526647,62.06167,-163.3,6,2015;2016;2017;2018;2019;2020
70200626502,64.32667,-158.74167,6,2015;2016;2017;2018;2019;2020
70203526704,63.68667,-170.49333,6,2015;2016;2017;2018;2019;2020
70204026703,63.76667,-171.73278,6,2015;2016;2017;2018;2019;2020
70207026627,63.88333,-160.8,6,2015;2016;2017;2018;2019;2020
70207526644,62.65,-160.18333,6,2015;2016;2017;2018;2019;2020
70208426650,62.78528,-164.49111,6,2015;2016;2017;2018;2019;2020
70212026646,61.78333,-166.03333,6,2015;2016;2017;2018;2019;2020
70218526622,60.38333,-166.2,6,2015;2016;2017;2018;2019;2020
70218626651,61.52417,-166.14667,6,2015;2016;2017;2018;2019;2020
70219026615,60.785,-161.8293,6,2015;2016;2017;2018;2019;2020
70219599999,60.6833333,-161.9833333,5,2016;2017;2018;2019;2020
70222026501,64.73667,-156.93444,6,2015;2016;2017;2018;2019;2020
70222326602,64.935,-161.155,6,2015;2016;2017;2018;2019;2020
70231026510,62.9574,-155.6103,6,2015;2016;2017;2018;2019;2020
70231526536,62.89417,-155.97639,6,2015;2016;2017;2018;2019;2020
70232026516,61.58159,-159.54304,6,2015;2016;2017;2018;2019;2020
70232526443,61.57194,-149.54056,6,2015;2016;2017;2018;2019;2020
70235026534,61.1,-155.58333,6,2015;2016;2017;2018;2019;2020
70246026512,63.88611,-152.30194,6,2015;2016;2017;2018;2019;2020
70249026526,62.0911,-152.7349,6,2015;2016;2017;2018;2019;2020
70251026528,62.32,-150.095,6,2015;2016;2017;2018;2019;2020
70255026514,61.9772,-151.2169,2,2015;2016
70259026523,60.5797,-151.2391,6,2015;2016;2017;2018;2019;2020
70259526559,60.47583,-151.03417,6,2015;2016;2017;2018;2019;2020
70260026435,64.55,-149.07167,6,2015;2016;2017;2018;2019;2020
70260696401,62.82639,-149.90667,6,2015;2016;2017;2018;2019;2020
70260725378,58.09619,-135.40875,6,2015;2016;2017;2018;2019;2020
70261026411,64.8039,-147.8761,6,2015;2016;2017;2018;2019;2020
70261526498,64.8375,-147.61444,6,2015;2016;2017;2018;2019;2020
70262500104,63.017,-154.367,6,2015;2016;2017;2018;2019;2020
70262699999,57.58,-157.58,6,2015;2016;2017;2018;2019;2020
70262726561,64.72722,-155.46972,6,2015;2016;2017;2018;2019;2020
70262800105,61.867,-162.033,6,2015;2016;2017;2018;2019;2020
70264546403,63.73333,-148.91667,6,2015;2016;2017;2018;2019;2020
70265026407,64.68333,-147.08333,6,2015;2016;2017;2018;2019;2020
70267026415,63.9944,-145.7214,6,2015;2016;2017;2018;2019;2020
70268527518,70.46722,-157.43583,6,2015;2016;2017;2018;2019;2020
70268600106,59.93161,-164.02811,6,2015;2016;2017;2018;2019;2020
70269700107,59.45,-157.333,6,2015;2016;2017;2018;2019;2020
70270000489,61.2658,-149.6533,6,2015;2016;2017;2018;2019;2020
70271026425,62.1591,-145.4588,6,2015;2016;2017;2018;2019;2020
70271546407,61.94889,-147.16889,6,2015;2016;2017;2018;2019;2020
70271799999,66.600139,-159.98575,1,2016
70272026401,61.25306,-149.79361,6,2015;2016;2017;2018;2019;2020
70272526491,61.17806,-149.96639,6,2015;2016;2017;2018;2019;2020
70273026451,61.169,-150.0278,6,2015;2016;2017;2018;2019;2020
70273526409,61.21694,-149.855,6,2015;2016;2017;2018;2019;2020
70274025331,61.5961,-149.0916,6,2015;2016;2017;2018;2019;2020
70274626497,61.41639,-149.50722,6,2015;2016;2017;2018;2019;2020
70275626479,61.1315,-146.2435,6,2015;2016;2017;2018;2019;2020
70275827517,70.34417,-150.94472,6,2015;2016;2017;2018;2019;2020
70277026438,60.12833,-149.41667,6,2015;2016;2017;2018;2019;2020
70291026412,62.9617,-141.9878,6,2015;2016;2017;2018;2019;2020
70296026410,60.4888,-145.4511,6,2015;2016;2017;2018;2019;2020
70298626557,60.81417,-152.29694,2,2018;2019
70305025623,58.65,-162.06667,6,2015;2016;2017;2018;2019;2020
70305126521,62.18333,-159.76667,6,2015;2016;2017;2018;2019;2020
70305226652,61.53639,-160.34139,6,2015;2016;2017;2018;2019;2020
70305326654,61.775,-161.31944,6,2015;2016;2017;2018;2019;2020
70305400108,61.85,-165.567,6,2015;2016;2017;2018;2019;2020
70305500109,58.983,-159.05,6,2015;2016;2017;2018;2019;2020
70305626635,62.09528,-163.68194,6,2015;2016;2017;2018;2019;2020
70305726653,60.54139,-165.08722,6,2015;2016;2017;2018;2019;2020
70305800110,56.017,-161.167,6,2015;2016;2017;2018;2019;2020
70305999999,55.17,-162.27,6,2015;2016;2017;2018;2019;2020
70306125521,59.32417,-155.90167,6,2015;2016;2017;2018;2019;2020
70308025713,57.1552,-170.2222,6,2015;2016;2017;2018;2019;2020
70316025624,55.2207,-162.7324,6,2015;2016;2017;2018;2019;2020
70316525617,55.31944,-160.52083,6,2015;2016;2017;2018;2019;2020
70321025513,59.05,-158.5167,6,2015;2016;2017;2018;2019;2020
70326025503,58.6829,-156.6563,6,2015;2016;2017;2018;2019;2020
70333025508,56.95917,-158.63167,6,2015;2016;2017;2018;2019;2020
70333325518,56.31139,-158.37306,6,2015;2016;2017;2018;2019;2020
70333425519,58.18528,-157.38556,6,2015;2016;2017;2018;2019;2020
70333599999,58.7,-157.0,5,2016;2017;2018;2019;2020
70340025506,59.7494,-154.9089,6,2015;2016;2017;2018;2019;2020
70340626546,60.2036,-154.3163,6,2015;2016;2017;2018;2019;2020
70340726553,61.71667,-157.15,6,2015;2016;2017;2018;2019;2020
70341025507,59.642,-151.4908,6,2015;2016;2017;2018;2019;2020
70343025402,59.43333,-146.33333,6,2015;2016;2017;2018;2019;2020
70350025501,57.7511,-152.4855,6,2015;2016;2017;2018;2019;2020
70360525604,59.01139,-161.81972,6,2015;2016;2017;2018;2019;2020
70360625629,59.06667,-160.36667,6,2015;2016;2017;2018;2019;2020
70361025339,59.512,-139.6712,6,2015;2016;2017;2018;2019;2020
70362025335,59.4556,-135.3239,6,2015;2016;2017;2018;2019;2020
70362125516,59.44333,-151.70167,6,2015;2016;2017;2018;2019;2020
70362625323,59.2433,-135.5094,6,2015;2016;2017;2018;2019;2020
70364427515,70.21167,-151.00167,6,2015;2016;2017;2018;2019;2020
70365526552,65.69778,-156.35139,6,2015;2016;2017;2018;2019;2020
70365699999,59.75,-161.8333333,6,2015;2016;2017;2018;2019;2020
70367025322,58.4111,-135.7089,6,2015;2016;2017;2018;2019;2020
70371025333,57.0481,-135.3647,6,2015;2016;2017;2018;2019;2020
70381025309,58.3566,-134.564,6,2015;2016;2017;2018;2019;2020
70381725357,58.1916,-136.3435,6,2015;2016;2017;2018;2019;2020
70383025310,57.49889,-134.58639,6,2015;2016;2017;2018;2019;2020
70383525628,56.6,-169.565,6,2015;2016;2017;2018;2019;2020
70385525369,56.96667,-133.9,6,2015;2016;2017;2018;2019;2020
70386025329,56.8055,-132.9372,6,2015;2016;2017;2018;2019;2020
70387025338,56.4732,-132.3874,6,2015;2016;2017;2018;2019;2020
70388425376,55.20631,-132.82831,6,2015;2016;2017;2018;2019;2020
70388625348,56.2472,-134.6447,1,2015
70388800111,64.37,-161.224,6,2015;2016;2017;2018;2019;2020
70389199999,64.6166666,-162.2666666,6,2015;2016;2017;2018;2019;2020
70389425367,55.58,-133.075,6,2015;2016;2017;2018;2019;2020
70392500112,59.733,-157.267,6,2015;2016;2017;2018;2019;2020
70392699999,56.9333333,-154.1833333,6,2015;2016;2017;2018;2019;2020
70395025325,55.35,-131.65,6,2015;2016;2017;2018;2019;2020
70398025308,55.0389,-131.5787,5,2015;2016;2017;2018;2019
70398525377,55.13104,-131.57806,6,2015;2016;2017;2018;2019;2020
70414045715,52.71667,174.1,6,2015;2016;2017;2018;2019;2020
70454025704,51.88333,-176.65,6,2015;2016;2017;2018;2019;2020
70489025616,53.895,-166.5433,6,2015;2016;2017;2018;2019;2020
70489800113,66.818,-161.022,6,2015;2016;2017;2018;2019;2020
71001099999,61.371111,-139.040556,6,2015;2016;2017;2018;2019;2020
71002099999,53.5666666,-64.1,6,2015;2016;2017;2018;2019;2020
71003099999,53.75,-73.6833333,2,2015;2017
71005099999,53.1,-111.1666666,6,2015;2016;2017;2018;2019;2020
71006099999,52.3,-111.7666666,6,2015;2016;2017;2018;2019;2020
71007099999,50.0166666,-113.2166666,6,2015;2016;2017;2018;2019;2020
71008099999,50.8833333,-112.45,6,2015;2016;2017;2018;2019;2020
71009099999,51.3666666,-113.35,6,2015;2016;2017;2018;2019;2020
71010099999,52.5833333,-111.4666666,6,2015;2016;2017;2018;2019;2020
71011099999,51.9833333,-112.8,6,2015;2016;2017;2018;2019;2020
71012099999,52.3333333,-110.5,6,2015;2016;2017;2018;2019;2020
71013099999,51.7666666,-112.25,6,2015;2016;2017;2018;2019;2020
71014099999,52.1833333,-113.1833333,6,2015;2016;2017;2018;2019;2020
71015099999,49.2833333,-112.5333333,6,2015;2016;2017;2018;2019;2020
71016099999,49.15,-113.55,6,2015;2016;2017;2018;2019;2020
71017099999,73.75,-105.2833333,6,2015;2016;2017;2018;2019;2020
71018099999,74.7166666,-94.9833333,6,2015;2016;2017;2018;2019;2020
71019099999,47.15,-67.8166666,3,2015;2016;2017
71020099999,61.2333333,-123.7333333,6,2015;2016;2017;2018;2019;2020
71020599999,64.1833333,-114.0833333,6,2015;2016;2017;2018;2019;2020
71021099999,61.25,-124.4666666,6,2015;2016;2017;2018;2019;2020
71022099999,54.2833333,-130.4333333,6,2015;2016;2017;2018;2019;2020
71023099999,54.92,-109.95,6,2015;2016;2017;2018;2019;2020
71024099999,58.3833333,-116.0333333,6,2015;2016;2017;2018;2019;2020
71026099999,50.0333333,-110.7166666,6,2015;2016;2017;2018;2019;2020
71026799999,46.3,-63.5833333,6,2015;2016;2017;2018;2019;2020
71027099999,46.6666666,-60.4,6,2015;2016;2017;2018;2019;2020
71028099999,51.6666666,-124.4,6,2015;2016;2017;2018;2019;2020
71029099999,70.75,-117.8,6,2015;2016;2017;2018;2019;2020
71030099999,44.7,-66.8,6,2015;2016;2017;2018;2019;2020
71031099999,48.42,-123.23,6,2015;2016;2017;2018;2019;2020
71032099999,49.4666666,-120.5,6,2015;2016;2017;2018;2019;2020
71033099999,57.25,-105.6,6,2015;2016;2017;2018;2019;2020
71034899999,55.687222,-121.626667,6,2015;2016;2017;2018;2019;2020
71034999999,55.0833333,-59.1833333,6,2015;2016;2017;2018;2019;2020
71035099999,51.6166666,-113.65,6,2015;2016;2017;2018;2019;2020
71035499999,51.299167,-116.982222,6,2015;2016;2017;2018;2019;2020
71035599999,60.2333333,-123.4833333,6,2015;2016;2017;2018;2019;2020
71035699999,64.7,-110.6166667,6,2015;2016;2017;2018;2019;2020
71035899999,65.210556,-123.435833,6,2015;2016;2017;2018;2019;2020
71035999999,45.27,-72.17,6,2015;2016;2017;2018;2019;2020
71036099999,51.100834,-100.0525,6,2015;2016;2017;2018;2019;2020
71036799999,45.367,-72.767,6,2015;2016;2017;2018;2019;2020
71036999999,48.55,-123.233,1,2018
71037099999,49.3302777,-123.264722,6,2015;2016;2017;2018;2019;2020
71037699999,54.678055,-101.681667,6,2015;2016;2017;2018;2019;2020
71037799999,56.37,-94.7,6,2015;2016;2017;2018;2019;2020
71038099999,46.6,-66.0166666,6,2015;2016;2017;2018;2019;2020
71039099999,62.1166666,-136.2,6,2015;2016;2017;2018;2019;2020
71040099999,48.3,-71.1166666,6,2015;2016;2017;2018;2019;2020
71041099999,45.656667,-61.368056,6,2015;2016;2017;2018;2019;2020
71041599999,44.37,-64.3,6,2015;2016;2017;2018;2019;2020
71042099999,49.1333333,-123.0,6,2015;2016;2017;2018;2019;2020
71043099999,65.28132,-126.79857,6,2015;2016;2017;2018;2019;2020
71043599999,66.240833,-128.650833,6,2015;2016;2017;2018;2019;2020
71044099999,67.5666666,-139.8333333,6,2015;2016;2017;2018;2019;2020
71045099999,60.1666666,-132.7333333,6,2015;2016;2017;2018;2019;2020
71045599999,60.172779,-132.742778,6,2015;2016;2017;2018;2019;2020
71046099999,69.62,-140.2,4,2015;2016;2017;2018
71047099999,53.45,-111.25,6,2015;2016;2017;2018;2019;2020
71048099999,51.05,-110.3166666,6,2015;2016;2017;2018;2019;2020
71049099999,65.8666666,-89.4333333,6,2015;2016;2017;2018;2019;2020
71050099999,52.1,-124.1333333,6,2015;2016;2017;2018;2019;2020
71051099999,49.3666666,-110.6833333,6,2015;2016;2017;2018;2019;2020
71051327201,72.0,-125.267,6,2015;2016;2017;2018;2019;2020
71051499999,48.755278,-86.344444,6,2015;2016;2017;2018;2019;2020
71052099999,68.9,-133.93,4,2015;2016;2017;2018
71055099999,67.0213889,-126.123055,6,2015;2016;2017;2018;2019;2020
71056099999,58.7666666,-111.1166666,6,2015;2016;2017;2018;2019;2020
71056399999,55.733,-120.183,6,2015;2016;2017;2018;2019;2020
71057099999,50.6666666,-113.3333333,6,2015;2016;2017;2018;2019;2020
71058099999,69.6666667,-121.6666667,4,2015;2016;2017;2018
71059099999,69.27,-119.22,4,2015;2016;2017;2018
71060099999,52.4666666,-116.0666666,6,2015;2016;2017;2018;2019;2020
71061099999,54.1,-114.45,6,2015;2016;2017;2018;2019;2020
71062099999,53.15,-115.1166666,6,2015;2016;2017;2018;2019;2020
71063099999,45.3833333,-75.7166666,6,2015;2016;2017;2018;2019;2020
71063399999,61.180832,-113.689722,6,2015;2016;2017;2018;2019;2020
71064099999,69.03,-107.82,6,2015;2016;2017;2018;2019;2020
71065099999,53.7166666,-111.1166666,6,2015;2016;2017;2018;2019;2020
71066099999,58.621389,-117.164722,6,2015;2016;2017;2018;2019;2020
71067099999,53.2666666,-113.1666666,6,2015;2016;2017;2018;2019;2020
71068099999,56.226944,-117.447222,6,2015;2016;2017;2018;2019;2020
71069099999,55.293056,-114.777222,6,2015;2016;2017;2018;2019;2020
71070099999,49.2166666,-111.1333333,6,2015;2016;2017;2018;2019;2020
71072099999,48.3666666,-89.3166666,6,2015;2016;2017;2018;2019;2020
71073099999,50.6,-112.8,6,2015;2016;2017;2018;2019;2020
71073599999,62.2333333,-92.6,6,2015;2016;2017;2018;2019;2020
71074099999,78.7833333,-103.55,6,2015;2016;2017;2018;2019;2020
71075099999,58.1833333,-103.7,6,2015;2016;2017;2018;2019;2020
71076099999,59.5666666,-108.4833333,6,2015;2016;2017;2018;2019;2020
71077099999,55.8333333,-108.4333333,6,2015;2016;2017;2018;2019;2020
71077499999,55.841944,-108.4175,6,2015;2016;2017;2018;2019;2020
71078099999,56.863888,-101.07611,6,2015;2016;2017;2018;2019;2020
71079099999,55.801111,-97.864166,6,2015;2016;2017;2018;2019;2020
71081099999,68.776111,-81.243611,6,2015;2016;2017;2018;2019;2020
71081499999,69.3666667,-81.8166667,6,2015;2016;2017;2018;2019;2020
71082399999,82.517778,-62.280556,6,2015;2016;2017;2018;2019;2020
71083099999,62.81139,-92.115833,6,2015;2016;2017;2018;2019;2020
71084099999,68.32,-100.08,6,2015;2016;2017;2018;2019;2020
71085099999,49.5166666,-114.0,6,2015;2016;2017;2018;2019;2020
71087099999,61.3166666,-117.6,6,2015;2016;2017;2018;2019;2020
71088099999,69.07,-79.07,6,2015;2016;2017;2018;2019;2020
71089099999,52.5833333,-110.35,6,2015;2016;2017;2018;2019;2020
71090099999,70.486111,-68.516667,6,2015;2016;2017;2018;2019;2020
71091099999,68.88,-75.13,3,2015;2016;2017
71092099999,68.65,-71.17,6,2015;2016;2017;2018;2019;2020
71093099999,68.4666667,-66.783333,4,2015;2016;2017;2018
71093499999,66.145,-65.713611,6,2015;2016;2017;2018;2019;2020
71094099999,66.65,-61.3833333,6,2015;2016;2017;2018;2019;2020
71094499999,66.521389,-86.224722,6,2015;2016;2017;2018;2019;2020
71095099999,72.683334,-77.966667,6,2015;2016;2017;2018;2019;2020
71096099999,67.53,-63.78,4,2015;2016;2017;2018
71096499999,67.545833,-64.031389,6,2015;2016;2017;2018;2019;2020
71097099999,63.33,-64.15,6,2015;2016;2017;2018;2019;2020
71098099999,53.0666666,-93.35,6,2015;2016;2017;2018;2019;2020
71099099999,56.0166666,-87.6833333,6,2015;2016;2017;2018;2019;2020
71101099999,53.25,-131.8,6,2015;2016;2017;2018;2019;2020
71102099999,53.0166666,-110.1,6,2015;2016;2017;2018;2019;2020
71103099999,53.026112,-122.510278,6,2015;2016;2017;2018;2019;2020
71104099999,52.183056,-122.054167,6,2015;2016;2017;2018;2019;2020
71105099999,50.25,-111.7,6,2015;2016;2017;2018;2019;2020
71106094234,49.08333,-125.76667,6,2015;2016;2017;2018;2019;2020
71107099999,51.9333333,-131.0,6,2015;2016;2017;2018;2019;2020
71108099999,49.025278,-122.363333,6,2015;2016;2017;2018;2019;2020
71109099999,50.680556,-127.366667,6,2015;2016;2017;2018;2019;2020
71110099999,46.9166666,-55.3833333,6,2015;2016;2017;2018;2019;2020
71111099999,53.25,-131.8,2,2015;2017
71112099999,49.1666666,-123.0666666,4,2015;2016;2017;2018
71113099999,49.25,-121.7666666,6,2015;2016;2017;2018;2019;2020
71114099999,49.3666666,-121.4833333,6,2015;2016;2017;2018;2019;2020
71115099999,50.2166666,-119.1833333,6,2015;2016;2017;2018;2019;2020
71116099999,49.1166666,-110.4666666,6,2015;2016;2017;2018;2019;2020
71118099999,52.8166666,-111.1,6,2015;2016;2017;2018;2019;2020
71120099999,54.404999,-110.279444,6,2015;2016;2017;2018;2019;2020
71121099999,53.6666667,-113.4666667,6,2015;2016;2017;2018;2019;2020
71122099999,51.2,-115.55,6,2015;2016;2017;2018;2019;2020
71123099999,53.309723,-113.579722,6,2015;2016;2017;2018;2019;2020
71123399999,53.6675,-113.854444,6,2015;2016;2017;2018;2019;2020
71125099999,54.125278,-108.522778,6,2015;2016;2017;2018;2019;2020
71125399999,54.133,-108.533,6,2015;2016;2017;2018;2019;2020
71127099999,53.55,-114.116666,6,2015;2016;2017;2018;2019;2020
71129099999,51.5175,-109.180833,6,2015;2016;2017;2018;2019;2020
71130099999,53.3333333,-104.0,6,2015;2016;2017;2018;2019;2020
71131099999,49.4333333,-108.9833333,6,2015;2016;2017;2018;2019;2020
71132099999,59.25,-105.8333333,6,2015;2016;2017;2018;2019;2020
71133099999,53.3666666,-107.55,6,2015;2016;2017;2018;2019;2020
71134099999,59.22,-109.7,2,2015;2017
71135099999,49.1666666,-105.9833333,6,2015;2016;2017;2018;2019;2020
71136099999,49.9,-99.95,6,2015;2016;2017;2018;2019;2020
71137099999,49.0666666,-107.5833333,6,2015;2016;2017;2018;2019;2020
71138099999,51.264721,-102.461667,6,2015;2016;2017;2018;2019;2020
71139099999,49.65,-109.5166666,6,2015;2016;2017;2018;2019;2020
71140099999,49.9166666,-99.95,6,2015;2016;2017;2018;2019;2020
71141099999,70.6333333,-100.2666666,6,2015;2016;2017;2018;2019;2020
71142099999,50.3,-107.6833333,6,2015;2016;2017;2018;2019;2020
71144099999,50.4994444,-98.0366667,6,2015;2016;2017;2018;2019;2020
71145099999,53.85,-94.65,6,2015;2016;2017;2018;2019;2020
71147099999,49.5,-98.0333333,6,2015;2016;2017;2018;2019;2020
71148099999,49.1833333,-98.9,6,2015;2016;2017;2018;2019;2020
71149099999,50.7166666,-99.5333333,6,2015;2016;2017;2018;2019;2020
71150099999,50.45,-100.6,6,2015;2016;2017;2018;2019;2020
71151099999,49.7833333,-94.3666666,6,2015;2016;2017;2018;2019;2020
71152099999,47.6166666,-57.6166666,6,2015;2016;2017;2018;2019;2020
71153099999,49.2,-113.2833333,6,2015;2016;2017;2018;2019;2020
71154099999,49.1333333,-113.8166666,6,2015;2016;2017;2018;2019;2020
71155099999,53.3,-113.6,6,2015;2016;2017;2018;2019;2020
71156099999,53.5833333,-116.4666666,6,2015;2016;2017;2018;2019;2020
71157099999,53.5666666,-113.5166666,6,2015;2016;2017;2018;2019;2020
71158099999,52.35,-97.0333333,6,2015;2016;2017;2018;2019;2020
71159099999,48.5666666,-58.5666666,6,2015;2016;2017;2018;2019;2020
71160099999,62.7,-109.15,6,2015;2016;2017;2018;2019;2020
71161099999,44.6333333,-75.7333333,6,2015;2016;2017;2018;2019;2020
71162099999,61.9166666,-113.7166666,6,2015;2016;2017;2018;2019;2020
71163099999,63.1333333,-117.25,6,2015;2016;2017;2018;2019;2020
71164099999,67.1666666,-130.2166666,6,2015;2016;2017;2018;2019;2020
71165099999,64.1166666,-117.3333333,6,2015;2016;2017;2018;2019;2020
71166099999,60.4333333,-121.2333333,2,2019;2020
71167099999,53.5666666,-116.45,6,2015;2016;2017;2018;2019;2020
71168099999,43.7333333,-96.6333333,6,2015;2016;2017;2018;2019;2020
71170099999,49.9,-99.35,6,2015;2016;2017;2018;2019;2020
71171099999,43.1833333,-79.4,6,2015;2016;2017;2018;2019;2020
71172099999,45.3333333,-80.0333333,6,2015;2016;2017;2018;2019;2020
71174099999,61.094166,-94.070833,6,2015;2016;2017;2018;2019;2020
71175099999,50.1333333,-122.95,6,2015;2016;2017;2018;2019;2020
71176099999,59.98,-64.17,4,2015;2016;2017;2018
71177099999,57.13,-61.48,3,2015;2016;2017
71178099999,48.6666666,-53.1166666,6,2015;2016;2017;2018;2019;2020
71179099999,54.72,-58.35,4,2015;2016;2017;2018
71180099999,47.7,-59.3,6,2015;2016;2017;2018;2019;2020
71181099999,47.1333333,-55.3166666,4,2015;2016;2017;2018
71183099999,45.4666666,-73.7333333,6,2015;2016;2017;2018;2019;2020
71184099999,45.7166666,-73.3833333,2,2015;2016
71185099999,50.2333333,-57.5833333,3,2015;2016;2017
71186099999,48.3666666,-70.5333333,5,2015;2016;2017;2018;2020
71187099999,49.3666666,-121.5,2,2015;2017
71188099999,48.775278,-64.478611,6,2015;2016;2017;2018;2019;2020
71189099999,48.2666666,-70.1166666,6,2015;2016;2017;2018;2019;2020
71190099999,48.1333333,-69.7,6,2015;2016;2017;2018;2019;2020
71191099999,45.6,-64.95,6,2015;2016;2017;2018;2019;2020
71192099999,53.0166666,-122.5,6,2015;2016;2017;2018;2019;2020
71193099999,48.55,-81.3833333,6,2015;2016;2017;2018;2019;2020
71196099999,45.8666666,-77.25,6,2015;2016;2017;2018;2019;2020
71196699999,49.1166666,-53.5833333,6,2015;2016;2017;2018;2019;2020
71197099999,47.5666666,-59.15,3,2015;2016;2017
71198099999,46.1833333,-72.9166666,6,2015;2016;2017;2018;2019;2020
71199099999,60.1166666,-128.8166666,6,2015;2016;2017;2018;2019;2020
71200099999,48.4,-123.3166666,6,2015;2016;2017;2018;2019;2020
71201099999,49.2833333,-123.1166666,6,2015;2016;2017;2018;2019;2020
71202099999,52.7833333,-112.4333333,6,2015;2016;2017;2018;2019;2020
71203099999,49.956112,-119.377778,6,2015;2016;2017;2018;2019;2020
71204099999,49.1,-107.0166666,6,2015;2016;2017;2018;2019;2020
71206099999,52.387501,-126.595833,6,2015;2016;2017;2018;2019;2020
71207099999,49.7833333,-123.1666666,6,2015;2016;2017;2018;2019;2020
71208099999,53.8166666,-89.9,6,2015;2016;2017;2018;2019;2020
71208199999,49.834167,-124.5,6,2015;2016;2017;2018;2019;2020
71209099999,49.1,-123.3,6,2015;2016;2017;2018;2019;2020
71211099999,49.483,-123.3,6,2015;2016;2017;2018;2019;2020
71212099999,47.3166666,-71.1333333,6,2015;2016;2017;2018;2019;2020
71213099999,47.6833333,-79.8333333,6,2015;2016;2017;2018;2019;2020
71214099999,52.1166666,-110.1,6,2015;2016;2017;2018;2019;2020
71215099999,49.0333333,-119.4333333,6,2015;2016;2017;2018;2019;2020
71216099999,50.2666666,-117.8166666,6,2015;2016;2017;2018;2019;2020
71217099999,50.2666666,-113.35,6,2015;2016;2017;2018;2019;2020
71218099999,50.7,-119.2833333,6,2015;2016;2017;2018;2019;2020
71219099999,54.1666666,-130.35,6,2015;2016;2017;2018;2019;2020
71220099999,54.2958333,-130.608888,6,2015;2016;2017;2018;2019;2020
71221099999,56.3,-119.7333333,6,2015;2016;2017;2018;2019;2020
71222099999,58.4333333,-130.0333333,6,2015;2016;2017;2018;2019;2020
71223099999,51.9333333,-110.7,6,2015;2016;2017;2018;2019;2020
71224099999,49.05,-112.8166666,6,2015;2016;2017;2018;2019;2020
71225099999,49.4833333,-111.4833333,6,2015;2016;2017;2018;2019;2020
71226099999,55.3833333,-116.4666666,5,2015;2016;2017;2019;2020
71227099999,53.1833333,-112.2333333,6,2015;2016;2017;2018;2019;2020
71228099999,52.8333333,-111.8666666,6,2015;2016;2017;2018;2019;2020
71229099999,56.9666666,-117.45,6,2015;2016;2017;2018;2019;2020
71230099999,55.2,-119.4,6,2015;2016;2017;2018;2019;2020
71231099999,49.7333333,-111.45,6,2015;2016;2017;2018;2019;2020
71232099999,51.0833333,-115.0666666,6,2015;2016;2017;2018;2019;2020
71233099999,53.0833333,-114.4333333,6,2015;2016;2017;2018;2019;2020
71234099999,50.0,-113.6333333,6,2015;2016;2017;2018;2019;2020
71235099999,51.0666666,-114.2166666,6,2015;2016;2017;2018;2019;2020
71236099999,49.6166666,-114.4833333,6,2015;2016;2017;2018;2019;2020
71237099999,51.4333333,-112.6666666,6,2015;2016;2017;2018;2019;2020
71238099999,53.6833333,-112.8666666,6,2015;2016;2017;2018;2019;2020
71239099999,49.55,-99.0666666,6,2015;2016;2017;2018;2019;2020
71240099999,51.6666666,-110.2,6,2015;2016;2017;2018;2019;2020
71242099999,52.45,-113.75,6,2015;2016;2017;2018;2019;2020
71243099999,49.7,-112.7666666,6,2015;2016;2017;2018;2019;2020
71244099999,49.1333333,-112.05,6,2015;2016;2017;2018;2019;2020
71245099999,50.9333333,-115.1833333,6,2015;2016;2017;2018;2019;2020
71246099999,56.5333333,-115.2666666,6,2015;2016;2017;2018;2019;2020
71248099999,51.7666666,-114.6833333,6,2015;2016;2017;2018;2019;2020
71249099999,51.7675,-113.205555,6,2015;2016;2017;2018;2019;2020
71250099999,47.5166666,-52.7833333,6,2015;2016;2017;2018;2019;2020
71251099999,50.05,-112.1333333,6,2015;2016;2017;2018;2019;2020
71252099999,53.3833333,-118.3333333,6,2015;2016;2017;2018;2019;2020
71253099999,58.7,-113.8666666,6,2015;2016;2017;2018;2019;2020
71254099999,53.0333333,-112.8166666,6,2015;2016;2017;2018;2019;2020
71255099999,57.0333333,-111.55,6,2015;2016;2017;2018;2019;2020
71256099999,54.15,-115.7833333,2,2015;2016
71257099999,51.65,-112.6666666,6,2015;2016;2017;2018;2019;2020
71258099999,51.75,-114.0666666,6,2015;2016;2017;2018;2019;2020
71259099999,51.1166666,-111.7,6,2015;2016;2017;2018;2019;2020
71260099999,46.485001,-84.509445,6,2015;2016;2017;2018;2019;2020
71261099999,43.7666666,-81.7166666,6,2015;2016;2017;2018;2019;2020
71262599999,43.191666,-79.171667,6,2015;2016;2017;2018;2019;2020
71263099999,43.173611,-79.935,6,2015;2016;2017;2018;2019;2020
71264099999,44.6333333,-63.5166666,6,2015;2016;2017;2018;2019;2020
71264399999,43.862221,-79.37,5,2015;2016;2017;2018;2019
71265099999,43.6166666,-79.3833333,6,2015;2016;2017;2018;2019;2020
71267099999,49.6333333,-112.8,6,2015;2016;2017;2018;2019;2020
71268099999,54.8166666,-127.1833333,6,2015;2016;2017;2018;2019;2020
71269099999,50.3,-110.0833333,6,2015;2016;2017;2018;2019;2020
71270099999,44.5,-80.2166666,6,2015;2016;2017;2018;2019;2020
71271099999,54.6333333,-113.3833333,6,2015;2016;2017;2018;2019;2020
71272099999,58.7,-98.5,6,2015;2016;2017;2018;2019;2020
71273099999,54.0166666,-109.1333333,6,2015;2016;2017;2018;2019;2020
71274099999,54.2666666,-112.4833333,6,2015;2016;2017;2018;2019;2020
71275099999,54.0,-111.2666666,6,2015;2016;2017;2018;2019;2020
71276099999,53.6166666,-111.6666666,6,2015;2016;2017;2018;2019;2020
71277099999,55.0833333,-117.1833333,6,2015;2016;2017;2018;2019;2020
71278099999,53.3333333,-110.8666666,6,2015;2016;2017;2018;2019;2020
71279099999,50.2166666,-66.25,6,2015;2016;2017;2018;2019;2020
71281099999,44.4166666,-75.85,2,2019;2020
71282099999,44.5333333,-79.2166666,6,2015;2016;2017;2018;2019;2020
71283099999,56.1166666,-117.8833333,6,2015;2016;2017;2018;2019;2020
71284099999,53.9166666,-113.9166666,6,2015;2016;2017;2018;2019;2020
71285099999,54.2833333,-112.9666666,6,2015;2016;2017;2018;2019;2020
71286099999,53.9166666,-112.2666666,6,2015;2016;2017;2018;2019;2020
71287099999,54.7666666,-112.8166666,6,2015;2016;2017;2018;2019;2020
71288099999,69.1,-105.1333333,6,2015;2016;2017;2018;2019;2020
71289099999,52.3333333,-112.5833333,6,2015;2016;2017;2018;2019;2020
71290099999,55.2833333,-123.1333333,2,2015;2017
71291099999,49.15,-88.3333333,6,2015;2016;2017;2018;2019;2020
71292099999,51.2666666,-102.4666666,6,2015;2016;2017;2018;2019;2020
71293099999,68.7833333,-81.25,6,2015;2016;2017;2018;2019;2020
71294099999,45.0666666,-77.8666666,6,2015;2016;2017;2018;2019;2020
71295099999,50.6333333,-93.2166666,6,2015;2016;2017;2018;2019;2020
71296099999,44.2333333,-79.7833333,6,2015;2016;2017;2018;2019;2020
71297099999,43.2833333,-79.9,6,2015;2016;2017;2018;2019;2020
71298099999,42.0333333,-82.9,6,2015;2016;2017;2018;2019;2020
71299099999,49.4,-82.4333333,6,2015;2016;2017;2018;2019;2020
71300099999,45.0,-75.6333333,6,2015;2016;2017;2018;2019;2020
71301099999,48.15,-80.0,6,2015;2016;2017;2018;2019;2020
71302099999,53.8833333,-122.6666666,6,2015;2016;2017;2018;2019;2020
71303099999,41.9333333,-82.5166666,6,2015;2016;2017;2018;2019;2020
71304099999,49.4666666,-114.1833333,6,2015;2016;2017;2018;2019;2020
71304199999,45.25,-74.967,6,2015;2016;2017;2018;2019;2020
71306099999,58.4666666,-78.0833333,6,2015;2016;2017;2018;2019;2020
71307099999,42.45,-81.8833333,6,2015;2016;2017;2018;2019;2020
71308099999,45.6,-61.6666666,6,2015;2016;2017;2018;2019;2020
71309099999,51.2833333,-80.6166666,6,2015;2016;2017;2018;2019;2020
71310099999,46.45,-62.5666666,6,2015;2016;2017;2018;2019;2020
71311099999,45.75,-64.2333333,6,2015;2016;2017;2018;2019;2020
71312099999,53.3333333,-104.0,6,2015;2016;2017;2018;2019;2020
71313099999,50.2833333,-63.6,6,2015;2016;2017;2018;2019;2020
71314099999,44.48,-79.55,6,2015;2016;2017;2018;2019;2020
71315099999,47.9833333,-66.3333333,6,2015;2016;2017;2018;2019;2020
71316099999,54.7666666,-112.0166666,6,2015;2016;2017;2018;2019;2020
71317099999,45.4166666,-63.4666666,6,2015;2016;2017;2018;2019;2020
71318099999,52.0666666,-111.4333333,6,2015;2016;2017;2018;2019;2020
71319099999,47.2833333,-70.6333333,6,2015;2016;2017;2018;2019;2020
71320099999,68.7666666,-81.2333333,6,2015;2016;2017;2018;2019;2020
71321099999,63.75,-68.55,6,2015;2016;2017;2018;2019;2020
71322099999,61.1,-94.0666666,6,2015;2016;2017;2018;2019;2020
71323099999,46.2,-70.7833333,6,2015;2016;2017;2018;2019;2020
71324099999,44.6166666,-63.4166666,6,2015;2016;2017;2018;2019;2020
71325099999,44.75,-63.6666666,6,2015;2016;2017;2018;2019;2020
71326099999,44.5833333,-63.55,6,2015;2016;2017;2018;2019;2020
71327099999,44.65,-63.6166666,6,2015;2016;2017;2018;2019;2020
71328099999,44.65,-63.58,6,2015;2016;2017;2018;2019;2020
71329099999,44.7,-63.6333333,6,2015;2016;2017;2018;2019;2020
71331099999,55.5333333,-102.35,6,2015;2016;2017;2018;2019;2020
71332099999,67.82,-115.12,6,2015;2016;2017;2018;2019;2020
71334099999,58.7,-98.5,6,2015;2016;2017;2018;2019;2020
71335099999,58.3333333,-62.5833333,6,2015;2016;2017;2018;2019;2020
71336099999,48.1666666,-52.9333333,6,2015;2016;2017;2018;2019;2020
71337099999,49.9166666,-55.6666666,6,2015;2016;2017;2018;2019;2020
71338099999,67.5333333,-64.0166666,6,2015;2016;2017;2018;2019;2020
71339099999,52.3,-55.8333333,6,2015;2016;2017;2018;2019;2020
71340099999,54.3166666,-113.95,6,2015;2016;2017;2018;2019;2020
71341099999,49.6166666,-113.8166666,6,2015;2016;2017;2018;2019;2020
71342099999,51.3833333,-110.35,6,2015;2016;2017;2018;2019;2020
71343099999,49.5,-112.1166666,6,2015;2016;2017;2018;2019;2020
71344099999,51.1833333,-112.5,6,2015;2016;2017;2018;2019;2020
71345099999,49.1333333,-111.65,6,2015;2016;2017;2018;2019;2020
71346099999,49.8,-112.3,6,2015;2016;2017;2018;2019;2020
71347099999,56.0666666,-118.4333333,6,2015;2016;2017;2018;2019;2020
71348099999,55.6166666,-118.2833333,6,2015;2016;2017;2018;2019;2020
71349099999,54.5,-111.7,6,2015;2016;2017;2018;2019;2020
71350099999,46.35,-63.1666666,6,2015;2016;2017;2018;2019;2020
71351099999,53.65,-113.35,6,2015;2016;2017;2018;2019;2020
71352099999,43.65,-80.4166666,6,2015;2016;2017;2018;2019;2020
71353099999,52.4333333,-113.6,6,2015;2016;2017;2018;2019;2020
71354099999,53.5666666,-112.3,6,2015;2016;2017;2018;2019;2020
71355099999,82.5,-62.3333333,6,2015;2016;2017;2018;2019;2020
71356099999,64.3166666,-96.0,6,2015;2016;2017;2018;2019;2020
71357099999,67.55,-64.03,6,2015;2016;2017;2018;2019;2020
71358099999,70.4833333,-68.5166666,6,2015;2016;2017;2018;2019;2020
71359099999,53.6666666,-110.5833333,6,2015;2016;2017;2018;2019;2020
71360099999,52.7666666,-110.4166666,6,2015;2016;2017;2018;2019;2020
71361099999,60.8333333,-115.7666666,6,2015;2016;2017;2018;2019;2020
71362099999,60.0166666,-111.9166666,6,2015;2016;2017;2018;2019;2020
71363099999,68.6333333,-95.85,6,2015;2016;2017;2018;2019;2020
71364099999,68.3166666,-133.5166666,6,2015;2016;2017;2018;2019;2020
71365099999,61.75,-121.2333333,6,2015;2016;2017;2018;2019;2020
71367099999,49.31667,-57.4,6,2015;2016;2017;2018;2019;2020
71368099999,43.460833,-80.378611,6,2015;2016;2017;2018;2019;2020
71369099999,55.3,-114.7833333,6,2015;2016;2017;2018;2019;2020
71370099999,46.55,-72.7333333,6,2015;2016;2017;2018;2019;2020
71371099999,45.5166666,-73.4166666,6,2015;2016;2017;2018;2019;2020
71372099999,45.2833333,-73.3333333,6,2015;2016;2017;2018;2019;2020
71373099999,45.05,-72.85,6,2015;2016;2017;2018;2019;2020
71374099999,50.15,-60.05,6,2015;2016;2017;2018;2019;2020
71375099999,50.2166666,-64.2,6,2015;2016;2017;2018;2019;2020
71376099999,46.0666666,-74.55,6,2015;2016;2017;2018;2019;2020
71377099999,45.4166666,-73.9166666,6,2015;2016;2017;2018;2019;2020
71378099999,47.4,-72.7833333,6,2015;2016;2017;2018;2019;2020
71379099999,48.8333333,-72.5333333,6,2015;2016;2017;2018;2019;2020
71380099999,52.7166666,-113.9,6,2015;2016;2017;2018;2019;2020
71381099999,48.5833333,-71.7,6,2015;2016;2017;2018;2019;2020
71382099999,47.55,-71.2166666,6,2015;2016;2017;2018;2019;2020
71383099999,50.7166666,-71.0,6,2015;2016;2017;2018;2019;2020
71384099999,47.0666666,-70.7666666,6,2015;2016;2017;2018;2019;2020
71385099999,48.4,-68.8833333,6,2015;2016;2017;2018;2019;2020
71386099999,48.4666666,-67.4333333,5,2015;2016;2017;2018;2019
71387099999,48.8833333,-71.0166666,6,2015;2016;2017;2018;2019;2020
71388099999,48.3,-70.9166666,6,2015;2016;2017;2018;2019;2020
71389099999,46.6833333,-71.9666666,6,2015;2016;2017;2018;2019;2020
71390099999,50.15,-66.4333333,6,2015;2016;2017;2018;2019;2020
71391099999,45.8333333,-75.6333333,6,2015;2016;2017;2018;2019;2020
71392099999,46.7802778,-71.2833333,6,2015;2016;2017;2018;2019;2020
71393099999,51.1,-114.0,6,2015;2016;2017;2018;2019;2020
71395099999,44.880833,-63.50861,6,2015;2016;2017;2018;2019;2020
71397099999,44.984444,-64.916944,6,2015;2016;2017;2018;2019;2020
71398099999,51.2833333,-80.6,6,2015;2016;2017;2018;2019;2020
71399099999,51.5833333,-110.75,6,2015;2016;2017;2018;2019;2020
71400099999,48.9666666,-56.0666666,6,2015;2016;2017;2018;2019;2020
71401099999,49.1166666,-117.7333333,6,2015;2016;2017;2018;2019;2020
71402099999,49.6833333,-54.8,6,2015;2016;2017;2018;2019;2020
71403099999,44.8166666,-62.3333333,6,2015;2016;2017;2018;2019;2020
71404099999,58.9666666,-110.4333333,6,2015;2016;2017;2018;2019;2020
71405099999,53.3333333,-112.5333333,6,2015;2016;2017;2018;2019;2020
71406099999,51.0166666,-57.1,6,2015;2016;2017;2018;2019;2020
71407099999,68.5333333,-89.8,6,2015;2016;2017;2018;2019;2020
71408099999,47.3666666,-55.7833333,5,2015;2016;2017;2019;2020
71409099999,49.55,-111.05,6,2015;2016;2017;2018;2019;2020
71410099999,53.9666667,-97.8333333,6,2015;2016;2017;2018;2019;2020
71411099999,43.9833333,-64.6666666,6,2015;2016;2017;2018;2019;2020
71412099999,46.45,-61.9833333,6,2015;2016;2017;2018;2019;2020
71413099999,51.8166666,-111.6833333,6,2015;2016;2017;2018;2019;2020
71414099999,54.3666666,-110.8666666,6,2015;2016;2017;2018;2019;2020
71415099999,45.7666666,-62.6833333,6,2015;2016;2017;2018;2019;2020
71417099999,50.72,-56.12,6,2015;2016;2017;2018;2019;2020
71418099999,47.2166666,-60.1333333,6,2015;2016;2017;2018;2019;2020
71419099999,45.35,-60.9833333,6,2015;2016;2017;2018;2019;2020
71421099999,51.8666666,-63.2833333,6,2015;2016;2017;2018;2019;2020
71423099999,49.0833333,-61.7,6,2015;2016;2017;2018;2019;2020
71424099999,47.0,-70.8166666,6,2015;2016;2017;2018;2019;2020
71425099999,49.25,-65.3166666,6,2015;2016;2017;2018;2019;2020
71426099999,48.0666666,-69.55,6,2015;2016;2017;2018;2019;2020
71427099999,49.3166666,-67.3811111,6,2015;2016;2017;2018;2019;2020
71428099999,49.1,-66.65,6,2015;2016;2017;2018;2019;2020
71429099999,48.4166666,-64.3166666,6,2015;2016;2017;2018;2019;2020
71430099999,43.8333333,-77.15,6,2015;2016;2017;2018;2019;2020
71431099999,43.95,-78.1666666,6,2015;2016;2017;2018;2019;2020
71432099999,43.25,-79.2166666,6,2015;2016;2017;2018;2019;2020
71433099999,47.3333333,-85.8333333,6,2015;2016;2017;2018;2019;2020
71434099999,54.9833333,-85.4333333,6,2015;2016;2017;2018;2019;2020
71435099999,49.0333333,-90.4666666,6,2015;2016;2017;2018;2019;2020
71436099999,44.23,-78.363333,6,2015;2016;2017;2018;2019;2020
71437099999,43.3,-79.8,6,2015;2016;2017;2018;2019;2020
71438099999,45.0333333,-80.3666666,6,2015;2016;2017;2018;2019;2020
71439099999,45.3333333,-81.7333333,6,2015;2016;2017;2018;2019;2020
71440099999,51.2333333,-112.9833333,6,2015;2016;2017;2018;2019;2020
71441099999,49.0166666,-97.55,6,2015;2016;2017;2018;2019;2020
71442099999,51.0833333,-97.55,6,2015;2016;2017;2018;2019;2020
71443099999,52.1166666,-101.2333333,6,2015;2016;2017;2018;2019;2020
71444099999,50.65,-99.9333333,6,2015;2016;2017;2018;2019;2020
71445099999,52.8166666,-97.6,6,2015;2016;2017;2018;2019;2020
71446099999,50.2666666,-107.7333333,6,2015;2016;2017;2018;2019;2020
71447099999,49.2833333,-100.9833333,6,2015;2016;2017;2018;2019;2020
71448099999,50.1666666,-96.05,6,2015;2016;2017;2018;2019;2020
71449099999,49.0166666,-95.6,6,2015;2016;2017;2018;2019;2020
71450099999,51.1333333,-106.5833333,6,2015;2016;2017;2018;2019;2020
71451099999,56.3333333,-103.2833333,6,2015;2016;2017;2018;2019;2020
71452099999,49.7,-103.8,6,2015;2016;2017;2018;2019;2020
71453099999,49.9,-109.4666666,6,2015;2016;2017;2018;2019;2020
71454099999,53.9166666,-106.0666666,6,2015;2016;2017;2018;2019;2020
71455099999,50.95,-107.15,6,2015;2016;2017;2018;2019;2020
71456099999,52.8166666,-104.6,6,2015;2016;2017;2018;2019;2020
71457099999,50.55,-111.85,6,2015;2016;2017;2018;2019;2020
71458099999,53.5166666,-112.1,6,2015;2016;2017;2018;2019;2020
71459099999,50.9,-109.5,6,2015;2016;2017;2018;2019;2020
71460099999,45.9666666,-81.4833333,6,2015;2016;2017;2018;2019;2020
71461099999,55.8,-117.8833333,6,2015;2016;2017;2018;2019;2020
71462099999,45.6333333,-82.9666667,6,2015;2016;2017;2018;2019;2020
71463099999,42.8666666,-79.25,6,2015;2016;2017;2018;2019;2020
71464099999,42.55,-80.05,6,2015;2016;2017;2018;2019;2020
71465099999,42.25,-81.9,6,2015;2016;2017;2018;2019;2020
71466099999,41.8333333,-82.4666666,2,2015;2016
71467099999,72.0,-125.2666666,6,2015;2016;2017;2018;2019;2020
71468099999,49.72,-88.33,6,2015;2016;2017;2018;2019;2020
71470099999,65.75,-111.25,6,2015;2016;2017;2018;2019;2020
71472099999,53.3,-132.7666666,6,2015;2016;2017;2018;2019;2020
71472499999,54.03,-132.13,6,2015;2016;2017;2018;2019;2020
71473099999,48.7833333,-123.0333333,6,2015;2016;2017;2018;2019;2020
71473599999,48.42,-123.33,6,2015;2016;2017;2018;2019;2020
71474099999,51.15,-121.5,2,2015;2017
71475099999,49.3166666,-124.9166666,6,2015;2016;2017;2018;2019;2020
71476099999,54.5666666,-130.6833333,6,2015;2016;2017;2018;2019;2020
71477099999,54.15,-131.65,6,2015;2016;2017;2018;2019;2020
71478099999,50.8166666,-128.9,6,2015;2016;2017;2018;2019;2020
71479099999,50.1,-127.9333333,6,2015;2016;2017;2018;2019;2020
71480099999,65.28,-126.75,6,2015;2016;2017;2018;2019;2020
71481099999,53.5730556,-115.123611,6,2015;2016;2017;2018;2019;2020
71482099999,52.1833333,-127.4666666,6,2015;2016;2017;2018;2019;2020
71483099999,54.4,-114.7666666,6,2015;2016;2017;2018;2019;2020
71484099999,53.5,-130.6333333,6,2015;2016;2017;2018;2019;2020
71485099999,50.9333333,-127.65,6,2015;2016;2017;2018;2019;2020
71486099999,52.9333333,-118.0333333,6,2015;2016;2017;2018;2019;2020
71487099999,49.7333333,-105.9333333,6,2015;2016;2017;2018;2019;2020
71488099999,57.25,-105.6,6,2015;2016;2017;2018;2019;2020
71489099999,52.3666666,-108.8333333,6,2015;2016;2017;2018;2019;2020
71490099999,65.0833333,-102.4166666,6,2015;2016;2017;2018;2019;2020
71491099999,66.2333333,-128.65,6,2015;2016;2017;2018;2019;2020
71492099999,69.1833333,-122.35,5,2016;2017;2018;2019;2020
71493099999,45.41667,-64.35,6,2015;2016;2017;2018;2019;2020
71494099999,46.05,-71.2666666,6,2015;2016;2017;2018;2019;2020
71495099999,51.3666666,-114.0833333,6,2015;2016;2017;2018;2019;2020
71496099999,52.1666666,-106.7166666,6,2015;2016;2017;2018;2019;2020
71497099999,60.2333333,-123.4666666,6,2015;2016;2017;2018;2019;2020
71498099999,50.9333333,-112.9333333,6,2015;2016;2017;2018;2019;2020
71499099999,57.25,-105.6166666,6,2015;2016;2017;2018;2019;2020
71500099999,53.8166666,-114.5333333,6,2015;2016;2017;2018;2019;2020
71501099999,69.5666666,-138.9166666,6,2015;2016;2017;2018;2019;2020
71502099999,69.6166666,-135.4333333,6,2015;2016;2017;2018;2019;2020
71503099999,65.2166666,-123.4333333,6,2015;2016;2017;2018;2019;2020
71504099999,53.2166666,-113.9,6,2015;2016;2017;2018;2019;2020
71505099999,60.7666666,-137.5833333,6,2015;2016;2017;2018;2019;2020
71506099999,66.9833333,-136.2166666,6,2015;2016;2017;2018;2019;2020
71507099999,57.25,-117.2833333,6,2015;2016;2017;2018;2019;2020
71508099999,43.6666666,-79.4,6,2015;2016;2017;2018;2019;2020
71509099999,49.6833333,-112.75,6,2015;2016;2017;2018;2019;2020
71510099999,51.5666666,-107.9166666,6,2015;2016;2017;2018;2019;2020
71511099999,51.6666666,-105.4,6,2015;2016;2017;2018;2019;2020
71512099999,50.2713888,-64.2263888,6,2015;2016;2017;2018;2019;2020
71513099999,50.1833333,-61.7833333,6,2015;2016;2017;2018;2019;2020
71514099999,50.4333333,-104.6666666,6,2015;2016;2017;2018;2019;2020
71515099999,50.55,-103.65,6,2015;2016;2017;2018;2019;2020
71516099999,49.05,-105.4833333,6,2015;2016;2017;2018;2019;2020
71517099999,49.5666666,-113.05,6,2015;2016;2017;2018;2019;2020
71518099999,50.1833333,-112.4333333,6,2015;2016;2017;2018;2019;2020
71519099999,49.8666667,-111.383333,6,2015;2016;2017;2018;2019;2020
71520099999,51.5333333,-71.1166666,6,2015;2016;2017;2018;2019;2020
71521099999,50.65,-70.5166666,6,2015;2016;2017;2018;2019;2020
71522099999,49.8333333,-71.1666666,6,2015;2016;2017;2018;2019;2020
71523099999,49.2666666,-73.35,6,2015;2016;2017;2018;2019;2020
71524099999,45.8,-73.4333333,6,2015;2016;2017;2018;2019;2020
71525099999,49.9166666,-110.9166666,6,2015;2016;2017;2018;2019;2020
71526099999,51.0333333,-113.2833333,6,2015;2016;2017;2018;2019;2020
71527099999,49.831667,-92.744167,6,2015;2016;2017;2018;2019;2020
71528099999,49.9,-112.7333333,6,2015;2016;2017;2018;2019;2020
71529099999,62.4166666,-110.6666666,3,2015;2016;2017
71532099999,44.9666666,-79.3,6,2015;2016;2017;2018;2019;2020
71533099999,52.38333,-126.75,6,2015;2016;2017;2018;2019;2020
71534099999,44.25,-79.9166667,6,2015;2016;2017;2018;2019;2020
71535099999,49.8,-112.0333333,6,2015;2016;2017;2018;2019;2020
71536099999,49.4833333,-112.6833333,6,2015;2016;2017;2018;2019;2020
71537099999,50.82,-112.05,6,2015;2016;2017;2018;2019;2020
71538099999,42.275556,-82.955556,6,2015;2016;2017;2018;2019;2020
71539099999,50.3166666,-105.55,6,2015;2016;2017;2018;2019;2020
71540099999,52.3,-114.4833333,6,2015;2016;2017;2018;2019;2020
71541099999,55.9,-117.1166666,6,2015;2016;2017;2018;2019;2020
71542099999,58.1666666,-116.3333333,6,2015;2016;2017;2018;2019;2020
71543099999,55.4166666,-119.25,6,2015;2016;2017;2018;2019;2020
71544099999,54.0,-113.4666666,6,2015;2016;2017;2018;2019;2020
71545099999,53.9833333,-112.8666666,6,2015;2016;2017;2018;2019;2020
71546099999,55.7666666,-118.6666666,6,2015;2016;2017;2018;2019;2020
71547099999,56.0666666,-119.3333333,6,2015;2016;2017;2018;2019;2020
71548099999,54.2666666,-111.45,6,2015;2016;2017;2018;2019;2020
71549099999,54.2833333,-113.5166666,6,2015;2016;2017;2018;2019;2020
71550099999,51.1,-100.05,6,2015;2016;2017;2018;2019;2020
71551099999,51.4833333,-107.05,6,2015;2016;2017;2018;2019;2020
71552099999,50.7,-96.5666666,6,2015;2016;2017;2018;2019;2020
71553099999,51.1833333,-101.3666666,6,2015;2016;2017;2018;2019;2020
71554099999,48.5166666,-68.4666666,6,2015;2016;2017;2018;2019;2020
71555099999,50.1833333,-113.8833333,6,2015;2016;2017;2018;2019;2020
71556099999,51.4166666,-105.25,6,2015;2016;2017;2018;2019;2020
71557099999,50.1,-120.7666666,6,2015;2016;2017;2018;2019;2020
71558099999,51.3833333,-56.1,6,2015;2016;2017;2018;2019;2020
71559099999,49.2166666,-102.9666666,6,2015;2016;2017;2018;2019;2020
71560099999,49.0,-97.2333333,6,2015;2016;2017;2018;2019;2020
71564099999,49.1833333,-98.0833333,6,2015;2016;2017;2018;2019;2020
71565099999,52.55,-114.47,6,2015;2016;2017;2018;2019;2020
71566099999,53.43,-114.72,6,2015;2016;2017;2018;2019;2020
71567099999,53.95,-110.58,6,2015;2016;2017;2018;2019;2020
71568099999,50.45,-125.983,6,2015;2016;2017;2018;2019;2020
71569099999,50.2,-104.7,6,2015;2016;2017;2018;2019;2020
71570099999,50.5222222,-95.9772222,6,2015;2016;2017;2018;2019;2020
71571099999,55.6833333,-119.2333333,4,2015;2016;2017;2018
71572099999,56.0333333,-96.5,6,2015;2016;2017;2018;2019;2020
71573099999,42.8666666,-80.55,6,2015;2016;2017;2018;2019;2020
71574099999,47.629723,-65.738889,6,2015;2016;2017;2018;2019;2020
71575099999,64.23,-76.53,6,2015;2016;2017;2018;2019;2020
71576099999,72.7,-77.95,6,2015;2016;2017;2018;2019;2020
71577099999,50.6166666,-96.9666666,6,2015;2016;2017;2018;2019;2020
71578099999,46.8333333,-71.1833333,6,2015;2016;2017;2018;2019;2020
71579099999,49.8833333,-97.1333333,6,2015;2016;2017;2018;2019;2020
71580099999,69.5333333,-93.5666666,6,2015;2016;2017;2018;2019;2020
71581099999,45.5333333,-78.2666666,6,2015;2016;2017;2018;2019;2020
71582099999,52.1833333,-128.15,6,2015;2016;2017;2018;2019;2020
71584099999,50.2666666,-63.6,6,2015;2016;2017;2018;2019;2020
71585099999,56.65,-111.2166666,6,2015;2016;2017;2018;2019;2020
71586099999,55.15,-105.2666666,6,2015;2016;2017;2018;2019;2020
71587099999,53.0666666,-93.35,6,2015;2016;2017;2018;2019;2020
71588099999,49.5666666,-57.8666666,6,2015;2016;2017;2018;2019;2020
71589099999,48.55,-53.9666666,6,2015;2016;2017;2018;2019;2020
71590099999,47.42,-68.32,6,2015;2016;2017;2018;2019;2020
71590199999,44.98,-62.48,6,2015;2016;2017;2018;2019;2020
71591099999,44.6,-63.53,5,2015;2016;2017;2018;2020
71592099999,73.0,-85.0166666,6,2015;2016;2017;2018;2019;2020
71592599999,73.0,-85.0333333,6,2015;2016;2017;2018;2019;2020
71597099999,68.635556,-95.849722,6,2015;2016;2017;2018;2019;2020
71597199999,46.55,-61.05,6,2015;2016;2017;2018;2019;2020
71598099999,47.8,-64.8333333,6,2015;2016;2017;2018;2019;2020
71599099999,44.4166666,-65.2,6,2015;2016;2017;2018;2019;2020
71600099999,43.9166666,-60.0,3,2015;2016;2017
71600499999,43.9333333,-60.0,2,2015;2017
71601099999,44.639721,-63.499444,6,2015;2016;2017;2018;2019;2020
71601599999,44.63,-63.52,6,2015;2016;2017;2018;2019;2020
71603099999,43.826944,-66.088056,6,2015;2016;2017;2018;2019;2020
71604099999,46.8166666,-60.6666666,6,2015;2016;2017;2018;2019;2020
71605099999,49.5166666,-123.4833333,6,2015;2016;2017;2018;2019;2020
71607099999,45.2166666,-67.25,6,2015;2016;2017;2018;2019;2020
71608099999,49.1833333,-123.1833333,6,2015;2016;2017;2018;2019;2020
71609099999,45.3166666,-65.8833333,6,2015;2016;2017;2018;2019;2020
71610099999,45.438611,-71.691389,6,2015;2016;2017;2018;2019;2020
71611099999,45.3666666,-71.8166666,6,2015;2016;2017;2018;2019;2020
71612099999,45.5,-73.5666666,6,2015;2016;2017;2018;2019;2020
71614099999,45.1666666,-73.6666666,6,2015;2016;2017;2018;2019;2020
71615099999,45.8,-80.53,1,2017
71616099999,46.3,-72.05,6,2015;2016;2017;2018;2019;2020
71617099999,48.4166666,-71.1333333,6,2015;2016;2017;2018;2019;2020
71618099999,58.73906,-94.06637,6,2015;2016;2017;2018;2019;2020
71619099999,48.0119444,-65.3316666,6,2015;2016;2017;2018;2019;2020
71620099999,44.225277,-76.596944,6,2015;2016;2017;2018;2019;2020
71621099999,44.1166666,-77.5333333,6,2015;2016;2017;2018;2019;2020
71622099999,43.0333333,-81.15,6,2015;2016;2017;2018;2019;2020
71623099999,43.035556,-81.153889,6,2015;2016;2017;2018;2019;2020
71624099999,43.677223,-79.630556,6,2015;2016;2017;2018;2019;2020
71625099999,45.952221,-77.319168,6,2015;2016;2017;2018;2019;2020
71627094792,45.46667,-73.75,6,2015;2016;2017;2018;2019;2020
71627899999,55.2833333,-77.75,6,2015;2016;2017;2018;2019;2020
71627999999,45.521694,-75.563589,6,2015;2016;2017;2018;2019;2020
71628099999,45.3225,-75.669167,6,2015;2016;2017;2018;2019;2020
71629099999,72.0166666,-94.2,6,2015;2016;2017;2018;2019;2020
71630099999,44.974722,-79.303333,6,2015;2016;2017;2018;2019;2020
71631099999,43.9833333,-80.75,6,2015;2016;2017;2018;2019;2020
71632099999,56.85,-101.0666666,6,2015;2016;2017;2018;2019;2020
71633099999,44.75,-81.1,6,2015;2016;2017;2018;2019;2020
71634099999,47.4333333,-65.5833333,6,2015;2016;2017;2018;2019;2020
71636099999,54.1305556,-111.6775,6,2015;2016;2017;2018;2019;2020
71637099999,53.4166666,-111.7333333,6,2015;2016;2017;2018;2019;2020
71638099999,49.45,-123.7,6,2015;2016;2017;2018;2019;2020
71639099999,43.8666666,-79.3666666,5,2015;2016;2017;2018;2019
71640099999,47.7166666,-84.8166666,6,2015;2016;2017;2018;2019;2020
71642099999,47.82,-83.346667,6,2015;2016;2017;2018;2019;2020
71644099999,49.9333333,-119.4,6,2015;2016;2017;2018;2019;2020
71644599999,45.97,-66.65,1,2015
71660099999,49.6166666,-115.7833333,6,2015;2016;2017;2018;2019;2020
71663099999,53.1333333,-109.4,6,2015;2016;2017;2018;2019;2020
71665099999,56.55,-61.68,6,2015;2016;2017;2018;2019;2020
71666099999,46.42,-64.77,6,2015;2016;2017;2018;2019;2020
71667099999,48.37,-89.32,6,2015;2016;2017;2018;2019;2020
71668099999,45.92,-66.6,6,2015;2016;2017;2018;2019;2020
71669099999,50.3666666,-114.4166666,6,2015;2016;2017;2018;2019;2020
71670099999,46.77,-65.0,6,2015;2016;2017;2018;2019;2020
71671099999,45.07,-64.48,6,2015;2016;2017;2018;2019;2020
71672099999,44.35,-78.3,6,2015;2016;2017;2018;2019;2020
71673099999,52.75,-112.85,6,2015;2016;2017;2018;2019;2020
71674099999,52.55,-112.1166666,6,2015;2016;2017;2018;2019;2020
71675099999,53.8333333,-89.8666667,6,2015;2016;2017;2018;2019;2020
71678099999,53.4333333,-91.7666666,6,2015;2016;2017;2018;2019;2020
71679099999,53.77,-125.98,6,2015;2016;2017;2018;2019;2020
71680099999,63.6,-113.85,5,2015;2016;2017;2018;2020
71681099999,50.7,-121.2666666,6,2015;2016;2017;2018;2019;2020
71682099999,61.1166666,-122.85,6,2015;2016;2017;2018;2019;2020
71683099999,68.75,-133.5,6,2015;2016;2017;2018;2019;2020
71684099999,47.7,-79.85,6,2015;2016;2017;2018;2019;2020
71686099999,58.4166666,-130.0333333,6,2015;2016;2017;2018;2019;2020
71687099999,50.1333333,-122.95,6,2015;2016;2017;2018;2019;2020
71688099999,50.15,-123.1166666,6,2015;2016;2017;2018;2019;2020
71689099999,56.65,-111.2166666,6,2015;2016;2017;2018;2019;2020
71690099999,55.35,-118.4,6,2015;2016;2017;2018;2019;2020
71691099999,49.1333333,-68.2,6,2015;2016;2017;2018;2019;2020
71692099999,47.3333333,-54.5833333,4,2015;2016;2017;2018
71694099999,45.1333333,-79.4,6,2015;2016;2017;2018;2019;2020
71695099999,53.9666667,-101.1,6,2015;2016;2017;2018;2019;2020
71696099999,58.72,-94.07,6,2015;2016;2017;2018;2019;2020
71697099999,43.922779,-78.895,6,2015;2016;2017;2018;2019;2020
71697199999,52.2,-87.93,6,2015;2016;2017;2018;2019;2020
71699099999,45.0666666,-66.45,6,2015;2016;2017;2018;2019;2020
71700099999,45.8666666,-66.5333333,6,2015;2016;2017;2018;2019;2020
71701099999,45.8333333,-66.4333333,6,2015;2016;2017;2018;2019;2020
71702099999,46.4333333,-63.8333333,6,2015;2016;2017;2018;2019;2020
71704099999,43.0,-82.3166666,6,2015;2016;2017;2018;2019;2020
71705099999,46.112221,-64.678611,6,2015;2016;2017;2018;2019;2020
71706099999,46.2833333,-63.1333333,6,2015;2016;2017;2018;2019;2020
71707099999,46.1666666,-60.05,6,2015;2016;2017;2018;2019;2020
71708099999,46.791111,-71.393333,6,2015;2016;2017;2018;2019;2020
71709099999,47.4166666,-61.7833333,6,2015;2016;2017;2018;2019;2020
71710099999,47.4166666,-61.7666666,6,2015;2016;2017;2018;2019;2020
71712099999,45.1166666,-74.2833333,6,2015;2016;2017;2018;2019;2020
71713099999,47.35,-70.0166666,6,2015;2016;2017;2018;2019;2020
71713499999,47.5975,-70.223892,1,2018
71714099999,46.7833333,-71.3833333,6,2015;2016;2017;2018;2019;2020
71715099999,47.8,-69.5333333,6,2015;2016;2017;2018;2019;2020
71716099999,46.9,-71.5,6,2015;2016;2017;2018;2019;2020
71718099999,48.6,-68.2166666,6,2015;2016;2017;2018;2019;2020
71719099999,48.0166666,-64.5,6,2015;2016;2017;2018;2019;2020
71720099999,49.8333333,-124.4833333,6,2015;2016;2017;2018;2019;2020
71721099999,46.2666666,-76.0,6,2015;2016;2017;2018;2019;2020
71723099999,46.2166666,-72.65,6,2015;2016;2017;2018;2019;2020
71724099999,46.35,-72.5,6,2015;2016;2017;2018;2019;2020
71725099999,48.053333,-77.782778,6,2015;2016;2017;2018;2019;2020
71725599999,48.206111,-78.835556,6,2015;2016;2017;2018;2019;2020
71726099999,47.9166666,-74.6166666,6,2015;2016;2017;2018;2019;2020
71727099999,48.330555,-70.996391,6,2015;2016;2017;2018;2019;2020
71728099999,48.5166666,-72.2666666,6,2015;2016;2017;2018;2019;2020
71730099999,46.625,-80.798889,6,2015;2016;2017;2018;2019;2020
71731099999,46.363611,-79.422778,6,2015;2016;2017;2018;2019;2020
71732099999,46.7166666,-79.1,6,2015;2016;2017;2018;2019;2020
71733099999,46.633333,-80.8,6,2015;2016;2017;2018;2019;2020
71734099999,48.2333333,-79.0333333,6,2015;2016;2017;2018;2019;2020
71736099999,49.5166666,-114.0,6,2015;2016;2017;2018;2019;2020
71736599999,49.65,-93.7166666,6,2015;2016;2017;2018;2019;2020
71736699999,49.4666666,-94.7666666,6,2015;2016;2017;2018;2019;2020
71736799999,46.3666666,-60.9833333,6,2015;2016;2017;2018;2019;2020
71737099999,46.8166666,-74.1,6,2015;2016;2017;2018;2019;2020
71738099999,47.966667,-84.786667,6,2015;2016;2017;2018;2019;2020
71738599999,47.9666666,-84.7833333,1,2015
71738699999,48.9333333,-57.9166666,6,2015;2016;2017;2018;2019;2020
71739099999,48.569721,-81.376667,6,2015;2016;2017;2018;2019;2020
71741099999,50.7,-120.45,6,2015;2016;2017;2018;2019;2020
71742099999,48.93,-54.57,6,2015;2016;2017;2018;2019;2020
71743099999,57.92,-72.98,6,2015;2016;2017;2018;2019;2020
71744099999,47.0166666,-65.4666666,6,2015;2016;2017;2018;2019;2020
71746099999,43.0,-82.3,6,2015;2016;2017;2018;2019;2020
71747099999,48.75,-91.6166666,6,2015;2016;2017;2018;2019;2020
71748099999,50.6333333,-97.05,6,2015;2016;2017;2018;2019;2020
71749099999,48.3666666,-89.3333333,6,2015;2016;2017;2018;2019;2020
71749399999,48.813332,-87.099444,3,2018;2019;2020
71750054802,48.606,-86.28655,6,2015;2016;2017;2018;2019;2020
71751099999,48.3666666,-89.1166666,6,2015;2016;2017;2018;2019;2020
71752099999,42.97,-79.33,6,2015;2016;2017;2018;2019;2020
71753099999,45.23,-63.05,6,2015;2016;2017;2018;2019;2020
71754099999,52.77,-108.25,6,2015;2016;2017;2018;2019;2020
71755099999,53.43,-91.77,6,2015;2016;2017;2018;2019;2020
71756099999,50.1,-122.9333333,4,2015;2016;2017;2018
71758099999,46.17,-60.05,6,2015;2016;2017;2018;2019;2020
71761099999,54.1333333,-111.9166666,6,2015;2016;2017;2018;2019;2020
71765099999,50.2166666,-121.5833333,6,2015;2016;2017;2018;2019;2020
71766099999,49.3333333,-124.4,6,2015;2016;2017;2018;2019;2020
71767099999,45.2333333,-81.6333333,6,2015;2016;2017;2018;2019;2020
71768099999,49.566667,-119.65,6,2015;2016;2017;2018;2019;2020
71769099999,49.35,-124.15,6,2015;2016;2017;2018;2019;2020
71770099999,49.0833333,-116.5,6,2015;2016;2017;2018;2019;2020
71771099999,53.0333333,-131.6,6,2015;2016;2017;2018;2019;2020
71772099999,49.2166666,-123.8,6,2015;2016;2017;2018;2019;2020
71773099999,60.7166666,-135.0833333,6,2015;2016;2017;2018;2019;2020
71774099999,48.5666666,-123.5166666,6,2015;2016;2017;2018;2019;2020
71775099999,49.2,-122.6833333,6,2015;2016;2017;2018;2019;2020
71776099999,49.4833333,-117.3,6,2015;2016;2017;2018;2019;2020
71777099999,50.3,-122.7333333,6,2015;2016;2017;2018;2019;2020
71778099999,48.3,-123.5333333,6,2015;2016;2017;2018;2019;2020
71779099999,53.0333333,-122.5,6,2015;2016;2017;2018;2019;2020
71780099999,48.3833333,-123.9166666,6,2015;2016;2017;2018;2019;2020
71781099999,49.4833333,-124.4333333,6,2015;2016;2017;2018;2019;2020
71782099999,49.75,-114.8833333,6,2015;2016;2017;2018;2019;2020
71783099999,48.45,-123.3,6,2015;2016;2017;2018;2019;2020
71784099999,49.35,-123.2,6,2015;2016;2017;2018;2019;2020
71785099999,49.0166666,-122.7666666,6,2015;2016;2017;2018;2019;2020
71786099999,51.45,-116.35,6,2015;2016;2017;2018;2019;2020
71787099999,45.7,-65.1666666,6,2015;2016;2017;2018;2019;2020
71788099999,49.8666666,-111.7333333,6,2015;2016;2017;2018;2019;2020
71789099999,49.7833333,-113.3833333,6,2015;2016;2017;2018;2019;2020
71791099999,53.0666666,-110.6166666,6,2015;2016;2017;2018;2019;2020
71792099999,52.1166666,-112.1666666,6,2015;2016;2017;2018;2019;2020
71793099999,51.7833333,-111.2166666,6,2015;2016;2017;2018;2019;2020
71794099999,52.5666666,-110.7833333,6,2015;2016;2017;2018;2019;2020
71795099999,49.9833333,-110.2666666,6,2015;2016;2017;2018;2019;2020
71796099999,52.2833333,-111.1,4,2015;2016;2019;2020
71797099999,53.35,-110.4166666,6,2015;2016;2017;2018;2019;2020
71798099999,48.43,-123.43,6,2015;2016;2017;2018;2019;2020
71799099999,48.646944,-123.425833,6,2015;2016;2017;2018;2019;2020
71800099999,46.65,-53.0666666,6,2015;2016;2017;2018;2019;2020
71801099999,47.61861,-52.751945,6,2015;2016;2017;2018;2019;2020
71802099999,47.5166666,-52.7833333,1,2015
71803099999,48.936944,-54.568056,6,2015;2016;2017;2018;2019;2020
71805099999,46.762664,-56.175531,6,2015;2016;2017;2018;2019;2020
71807099999,47.3,-53.9833333,3,2015;2016;2017
71808099999,51.45,-57.1833333,6,2015;2016;2017;2018;2019;2020
71809099999,49.2166666,-57.4,6,2015;2016;2017;2018;2019;2020
71810099999,49.8333333,-64.2833333,6,2015;2016;2017;2018;2019;2020
71811099999,50.2166666,-66.2666666,6,2015;2016;2017;2018;2019;2020
71811399999,51.7,-76.1166667,1,2015
71813099999,50.1833333,-61.8,6,2015;2016;2017;2018;2019;2020
71814099999,50.45,-59.6333333,6,2015;2016;2017;2018;2019;2020
71815099999,48.5333333,-58.55,6,2015;2016;2017;2018;2019;2020
71816099999,53.3166666,-60.4166666,6,2015;2016;2017;2018;2019;2020
71817099999,52.3,-55.8333333,6,2015;2016;2017;2018;2019;2020
71818099999,53.7166666,-57.0333333,6,2015;2016;2017;2018;2019;2020
71818499999,53.6833333,-57.0333333,3,2018;2019;2020
71819099999,51.4,-56.0666666,6,2015;2016;2017;2018;2019;2020
71820099999,44.2166666,-76.6,6,2015;2016;2017;2018;2019;2020
71821099999,49.75,-77.8,6,2015;2016;2017;2018;2019;2020
71822099999,49.771944,-74.528056,6,2015;2016;2017;2018;2019;2020
71823099999,53.75,-73.6833333,6,2015;2016;2017;2018;2019;2020
71824099999,49.8166666,-74.9666666,6,2015;2016;2017;2018;2019;2020
71825099999,52.921944,-66.864444,6,2015;2016;2017;2018;2019;2020
71826099999,66.15,-65.7166666,6,2015;2016;2017;2018;2019;2020
71827099999,53.625278,-77.704167,6,2015;2016;2017;2018;2019;2020
71827599999,53.5666667,-76.2,1,2015
71828099999,54.8,-66.8,6,2015;2016;2017;2018;2019;2020
71829099999,49.25,-68.1333333,6,2015;2016;2017;2018;2019;2020
71831099999,49.413889,-82.4675,6,2015;2016;2017;2018;2019;2020
71832099999,49.7333333,-84.15,6,2015;2016;2017;2018;2019;2020
71833099999,43.55,-80.2166666,6,2015;2016;2017;2018;2019;2020
71834099999,49.778332,-86.939445,6,2015;2016;2017;2018;2019;2020
71835099999,51.45,-90.2166666,6,2015;2016;2017;2018;2019;2020
71836099999,51.2833333,-80.6,6,2015;2016;2017;2018;2019;2020
71837099999,49.3666666,-113.1166666,6,2015;2016;2017;2018;2019;2020
71839099999,49.3,-113.3666666,6,2015;2016;2017;2018;2019;2020
71840099999,49.4,-98.3166666,6,2015;2016;2017;2018;2019;2020
71841099999,50.2833333,-88.9,6,2015;2016;2017;2018;2019;2020
71842099999,50.1166666,-91.9,6,2015;2016;2017;2018;2019;2020
71842899999,52.35,-97.0333333,6,2015;2016;2017;2018;2019;2020
71842999999,63.3333333,-90.7166667,6,2015;2016;2017;2018;2019;2020
71843199999,61.5833333,-71.9333333,6,2015;2016;2017;2018;2019;2020
71843299999,60.818611,-78.148611,6,2015;2016;2017;2018;2019;2020
71843399999,59.29667,-69.98339,6,2015;2016;2017;2018;2019;2020
71843499999,62.42,-110.67,6,2015;2016;2017;2018;2019;2020
71843599999,58.7166667,-65.9833333,6,2015;2016;2017;2018;2019;2020
71843699999,53.0166667,-78.8333333,6,2015;2016;2017;2018;2019;2020
71843799999,64.1166667,-117.3666667,6,2015;2016;2017;2018;2019;2020
71843899999,50.2666667,-111.1833333,2,2015;2020
71844299999,62.179167,-75.666944,6,2015;2016;2017;2018;2019;2020
71844399999,52.2333333,-78.5166667,6,2015;2016;2017;2018;2019;2020
71845099999,51.45,-90.2,6,2015;2016;2017;2018;2019;2020
71846099999,52.1833333,-87.9333333,6,2015;2016;2017;2018;2019;2020
71848099999,50.3,-112.866666,6,2015;2016;2017;2018;2019;2020
71849099999,49.9166666,-97.2333333,6,2015;2016;2017;2018;2019;2020
71850099999,49.7833333,-94.3666666,6,2015;2016;2017;2018;2019;2020
71851099999,49.903056,-98.273889,6,2015;2016;2017;2018;2019;2020
71851599999,49.9,-98.2666666,6,2015;2016;2017;2018;2019;2020
71852099999,49.910036,-97.239886,6,2015;2016;2017;2018;2019;2020
71854099999,51.066944,-93.793056,6,2015;2016;2017;2018;2019;2020
71856099999,50.617,-97.033,2,2015;2017
71857099999,53.65,-110.0666666,6,2015;2016;2017;2018;2019;2020
71858099999,53.1833333,-99.2666666,6,2015;2016;2017;2018;2019;2020
71860099999,51.1,-114.3666666,6,2015;2016;2017;2018;2019;2020
71861099999,50.3680556,-102.570833,6,2015;2016;2017;2018;2019;2020
71862099999,49.2166666,-102.9666666,6,2015;2016;2017;2018;2019;2020
71863099999,50.4333333,-104.6666666,6,2015;2016;2017;2018;2019;2020
71864099999,50.330278,-105.559167,6,2015;2016;2017;2018;2019;2020
71865099999,51.7666666,-104.2,6,2015;2016;2017;2018;2019;2020
71866099999,52.1666666,-106.7,6,2015;2016;2017;2018;2019;2020
71867099999,53.9666666,-101.1,6,2015;2016;2017;2018;2019;2020
71868099999,52.8166666,-102.3166666,6,2015;2016;2017;2018;2019;2020
71869099999,53.214167,-105.672778,6,2015;2016;2017;2018;2019;2020
71871099999,53.309166,-110.0725,6,2015;2016;2017;2018;2019;2020
71872099999,81.1666666,-91.8166666,6,2015;2016;2017;2018;2019;2020
71874099999,66.8333333,-108.0166666,6,2015;2016;2017;2018;2019;2020
71876099999,52.769167,-108.24361,6,2015;2016;2017;2018;2019;2020
71877099999,51.113888,-114.020278,6,2015;2016;2017;2018;2019;2020
71878099999,52.1833333,-113.9,6,2015;2016;2017;2018;2019;2020
71879099999,53.5725,-113.520556,1,2015
71879499999,49.75,-114.88,6,2015;2016;2017;2018;2019;2020
71880099999,49.6166666,-115.7833333,6,2015;2016;2017;2018;2019;2020
71881099999,53.578888,-116.465,6,2015;2016;2017;2018;2019;2020
71882099999,50.9666666,-118.1833333,6,2015;2016;2017;2018;2019;2020
71883099999,52.116667,-119.283333,6,2015;2016;2017;2018;2019;2020
71883499999,52.13,-119.28,6,2015;2016;2017;2018;2019;2020
71884099999,49.296389,-117.6325,6,2015;2016;2017;2018;2019;2020
71885099999,49.3333333,-113.5166666,6,2015;2016;2017;2018;2019;2020
71886099999,51.2666666,-102.4666666,6,2015;2016;2017;2018;2019;2020
71886499999,49.468056,-120.511389,6,2015;2016;2017;2018;2019;2020
71887099999,50.702222,-120.444444,6,2015;2016;2017;2018;2019;2020
71888099999,53.1833333,-111.7333333,6,2015;2016;2017;2018;2019;2020
71889099999,49.463056,-119.602222,6,2015;2016;2017;2018;2019;2020
71890099999,49.052333,-123.870167,6,2015;2016;2017;2018;2019;2020
71891099999,50.23,-121.58,6,2015;2016;2017;2018;2019;2020
71892099999,49.193889,-123.184444,6,2015;2016;2017;2018;2019;2020
71893099999,49.710833,-124.886667,6,2015;2016;2017;2018;2019;2020
71893699999,49.950832,-125.270833,6,2015;2016;2017;2018;2019;2020
71894099999,49.3833333,-126.55,6,2015;2016;2017;2018;2019;2020
71895099999,52.9666666,-113.4333333,6,2015;2016;2017;2018;2019;2020
71896099999,53.889444,-122.678889,6,2015;2016;2017;2018;2019;2020
71896499999,51.4833333,-78.75,6,2015;2016;2017;2018;2019;2020
71897099999,52.25,-128.7166666,6,2015;2016;2017;2018;2019;2020
71898099999,54.2833333,-130.45,6,2015;2016;2017;2018;2019;2020
71899025343,54.25,-133.05,6,2015;2016;2017;2018;2019;2020
71900099999,55.45,-60.2166666,6,2015;2016;2017;2018;2019;2020
71902099999,56.55,-61.6833333,6,2015;2016;2017;2018;2019;2020
71903099999,54.25,-133.05,6,2015;2016;2017;2018;2019;2020
71903599999,61.046389,-69.617778,6,2015;2016;2017;2018;2019;2020
71904099999,51.9333333,-113.5833333,6,2015;2016;2017;2018;2019;2020
71904399999,60.0333333,-70.0,6,2015;2016;2017;2018;2019;2020
71905099999,45.6833333,-74.0333333,6,2015;2016;2017;2018;2019;2020
71905399999,56.5333333,-76.5166667,6,2015;2016;2017;2018;2019;2020
71906099999,58.1,-68.4166666,6,2015;2016;2017;2018;2019;2020
71906499999,58.6666667,-69.95,6,2015;2016;2017;2018;2019;2020
71907099999,58.4673,-78.0787,6,2015;2016;2017;2018;2019;2020
71907499999,62.417333,-77.925278,6,2015;2016;2017;2018;2019;2020
71907799999,60.050556,-77.286944,6,2015;2016;2017;2018;2019;2020
71909099999,63.75639,-68.555832,6,2015;2016;2017;2018;2019;2020
71909499999,62.85,-69.8833333,6,2015;2016;2017;2018;2019;2020
71910099999,64.2333333,-76.5333333,6,2015;2016;2017;2018;2019;2020
71910499999,56.533,-79.25,6,2015;2016;2017;2018;2019;2020
71911099999,68.8166666,-93.4333333,6,2015;2016;2017;2018;2019;2020
71912099999,56.35,-94.7166666,6,2015;2016;2017;2018;2019;2020
71914099999,48.7666666,-123.1166666,6,2015;2016;2017;2018;2019;2020
71914599999,69.546667,-93.576667,6,2015;2016;2017;2018;2019;2020
71915099999,64.193333,-83.359444,6,2015;2016;2017;2018;2019;2020
71916099999,73.2333333,-119.5333333,6,2015;2016;2017;2018;2019;2020
71917099999,79.9833333,-85.9333333,6,2015;2016;2017;2018;2019;2020
71918099999,68.4333333,-89.716667,5,2015;2016;2017;2018;2019
71919499999,68.534444,-89.808056,6,2015;2016;2017;2018;2019;2020
71920099999,43.45,-65.4666666,6,2015;2016;2017;2018;2019;2020
71921099999,54.8,-66.8,2,2015;2017
71922099999,55.15139,-105.261944,6,2015;2016;2017;2018;2019;2020
71923099999,61.1166666,-100.8833333,6,2015;2016;2017;2018;2019;2020
71924099999,74.716944,-94.969444,6,2015;2016;2017;2018;2019;2020
71924699999,76.4166667,-82.9,6,2015;2016;2017;2018;2019;2020
71925099999,69.108055,-105.138333,6,2015;2016;2017;2018;2019;2020
71926099999,64.298889,-96.077778,6,2015;2016;2017;2018;2019;2020
71927099999,48.8166666,-123.7166666,6,2015;2016;2017;2018;2019;2020
71928099999,52.4166666,-114.9,6,2015;2016;2017;2018;2019;2020
71930099999,54.15,-115.7833333,6,2015;2016;2017;2018;2019;2020
71931099999,49.1,-53.5666666,6,2015;2016;2017;2018;2019;2020
71933099999,54.45,-124.2833333,6,2015;2016;2017;2018;2019;2020
71934099999,60.020278,-111.961944,6,2015;2016;2017;2018;2019;2020
71935099999,60.8333333,-115.7833333,6,2015;2016;2017;2018;2019;2020
71936099999,62.462778,-114.440278,6,2015;2016;2017;2018;2019;2020
71938099999,67.816667,-115.143889,6,2015;2016;2017;2018;2019;2020
71940099999,55.179722,-118.885,6,2015;2016;2017;2018;2019;2020
71941099999,48.05,-77.7666666,2,2015;2017
71943099999,56.238056,-120.740278,6,2015;2016;2017;2018;2019;2020
71944099999,55.3,-123.1333333,6,2015;2016;2017;2018;2019;2020
71945099999,58.8333333,-122.6,6,2015;2016;2017;2018;2019;2020
71945599999,47.5166666,-52.9833333,6,2015;2016;2017;2018;2019;2020
71946099999,61.760277,-121.236667,6,2015;2016;2017;2018;2019;2020
71946599999,63.209444,-123.436667,6,2015;2016;2017;2018;2019;2020
71947099999,49.761667,-77.802778,6,2015;2016;2017;2018;2019;2020
71948027202,70.167,-124.7,6,2015;2016;2017;2018;2019;2020
71948599999,69.361111,-124.05861,6,2015;2016;2017;2018;2019;2020
71949099999,62.2333333,-133.35,6,2015;2016;2017;2018;2019;2020
71949399999,62.2075,-133.375833,6,2015;2016;2017;2018;2019;2020
71949499999,70.763056,-117.805833,6,2015;2016;2017;2018;2019;2020
71950099999,54.824722,-127.182778,6,2015;2016;2017;2018;2019;2020
71951099999,54.468508,-128.576219,6,2015;2016;2017;2018;2019;2020
71952025272,54.383,-125.95,6,2015;2016;2017;2018;2019;2020
71953099999,60.116389,-128.8225,6,2015;2016;2017;2018;2019;2020
71954026394,69.45,-133.0,6,2015;2016;2017;2018;2019;2020
71955099999,55.933334,-129.983333,6,2015;2016;2017;2018;2019;2020
71956099999,45.8833333,-82.5666666,6,2015;2016;2017;2018;2019;2020
71957099999,68.304167,-133.482778,6,2015;2016;2017;2018;2019;2020
71957499999,67.4075,-134.860556,6,2015;2016;2017;2018;2019;2020
71957599999,68.223333,-135.005833,6,2015;2016;2017;2018;2019;2020
71957699999,64.9166667,-125.5666667,6,2015;2016;2017;2018;2019;2020
71959099999,46.6333333,-60.9333333,4,2015;2016;2017;2018
71959599999,69.433334,-133.026389,6,2015;2016;2017;2018;2019;2020
71960099999,69.6,-130.9,6,2015;2016;2017;2018;2019;2020
71962099999,48.65,-93.4333333,6,2015;2016;2017;2018;2019;2020
71963099999,63.6,-105.1333333,6,2015;2016;2017;2018;2019;2020
71964099999,60.709553,-135.067269,6,2015;2016;2017;2018;2019;2020
71965099999,63.616389,-135.868333,6,2015;2016;2017;2018;2019;2020
71966099999,64.043056,-139.127778,6,2015;2016;2017;2018;2019;2020
71966499999,64.05,-139.13,6,2015;2016;2017;2018;2019;2020
71966599999,67.570556,-139.839167,6,2015;2016;2017;2018;2019;2020
71967099999,45.8166666,-72.5333333,6,2015;2016;2017;2018;2019;2020
71967599999,62.4166667,-140.8666667,6,2015;2016;2017;2018;2019;2020
71968099999,68.95,-137.22,6,2015;2016;2017;2018;2019;2020
71970099999,54.1333333,-108.5166666,6,2015;2016;2017;2018;2019;2020
71971099999,76.4166666,-82.9,6,2015;2016;2017;2018;2019;2020
71972099999,61.58,-64.65,4,2015;2016;2017;2018
71973099999,48.9333333,-57.9166666,6,2015;2016;2017;2018;2019;2020
71974099999,74.13,-119.98,5,2015;2016;2017;2018;2020
71975099999,64.95,-63.58,4,2015;2016;2017;2018
71976099999,61.3,-73.6666666,6,2015;2016;2017;2018;2019;2020
71977099999,68.8,-140.85,6,2015;2016;2017;2018;2019;2020
71978099999,69.15,-140.15,6,2015;2016;2017;2018;2019;2020
71979099999,53.8,-118.45,6,2015;2016;2017;2018;2019;2020
71980099999,61.95,-127.2,6,2015;2016;2017;2018;2019;2020
71981099999,50.5,-114.0,6,2015;2016;2017;2018;2019;2020
71982099999,50.7,-114.15,6,2015;2016;2017;2018;2019;2020
71983099999,75.3666666,-105.7166666,6,2015;2016;2017;2018;2019;2020
71984099999,69.35,-124.0666666,6,2015;2016;2017;2018;2019;2020
71985099999,69.4333333,-133.0166666,6,2015;2016;2017;2018;2019;2020
71986099999,50.8,-111.0,6,2015;2016;2017;2018;2019;2020
71987099999,47.05,-63.9833333,6,2015;2016;2017;2018;2019;2020
71988099999,44.2833333,-66.35,6,2015;2016;2017;2018;2019;2020
71989099999,76.2333333,-119.3333333,6,2015;2016;2017;2018;2019;2020
71990099999,63.25,-130.0333333,6,2015;2016;2017;2018;2019;2020
71999099999,50.6833333,-121.9333333,6,2015;2016;2017;2018;2019;2020
72011053983,30.78361,-98.66194,6,2015;2016;2017;2018;2019;2020
72011354829,42.54306,-83.17806,6,2015;2016;2017;2018;2019;2020
72012063837,32.21667,-80.7,6,2015;2016;2017;2018;2019;2020
72012200114,48.6,-113.117,1,2015
72012999999,39.4679444,-117.197444,4,2017;2018;2019;2020
72013704867,41.42528,-88.41861,6,2015;2016;2017;2018;2019;2020
72015103049,30.38333,-103.68333,6,2015;2016;2017;2018;2019;2020
72016899999,35.583364,-89.587222,4,2017;2018;2019;2020
72016900116,38.583,-91.0,6,2015;2016;2017;2018;2019;2020
72017063851,37.18583,-88.75056,6,2015;2016;2017;2018;2019;2020
72017199999,35.214458,-89.043361,5,2016;2017;2018;2019;2020
72017253996,34.54528,-94.2025,6,2015;2016;2017;2018;2019;2020
72017553919,33.6361,-91.7556,6,2015;2016;2017;2018;2019;2020
72019300117,40.747,-122.922,6,2015;2016;2017;2018;2019;2020
72019854813,46.412036,-86.650452,6,2015;2016;2017;2018;2019;2020
72020200118,45.417,-123.817,6,2015;2016;2017;2018;2019;2020
72025400119,46.683,-122.983,6,2015;2016;2017;2018;2019;2020
72025599999,36.909222,-94.8875,2,2019;2020
72025763835,31.39694,-84.89528,6,2015;2016;2017;2018;2019;2020
72025804997,46.61889,-93.30972,6,2015;2016;2017;2018;2019;2020
72026153976,33.17528,-97.82833,6,2015;2016;2017;2018;2019;2020
72026363834,34.095,-82.81583,4,2016;2017;2018;2019
72026563833,32.91472,-85.96278,6,2015;2016;2017;2018;2019;2020
72026654809,41.27472,-85.84,6,2015;2016;2017;2018;2019;2020
72026723224,38.95472,-121.08194,6,2015;2016;2017;2018;2019;2020
72026853882,30.98333,-84.63333,6,2015;2016;2017;2018;2019;2020
72026912982,27.20667,-98.12111,6,2015;2016;2017;2018;2019;2020
72027103044,32.2125,-101.52139,6,2015;2016;2017;2018;2019;2020
72027294282,48.46667,-122.41667,6,2015;2016;2017;2018;2019;2020
72027312981,28.97306,-95.86333,6,2015;2016;2017;2018;2019;2020
72027493799,34.27278,-78.71472,6,2015;2016;2017;2018;2019;2020
72027504872,41.73583,-83.65528,6,2015;2016;2017;2018;2019;2020
72027612983,26.44194,-98.12944,6,2015;2016;2017;2018;2019;2020
72027763843,35.25556,-81.60111,6,2015;2016;2017;2018;2019;2020
72027803704,36.68667,-77.48278,6,2015;2016;2017;2018;2019;2020
72027903705,34.60167,-78.57806,6,2015;2016;2017;2018;2019;2020
72028203736,36.01833,-75.67139,6,2015;2016;2017;2018;2019;2020
72028304927,43.67667,-92.17972,6,2015;2016;2017;2018;2019;2020
72028404877,42.57444,-84.81139,6,2015;2016;2017;2018;2019;2020
72028503734,37.52111,-76.76472,6,2015;2016;2017;2018;2019;2020
72028653977,32.44444,-97.81694,6,2015;2016;2017;2018;2019;2020
72028753967,33.71417,-96.67361,6,2015;2016;2017;2018;2019;2020
72028803711,36.36139,-78.52889,6,2015;2016;2017;2018;2019;2020
72028963836,33.52972,-82.51639,6,2015;2016;2017;2018;2019;2020
72029153970,32.74694,-96.53056,6,2015;2016;2017;2018;2019;2020
72029304989,42.45333,-91.9475,6,2015;2016;2017;2018;2019;2020
72029453898,33.77972,-82.81639,6,2015;2016;2017;2018;2019;2020
72029553972,32.08361,-97.09722,6,2015;2016;2017;2018;2019;2020
72029653945,30.88556,-94.03472,6,2015;2016;2017;2018;2019;2020
72029703730,37.23917,-76.71611,6,2015;2016;2017;2018;2019;2020
72029853971,31.86944,-95.2175,6,2015;2016;2017;2018;2019;2020
72029953966,32.45611,-96.9125,6,2015;2016;2017;2018;2019;2020
72030163846,32.64556,-81.59639,6,2015;2016;2017;2018;2019;2020
72030253963,33.59306,-95.06361,2,2016;2017
72030353973,30.87194,-96.62222,6,2015;2016;2017;2018;2019;2020
72030464752,40.1,-75.26667,6,2015;2016;2017;2018;2019;2020
72030553964,33.25444,-97.58056,6,2015;2016;2017;2018;2019;2020
72030653879,38.95972,-94.37139,6,2015;2016;2017;2018;2019;2020
72030763804,34.86139,-86.55722,6,2015;2016;2017;2018;2019;2020
72030804992,41.19611,-96.11194,6,2015;2016;2017;2018;2019;2020
72030904947,40.94667,-91.51111,6,2015;2016;2017;2018;2019;2020
72031153962,33.09556,-94.96139,6,2015;2016;2017;2018;2019;2020
72031204964,41.4,-92.94583,6,2015;2016;2017;2018;2019;2020
72031303052,35.61306,-100.99639,6,2015;2016;2017;2018;2019;2020
72031493983,31.77972,-95.70639,6,2015;2016;2017;2018;2019;2020
72031503045,36.41389,-100.74972,6,2015;2016;2017;2018;2019;2020
72031612984,27.77861,-97.69056,6,2015;2016;2017;2018;2019;2020
72031703735,38.39806,-77.45556,6,2015;2016;2017;2018;2019;2020
72031853965,33.11,-98.55528,6,2015;2016;2017;2018;2019;2020
72031963841,39.01611,-87.64972,6,2015;2016;2017;2018;2019;2020
72032053981,32.35389,-97.43389,6,2015;2016;2017;2018;2019;2020
72032104893,45.65361,-84.51917,6,2015;2016;2017;2018;2019;2020
72032204129,48.29944,-116.56,6,2015;2016;2017;2018;2019;2020
72032393947,30.24333,-98.90972,6,2015;2016;2017;2018;2019;2020
72032464753,40.43528,-75.38194,6,2015;2016;2017;2018;2019;2020
72032604981,42.21861,-92.02583,6,2015;2016;2017;2018;2019;2020
72032704995,44.89222,-91.86778,6,2015;2016;2017;2018;2019;2020
72032863832,39.00028,-80.27389,6,2015;2016;2017;2018;2019;2020
72032999999,34.111542,-117.687589,4,2017;2018;2019;2020
72033063853,38.60667,-87.72667,6,2015;2016;2017;2018;2019;2020
72033199999,36.225861,-90.036642,6,2015;2016;2017;2018;2019;2020
72033353175,33.89765,-117.60243,6,2015;2016;2017;2018;2019;2020
72033493764,39.16667,-77.16667,6,2015;2016;2017;2018;2019;2020
72033900121,32.15,-111.167,6,2015;2016;2017;2018;2019;2020
72034054818,44.62556,-86.20083,6,2015;2016;2017;2018;2019;2020
72034253947,35.86444,-98.42056,6,2015;2016;2017;2018;2019;2020
72034354852,44.33333,-89.01972,6,2015;2016;2017;2018;2019;2020
72034454920,42.73167,-95.55583,6,2015;2016;2017;2018;2019;2020
72034594086,42.79556,-109.80694,6,2015;2016;2017;2018;2019;2020
72034653991,30.75028,-92.68833,6,2015;2016;2017;2018;2019;2020
72034763877,33.59778,-83.13889,6,2015;2016;2017;2018;2019;2020
72034863886,33.15417,-83.24056,6,2015;2016;2017;2018;2019;2020
72035154919,41.22611,-92.49083,6,2015;2016;2017;2018;2019;2020
72035299999,28.17,-89.22,1,2020
72035363875,36.61056,-83.7375,6,2015;2016;2017;2018;2019;2020
72035463901,34.69861,-99.33806,6,2015;2016;2017;2018;2019;2020
72035503732,39.6,-78.76667,6,2015;2016;2017;2018;2019;2020
72035613999,35.53827,-98.93278,6,2015;2016;2017;2018;2019;2020
72035753993,35.95,-96.77306,6,2015;2016;2017;2018;2019;2020
72035853999,35.47278,-98.00583,6,2015;2016;2017;2018;2019;2020
72035923902,35.27472,-96.675,3,2018;2019;2020
72036163870,31.0425,-86.31167,6,2015;2016;2017;2018;2019;2020
72036263874,31.84556,-86.61083,6,2015;2016;2017;2018;2019;2020
72036363872,31.95139,-85.12889,6,2015;2016;2017;2018;2019;2020
72036524267,42.07444,-124.29,6,2015;2016;2017;2018;2019;2020
72036754927,45.37222,-94.74611,6,2015;2016;2017;2018;2019;2020
72036854924,43.98667,-95.7825,6,2015;2016;2017;2018;2019;2020
72036904135,43.7425,-111.0975,6,2015;2016;2017;2018;2019;2020
72037154850,41.95972,-85.59333,6,2015;2016;2017;2018;2019;2020
72037392824,28.00028,-82.16417,6,2015;2016;2017;2018;2019;2020
72037492825,27.91556,-82.44917,6,2015;2016;2017;2018;2019;2020
72037554844,46.00722,-83.74278,6,2015;2016;2017;2018;2019;2020
72037663880,34.22917,-86.25583,6,2015;2016;2017;2018;2019;2020
72037713917,35.63333,-91.16667,6,2015;2016;2017;2018;2019;2020
72037800122,41.033,-80.417,6,2015;2016;2017;2018;2019;2020
72037963882,36.85528,-84.85611,6,2015;2016;2017;2018;2019;2020
72038163885,30.29056,-87.67167,6,2015;2016;2017;2018;2019;2020
72038200123,63.49,-162.11,6,2015;2016;2017;2018;2019;2020
72038353847,30.70444,-87.02306,6,2015;2016;2017;2018;2019;2020
72038400124,38.967,-76.333,6,2015;2016;2017;2018;2019;2020
72038500419,39.8,-105.766,6,2015;2016;2017;2018;2019;2020
72038600125,45.117,-95.133,6,2015;2016;2017;2018;2019;2020
72038800469,47.10391,-122.28719,6,2015;2016;2017;2018;2019;2020
72039100127,28.35,-97.717,6,2015;2016;2017;2018;2019;2020
72039200128,31.056,-82.767,6,2015;2016;2017;2018;2019;2020
72039300129,34.85,-102.333,6,2015;2016;2017;2018;2019;2020
72039400428,34.0998,-93.066,6,2015;2016;2017;2018;2019;2020
72039500130,28.95,-98.517,6,2015;2016;2017;2018;2019;2020
72039700131,39.217,-82.233,6,2015;2016;2017;2018;2019;2020
72040100133,35.6,-92.45,6,2015;2016;2017;2018;2019;2020
72040400134,33.85,-98.483,6,2015;2016;2017;2018;2019;2020
72040500436,41.41167,-96.10861,6,2015;2016;2017;2018;2019;2020
72040600135,38.15,-122.55,6,2015;2016;2017;2018;2019;2020
72040700462,39.9275,-74.2923,6,2015;2016;2017;2018;2019;2020
72040800136,39.983,-75.867,6,2015;2016;2017;2018;2019;2020
72040999999,34.85,-83.9833333,5,2015;2016;2018;2019;2020
72041100137,36.422,-105.29,6,2015;2016;2017;2018;2019;2020
72041254943,41.828,-94.15983,6,2015;2016;2017;2018;2019;2020
72041300138,34.267,-87.6,6,2015;2016;2017;2018;2019;2020
72041400139,40.333,-82.517,6,2015;2016;2017;2018;2019;2020
72041500140,43.433,-86.0,6,2015;2016;2017;2018;2019;2020
72041799999,37.5833333,-101.7333333,5,2016;2017;2018;2019;2020
72042103043,39.84,-101.04194,1,2020
72042203037,39.4275,-101.04639,6,2015;2016;2017;2018;2019;2020
72042599999,37.163081,-101.370528,6,2015;2016;2017;2018;2019;2020
72042600141,37.158,-95.778,6,2015;2016;2017;2018;2019;2020
72043199999,38.208583,-99.085972,2,2017;2018
72043399999,39.850414,-99.894667,2,2018;2020
72043499999,39.109944,-100.816444,2,2019;2020
72043600142,37.45,-94.733,6,2015;2016;2017;2018;2019;2020
72043700143,39.767,-101.8,6,2015;2016;2017;2018;2019;2020
72043899999,38.474278,-100.884944,2,2019;2020
72043999999,37.604006,-101.373561,3,2018;2019;2020
72044599999,37.358278,-85.309417,3,2018;2019;2020
72044699999,37.814322,-85.499639,4,2017;2018;2019;2020
72044700437,36.66458,-88.37277,6,2015;2016;2017;2018;2019;2020
72044800144,37.578,-84.77,6,2015;2016;2017;2018;2019;2020
72044999999,38.5545,-82.737999,6,2015;2016;2017;2018;2019;2020
72045199999,37.686,-85.925028,5,2016;2017;2018;2019;2020
72045299999,38.541806,-83.743389,6,2015;2016;2017;2018;2019;2020
72045500145,37.633,-84.333,6,2015;2016;2017;2018;2019;2020
72045600146,38.067,-83.983,6,2015;2016;2017;2018;2019;2020
72045799999,37.387361,-83.261611,1,2020
72045800476,37.75102,-82.63669,6,2015;2016;2017;2018;2019;2020
72046499999,37.561764,-82.566389,6,2015;2016;2017;2018;2019;2020
72046599999,36.8,-84.2,5,2016;2017;2018;2019;2020
72046699999,29.95,-90.0833333,1,2015
72046700148,30.817,-89.867,6,2015;2016;2017;2018;2019;2020
72046800466,30.55838,-92.09938,6,2015;2016;2017;2018;2019;2020
72047299999,44.991894,-70.664625,4,2017;2018;2019;2020
72047599999,40.3525,-94.915,4,2017;2018;2019;2020
72047600455,39.72516,-91.44386,6,2015;2016;2017;2018;2019;2020
72047799999,37.648328,-92.652431,4,2017;2018;2019;2020
72047899999,38.611022,-94.342131,5,2016;2017;2018;2019;2020
72047900149,36.9,-94.017,6,2015;2016;2017;2018;2019;2020
72048103817,36.6,-89.98333,1,2020
72048199999,36.600558,-89.992203,5,2016;2017;2018;2019;2020
72048299999,39.463858,-92.427044,4,2017;2018;2019;2020
72048399999,39.095756,-93.202878,6,2015;2016;2017;2018;2019;2020
72048499999,39.157513,-91.818268,5,2016;2017;2018;2019;2020
72048799999,38.346889,-93.345425,4,2017;2018;2019;2020
72048899999,36.898889,-89.56175,6,2015;2016;2017;2018;2019;2020
72049100150,46.217,-97.633,6,2015;2016;2017;2018;2019;2020
72049200151,44.567,-72.017,6,2015;2016;2017;2018;2019;2020
72049354758,44.88333,-72.23333,6,2015;2016;2017;2018;2019;2020
72049400152,44.933,-73.1,6,2015;2016;2017;2018;2019;2020
72049800153,37.4,-77.517,6,2015;2016;2017;2018;2019;2020
72049900154,36.783,-76.45,6,2015;2016;2017;2018;2019;2020
72050100155,37.85,-76.883,6,2015;2016;2017;2018;2019;2020
72050499999,33.569917,-86.050856,6,2015;2016;2017;2018;2019;2020
72050500156,33.902,-87.314,6,2015;2016;2017;2018;2019;2020
72050799999,33.312883,-86.925919,5,2016;2017;2018;2019;2020
72050899999,33.171837,-86.305539,6,2015;2016;2017;2018;2019;2020
72051699999,42.711247,-110.942164,6,2015;2016;2017;2018;2019;2020
72051724165,41.82389,-110.55694,6,2015;2016;2017;2018;2019;2020
72051800449,41.39333,-110.40597,5,2015;2016;2017;2018;2019
72051999999,44.867161,-108.793428,6,2015;2016;2017;2018;2019;2020
72052100475,41.44352,-106.82752,6,2015;2016;2017;2018;2019;2020
72052200443,43.54836,-109.69025,6,2015;2016;2017;2018;2019;2020
72052803064,38.6975,-106.07,6,2015;2016;2017;2018;2019;2020
72052900429,38.23875,-108.56327,6,2015;2016;2017;2018;2019;2020
72053100158,38.783,-108.067,6,2015;2016;2017;2018;2019;2020
72053200159,38.533,-106.05,6,2015;2016;2017;2018;2019;2020
72053300160,40.033,-105.217,6,2015;2016;2017;2018;2019;2020
72053400161,40.017,-105.05,6,2015;2016;2017;2018;2019;2020
72053500162,40.333,-103.8,6,2015;2016;2017;2018;2019;2020
72053699999,40.089708,-105.917236,4,2017;2018;2019;2020
72053700163,40.567,-102.267,6,2015;2016;2017;2018;2019;2020
72053800164,40.167,-105.167,6,2015;2016;2017;2018;2019;2020
72053900165,37.283,-107.05,6,2015;2016;2017;2018;2019;2020
72054153806,34.38333,-89.55,6,2015;2016;2017;2018;2019;2020
72054200166,30.5,-97.967,6,2015;2016;2017;2018;2019;2020
72054300167,41.3,-85.067,6,2015;2016;2017;2018;2019;2020
72054400168,40.617,-103.267,6,2015;2016;2017;2018;2019;2020
72054500169,41.384,-72.506,6,2015;2016;2017;2018;2019;2020
72054900171,39.183,-119.733,6,2015;2016;2017;2018;2019;2020
72055199999,39.000306,-119.751194,6,2015;2016;2017;2018;2019;2020
72055399999,40.701214,-74.009028,5,2016;2017;2018;2019;2020
72055803977,35.43333,-99.4,6,2015;2016;2017;2018;2019;2020
72055900172,34.033,-95.533,6,2015;2016;2017;2018;2019;2020
72056100467,36.17527,-96.15183,6,2015;2016;2017;2018;2019;2020
72056299999,46.8,-120.1666666,3,2015;2016;2017
72056599999,40.4818056,-111.428806,4,2017;2018;2019;2020
72056724180,41.55222,-112.06222,6,2015;2016;2017;2018;2019;2020
72056999999,37.011105,-112.531194,3,2017;2019;2020
72057299999,40.612272,-112.350772,6,2015;2016;2017;2018;2019;2020
72057500173,40.031,-86.251,6,2015;2016;2017;2018;2019;2020
72057600174,38.533,-121.783,6,2015;2016;2017;2018;2019;2020
72057700175,32.15,-94.85,6,2015;2016;2017;2018;2019;2020
72057800176,32.717,-98.892,6,2015;2016;2017;2018;2019;2020
72058100178,40.617,-74.25,4,2017;2018;2019;2020
72058199999,40.617447,-74.244594,2,2015;2016
72058400181,26.967,-99.25,6,2015;2016;2017;2018;2019;2020
72058600183,42.683,-90.45,6,2015;2016;2017;2018;2019;2020
72058700184,29.976,-92.084,6,2015;2016;2017;2018;2019;2020
72058900185,44.783,-88.55,6,2015;2016;2017;2018;2019;2020
72059200186,30.46,-87.877,6,2015;2016;2017;2018;2019;2020
72059300187,41.333,-86.667,6,2015;2016;2017;2018;2019;2020
72059400188,29.717,-95.383,6,2015;2016;2017;2018;2019;2020
72059600189,34.3,-81.633,6,2015;2016;2017;2018;2019;2020
72059700190,34.5,-81.95,6,2015;2016;2017;2018;2019;2020
72059800191,33.183,-80.033,6,2015;2016;2017;2018;2019;2020
72059900192,34.783,-81.2,6,2015;2016;2017;2018;2019;2020
72060100193,33.65,-81.683,6,2015;2016;2017;2018;2019;2020
72060200194,33.25,-81.383,6,2015;2016;2017;2018;2019;2020
72060300195,34.283,-80.567,6,2015;2016;2017;2018;2019;2020
72060400196,33.717,-79.85,6,2015;2016;2017;2018;2019;2020
72060500197,34.717,-79.95,6,2015;2016;2017;2018;2019;2020
72060600198,32.701,-80.003,6,2015;2016;2017;2018;2019;2020
72060700199,34.717,-80.85,6,2015;2016;2017;2018;2019;2020
72060800200,34.181,-79.335,6,2015;2016;2017;2018;2019;2020
72060900201,32.917,-80.633,6,2015;2016;2017;2018;2019;2020
72061100202,34.0,-80.367,6,2015;2016;2017;2018;2019;2020
72061200203,32.4121,-80.6343,6,2015;2016;2017;2018;2019;2020
72061300204,33.828,-79.122,6,2015;2016;2017;2018;2019;2020
72061400205,38.909,-121.351,6,2015;2016;2017;2018;2019;2020
72061500206,38.033,-120.417,6,2015;2016;2017;2018;2019;2020
72061600207,36.533,-93.2,6,2015;2016;2017;2018;2019;2020
72061700208,29.8,-95.9,6,2015;2016;2017;2018;2019;2020
72061999999,41.133316,-104.8672,6,2015;2016;2017;2018;2019;2020
72062400211,44.016,-97.086,6,2015;2016;2017;2018;2019;2020
72062500212,36.75,-97.35,6,2015;2016;2017;2018;2019;2020
72062600213,35.883,-101.033,6,2015;2016;2017;2018;2019;2020
72062700214,35.283,-95.1,6,2015;2016;2017;2018;2019;2020
72062800215,35.483,-97.817,6,2015;2016;2017;2018;2019;2020
72062900216,43.663,-84.261,6,2015;2016;2017;2018;2019;2020
72063100217,34.617,-79.733,6,2015;2016;2017;2018;2019;2020
72063200218,33.063,-80.279,6,2015;2016;2017;2018;2019;2020
72063300219,34.4,-80.117,6,2015;2016;2017;2018;2019;2020
72063400220,34.315,-81.109,6,2015;2016;2017;2018;2019;2020
72063500221,35.3,-112.2,6,2015;2016;2017;2018;2019;2020
72063600222,38.35,-93.683,6,2015;2016;2017;2018;2019;2020
72063700223,29.5,-95.477,6,2015;2016;2017;2018;2019;2020
72063800224,44.095,-121.2,6,2015;2016;2017;2018;2019;2020
72063900225,30.533,-98.367,6,2015;2016;2017;2018;2019;2020
72064199999,38.8,-104.5166666,4,2015;2016;2017;2018
72064299999,38.75,-104.85,6,2015;2016;2017;2018;2019;2020
72064354940,43.23475,-93.6241,6,2015;2016;2017;2018;2019;2020
72064400226,33.417,-112.683,6,2015;2016;2017;2018;2019;2020
72064500227,38.717,-120.75,6,2015;2016;2017;2018;2019;2020
72064600228,37.513,-122.501,6,2015;2016;2017;2018;2019;2020
72064700229,31.106,-98.196,6,2015;2016;2017;2018;2019;2020
72064800230,30.395,-97.567,6,2015;2016;2017;2018;2019;2020
72064900231,36.33,-77.635,6,2015;2016;2017;2018;2019;2020
72065100232,40.225,-83.352,6,2015;2016;2017;2018;2019;2020
72065200433,38.3557,-119.519,6,2015;2016;2017;2018;2019;2020
72065500235,28.867,-82.567,6,2015;2016;2017;2018;2019;2020
72065900239,30.735,-101.203,6,2015;2016;2017;2018;2019;2020
72066400242,28.083,-87.983,2,2015;2016
72066500243,27.2,-92.2,6,2015;2016;2017;2018;2019;2020
72066600244,28.6,-91.2,6,2015;2016;2017;2018;2019;2020
72066800246,27.817,-94.317,6,2015;2016;2017;2018;2019;2020
72066900247,27.3,-93.533,6,2015;2016;2017;2018;2019;2020
72067100248,31.554,-81.883,6,2015;2016;2017;2018;2019;2020
72067200485,29.46738,-81.20633,5,2016;2017;2018;2019;2020
72067400249,33.633,-85.15,6,2015;2016;2017;2018;2019;2020
72068199999,38.146118,-120.648172,5,2016;2017;2018;2019;2020
72068499999,42.05,-104.9333333,5,2016;2017;2018;2019;2020
72068799999,33.7333333,-117.0166666,2,2019;2020
72069903724,39.60806,-77.0075,6,2015;2016;2017;2018;2019;2020
72070154942,41.05222,-93.68913,6,2015;2016;2017;2018;2019;2020
72070599999,38.981361,-82.57785,2,2019;2020
72070853849,32.8,-88.83333,1,2020
72070999999,41.035583,-83.982025,5,2016;2017;2018;2019;2020
72071200250,31.429,-83.489,6,2015;2016;2017;2018;2019;2020
72071300251,40.204,-84.532,6,2015;2016;2017;2018;2019;2020
72071400252,33.912,-84.941,6,2015;2016;2017;2018;2019;2020
72071700442,29.11666,-89.55,6,2015;2016;2017;2018;2019;2020
72071800253,28.643,-89.794,6,2015;2016;2017;2018;2019;2020
72071900254,28.433,-92.883,4,2015;2016;2017;2018
72072100255,29.483,-93.633,5,2015;2016;2017;2018;2019
72072200256,29.117,-91.867,6,2015;2016;2017;2018;2019;2020
72072499999,34.6458616,-106.83634,4,2017;2018;2019;2020
72072500434,28.058,-95.872,6,2015;2016;2017;2018;2019;2020
72072600259,28.577,-94.977,2,2015;2016
72072700260,27.962,-93.671,6,2015;2016;2017;2018;2019;2020
72072900435,28.5,-95.716,6,2015;2016;2017;2018;2019;2020
72073299999,27.7333333,-96.1833333,6,2015;2016;2017;2018;2019;2020
72073400264,43.581,-116.523,6,2015;2016;2017;2018;2019;2020
72073573805,30.349,-85.788,6,2015;2016;2017;2018;2019;2020
72073600265,41.066,-86.182,6,2015;2016;2017;2018;2019;2020
72073700266,47.451,-99.151,6,2015;2016;2017;2018;2019;2020
72073800267,30.902,-83.881,6,2015;2016;2017;2018;2019;2020
72073900268,32.646,-93.298,6,2015;2016;2017;2018;2019;2020
72074100269,35.947,-114.861,6,2015;2016;2017;2018;2019;2020
72074200270,28.209,-100.019,6,2015;2016;2017;2018;2019;2020
72074300418,26.067,-97.15,3,2015;2016;2017
72074400271,34.817,-82.7,6,2015;2016;2017;2018;2019;2020
72074500272,27.35,-94.633,6,2015;2016;2017;2018;2019;2020
72074799999,41.7333333,-106.4666666,6,2015;2016;2017;2018;2019;2020
72074924255,48.35,-122.66667,6,2015;2016;2017;2018;2019;2020
72075999999,46.251,-114.125,2,2019;2020
72076800274,36.654,-83.218,6,2015;2016;2017;2018;2019;2020
72076900275,33.433,-88.849,6,2015;2016;2017;2018;2019;2020
72077100276,31.841,-99.404,6,2015;2016;2017;2018;2019;2020
72077599999,35.506975,-86.803886,3,2018;2019;2020
72077699999,31.672552,-89.172226,6,2015;2016;2017;2018;2019;2020
72077799999,36.772833,-77.79425,6,2015;2016;2017;2018;2019;2020
72077900461,31.64117,-96.51445,6,2015;2016;2017;2018;2019;2020
72078199999,38.342781,-98.226878,3,2018;2019;2020
72078700278,32.304,-90.411,6,2015;2016;2017;2018;2019;2020
72080699999,32.176083,-94.298806,2,2019;2020
72081599999,39.630306,-86.8139,3,2015;2016;2017
72083599999,46.788667,-90.758722,5,2016;2017;2018;2019;2020
72083799999,45.35955,-117.253836,1,2020
72083900279,39.667,-119.876,6,2015;2016;2017;2018;2019;2020
72085200280,38.946,-104.57,6,2015;2016;2017;2018;2019;2020
72085300281,48.884,-99.621,6,2015;2016;2017;2018;2019;2020
72085400282,46.925,-103.982,6,2015;2016;2017;2018;2019;2020
72085500283,48.784,-97.632,6,2015;2016;2017;2018;2019;2020
72085600284,34.689,-86.006,6,2015;2016;2017;2018;2019;2020
72085800285,48.48,-99.236,6,2015;2016;2017;2018;2019;2020
72085900286,44.251,-90.855,6,2015;2016;2017;2018;2019;2020
72086100287,48.929,-103.297,6,2015;2016;2017;2018;2019;2020
72086300289,48.381,-102.898,6,2015;2016;2017;2018;2019;2020
72086400290,35.937,-77.547,5,2015;2016;2018;2019;2020
72086500291,48.405,-97.371,6,2015;2016;2017;2018;2019;2020
72086600292,47.29,-101.581,6,2015;2016;2017;2018;2019;2020
72086700293,48.39,-100.024,6,2015;2016;2017;2018;2019;2020
72086800294,47.796,-103.254,6,2015;2016;2017;2018;2019;2020
72086900295,38.947,-92.683,6,2015;2016;2017;2018;2019;2020
72087100296,46.768,-100.894,6,2015;2016;2017;2018;2019;2020
72088700297,46.117,-89.883,6,2015;2016;2017;2018;2019;2020
72089599999,46.812782,-101.860156,6,2015;2016;2017;2018;2019;2020
72089799999,33.782417,-83.692861,4,2017;2018;2019;2020
72090200298,43.067,-83.267,6,2015;2016;2017;2018;2019;2020
72090300441,38.70042,-87.12973,6,2015;2016;2017;2018;2019;2020
72090400299,29.067,-81.283,6,2015;2016;2017;2018;2019;2020
72090799999,36.334575,-84.162344,6,2015;2016;2017;2018;2019;2020
72090900300,48.301,-102.406,6,2015;2016;2017;2018;2019;2020
72091100301,46.942,-98.018,6,2015;2016;2017;2018;2019;2020
72091200302,29.233,-87.783,6,2015;2016;2017;2018;2019;2020
72091300303,27.833,-91.983,6,2015;2016;2017;2018;2019;2020
72091400304,28.633,-91.483,6,2015;2016;2017;2018;2019;2020
72091600453,27.63,-90.45,6,2015;2016;2017;2018;2019;2020
72091700306,29.183,-94.517,6,2015;2016;2017;2018;2019;2020
72091800307,29.296,-88.842,6,2015;2016;2017;2018;2019;2020
72092100309,28.917,-93.3,1,2015
72092300310,48.726,-116.295,6,2015;2016;2017;2018;2019;2020
72092400311,34.915,-88.604,6,2015;2016;2017;2018;2019;2020
72092500312,27.2,-90.033,6,2015;2016;2017;2018;2019;2020
72092600313,30.071,-94.216,6,2015;2016;2017;2018;2019;2020
72092700314,34.3,-90.512,6,2015;2016;2017;2018;2019;2020
72092800315,40.28,-83.115,6,2015;2016;2017;2018;2019;2020
72092900316,45.506,-91.981,6,2015;2016;2017;2018;2019;2020
72093200317,31.606,-90.409,5,2015;2016;2017;2019;2020
72093300318,46.218,-100.245,6,2015;2016;2017;2018;2019;2020
72094200323,41.233,-96.6,6,2015;2016;2017;2018;2019;2020
72094300431,32.5205,-94.3077,6,2015;2016;2017;2018;2019;2020
72094400324,40.367,-83.817,6,2015;2016;2017;2018;2019;2020
72094600326,30.617,-81.467,6,2015;2016;2017;2018;2019;2020
72094800328,32.11,-84.189,6,2015;2016;2017;2018;2019;2020
72094900329,37.974,-92.691,6,2015;2016;2017;2018;2019;2020
72095100330,32.609,-82.37,6,2015;2016;2017;2018;2019;2020
72095299999,34.563889,-117.675,6,2015;2016;2017;2018;2019;2020
72095300331,29.248,-88.441,6,2015;2016;2017;2018;2019;2020
72095400456,26.93333,-94.68333,6,2015;2016;2017;2018;2019;2020
72095600332,28.27,-92.264,6,2015;2016;2017;2018;2019;2020
72095700333,29.117,-90.2,6,2015;2016;2017;2018;2019;2020
72096100336,40.711,-86.375,6,2015;2016;2017;2018;2019;2020
72096200337,32.214,-83.128,6,2015;2016;2017;2018;2019;2020
72096399999,32.078683,-106.152933,5,2015;2016;2017;2018;2019
72096400338,30.033,-85.533,6,2015;2016;2017;2018;2019;2020
72096513910,32.43333,-99.85,6,2015;2016;2017;2018;2019;2020
72096600339,33.227,-84.275,6,2015;2016;2017;2018;2019;2020
72096700457,30.7183,-91.4786,6,2015;2016;2017;2018;2019;2020
72096800340,35.704,-79.504,6,2015;2016;2017;2018;2019;2020
72097100342,42.517,-108.783,6,2015;2016;2017;2018;2019;2020
72097299999,44.0166666,-92.4833333,6,2015;2016;2017;2018;2019;2020
72097400344,35.178,-86.066,6,2015;2016;2017;2018;2019;2020
72097599999,31.173889,-89.191109,2,2016;2020
72097600345,32.333,-108.691,3,2015;2016;2018
72097799999,41.3333333,-104.266666,6,2015;2016;2017;2018;2019;2020
72097899999,41.5166666,-104.0,6,2015;2016;2017;2018;2019;2020
72097999999,41.5833333,-103.666666,6,2015;2016;2017;2018;2019;2020
72098199999,41.3666666,-103.8,6,2015;2016;2017;2018;2019;2020
72098299999,41.1166666,-103.983333,5,2015;2016;2017;2019;2020
72098399999,41.3666666,-103.483333,6,2015;2016;2017;2018;2019;2020
72098499999,41.2166666,-103.1,5,2015;2016;2018;2019;2020
72098599999,41.3166666,-102.833333,6,2015;2016;2017;2018;2019;2020
72098699999,41.05,-102.866666,6,2015;2016;2017;2018;2019;2020
72098799999,40.9666666,-103.2,6,2015;2016;2017;2018;2019;2020
72098899999,41.1333333,-103.483333,6,2015;2016;2017;2018;2019;2020
72098999999,40.9166666,-103.7,6,2015;2016;2017;2018;2019;2020
72099199999,40.7,-103.483333,6,2015;2016;2017;2018;2019;2020
72099299999,40.6333333,-103.833333,6,2015;2016;2017;2018;2019;2020
72099399999,40.8833333,-104.0,6,2015;2016;2017;2018;2019;2020
72099499999,47.2833333,-110.8,6,2015;2016;2017;2018;2019;2020
72099599999,47.2833333,-110.366666,6,2015;2016;2017;2018;2019;2020
72099699999,47.1,-110.166666,6,2015;2016;2017;2018;2019;2020
72099799999,47.3833333,-109.816666,6,2015;2016;2017;2018;2019;2020
72099899999,47.45,-109.416666,6,2015;2016;2017;2018;2019;2020
72099999999,47.6,-112.316666,6,2015;2016;2017;2018;2019;2020
72100199999,47.3333333,-112.1,6,2015;2016;2017;2018;2019;2020
72100299999,47.7,-111.95,6,2015;2016;2017;2018;2019;2020
72100399999,47.3166666,-111.466666,6,2015;2016;2017;2018;2019;2020
72100499999,47.75,-111.55,6,2015;2016;2017;2018;2019;2020
72100599999,46.45,-109.8,6,2015;2016;2017;2018;2019;2020
72100699999,46.7,-109.733333,6,2015;2016;2017;2018;2019;2020
72100799999,47.0166666,-109.633333,6,2015;2016;2017;2018;2019;2020
72100899999,47.0666666,-109.033333,6,2015;2016;2017;2018;2019;2020
72100999999,47.3333333,-108.933333,6,2015;2016;2017;2018;2019;2020
72101199999,47.967118,-100.58055,6,2015;2016;2017;2018;2019;2020
72101299999,47.908973,-100.926748,6,2015;2016;2017;2018;2019;2020
72101399999,47.714453,-101.010044,6,2015;2016;2017;2018;2019;2020
72101499999,47.795121,-101.298758,6,2015;2016;2017;2018;2019;2020
72101599999,47.750753,-101.674209,6,2015;2016;2017;2018;2019;2020
72101699999,47.896182,-101.674282,6,2015;2016;2017;2018;2019;2020
72101799999,48.119817,-101.960487,6,2015;2016;2017;2018;2019;2020
72101899999,47.974391,-102.222624,6,2015;2016;2017;2018;2019;2020
72101999999,48.344951,-102.304384,6,2015;2016;2017;2018;2019;2020
72102199999,48.412292,-101.891598,6,2015;2016;2017;2018;2019;2020
72102299999,48.550636,-102.120332,5,2015;2016;2017;2018;2019
72102399999,48.789361,-102.268759,4,2015;2016;2017;2018
72102499999,48.672932,-101.881889,6,2015;2016;2017;2018;2019;2020
72102599999,48.759512,-101.592032,5,2015;2016;2017;2018;2020
72102699999,48.82463,-101.282502,6,2015;2016;2017;2018;2019;2020
72102899999,43.9854722,-73.0954722,6,2015;2016;2017;2018;2019;2020
72102900347,41.572,-86.735,6,2015;2016;2017;2018;2019;2020
72103100348,35.38,-86.246,6,2015;2016;2017;2018;2019;2020
72103300350,31.684,-83.27,6,2015;2016;2017;2018;2019;2020
72103400351,30.879,-96.971,6,2015;2016;2017;2018;2019;2020
72103500352,31.885,-82.647,6,2015;2016;2017;2018;2019;2020
72103600353,43.467,-108.389,6,2015;2016;2017;2018;2019;2020
72103799999,36.0719444,-75.6936111,4,2015;2016;2017;2018
72103899999,35.2377778,-79.9956,5,2015;2016;2017;2018;2020
72104199999,25.995028,-81.672528,6,2015;2016;2017;2018;2019;2020
72104200486,28.22813,-82.15592,6,2015;2016;2017;2018;2019;2020
72104399999,32.163847,-95.828353,6,2015;2016;2017;2018;2019;2020
72104400448,32.93059,-96.43548,6,2015;2016;2017;2018;2019;2020
72104500354,39.332,-94.31,6,2015;2016;2017;2018;2019;2020
72104600460,30.17272,-90.94061,4,2017;2018;2019;2020
72104699999,30.1666666,-90.9333333,3,2015;2016;2017
72104800471,29.63421,-104.36149,6,2015;2016;2017;2018;2019;2020
72200354930,44.47556,-93.01639,6,2015;2016;2017;2018;2019;2020
72200454922,46.24417,-96.60722,6,2015;2016;2017;2018;2019;2020
72200599999,38.302486,-95.724958,2,2019;2020
72200654926,43.62111,-96.21583,6,2015;2016;2017;2018;2019;2020
72200754828,43.45889,-83.44556,6,2015;2016;2017;2018;2019;2020
72200812995,27.81194,-97.08861,6,2015;2016;2017;2018;2019;2020
72201012836,24.5571,-81.7554,6,2015;2016;2017;2018;2019;2020
72201192813,28.28972,-81.43694,6,2015;2016;2017;2018;2019;2020
72201292817,28.95,-81.96667,4,2015;2016;2017;2018
72201412818,28.47361,-82.45444,6,2015;2016;2017;2018;2019;2020
72201512850,24.58333,-81.68333,6,2015;2016;2017;2018;2019;2020
72201612896,24.72583,-81.05167,6,2015;2016;2017;2018;2019;2020
72202012839,25.7881,-80.3169,6,2015;2016;2017;2018;2019;2020
72202192816,28.01389,-82.34528,6,2015;2016;2017;2018;2019;2020
72202212803,26.37833,-80.1075,6,2015;2016;2017;2018;2019;2020
72202412882,25.90694,-80.28028,6,2015;2016;2017;2018;2019;2020
72202612826,25.48333,-80.38333,6,2015;2016;2017;2018;2019;2020
72202912888,25.6475,-80.43306,6,2015;2016;2017;2018;2019;2020
72203012844,26.6847,-80.0994,6,2015;2016;2017;2018;2019;2020
72203163839,34.26889,-86.85833,6,2015;2016;2017;2018;2019;2020
72203254916,44.07361,-93.55306,6,2015;2016;2017;2018;2019;2020
72203304999,44.75333,-95.55611,6,2015;2016;2017;2018;2019;2020
72203412812,26.91722,-81.99139,6,2015;2016;2017;2018;2019;2020
72203792809,25.99889,-80.24111,6,2015;2016;2017;2018;2019;2020
72203812897,26.155,-81.7752,6,2015;2016;2017;2018;2019;2020
72203912885,26.19694,-80.17083,6,2015;2016;2017;2018;2019;2020
72204012838,28.1011,-80.6439,6,2015;2016;2017;2018;2019;2020
72204112993,29.44472,-90.26111,6,2015;2016;2017;2018;2019;2020
72204253978,32.74222,-95.49639,6,2015;2016;2017;2018;2019;2020
72204453930,34.80417,-96.67111,6,2015;2016;2017;2018;2019;2020
72204612898,28.51667,-80.8,6,2015;2016;2017;2018;2019;2020
72204992805,26.25,-80.10833,6,2015;2016;2017;2018;2019;2020
72205012815,28.4339,-81.325,6,2015;2016;2017;2018;2019;2020
72205153932,34.39833,-96.14806,6,2015;2016;2017;2018;2019;2020
72205253933,36.77306,-98.66972,6,2015;2016;2017;2018;2019;2020
72205312841,28.54528,-81.33306,6,2015;2016;2017;2018;2019;2020
72205453959,35.135,-90.23444,6,2015;2016;2017;2018;2019;2020
72205512861,29.16667,-82.23333,6,2015;2016;2017;2018;2019;2020
72205712854,28.77972,-81.24361,6,2015;2016;2017;2018;2019;2020
72205904866,42.69,-88.30361,6,2015;2016;2017;2018;2019;2020
72206013889,30.495,-81.6936,6,2015;2016;2017;2018;2019;2020
72206103038,39.46667,-106.15,6,2015;2016;2017;2018;2019;2020
72206263842,31.47667,-82.86056,6,2015;2016;2017;2018;2019;2020
72206593837,30.23333,-81.66667,6,2015;2016;2017;2018;2019;2020
72206603853,30.4,-81.41667,6,2015;2016;2017;2018;2019;2020
72206763823,30.21861,-81.87639,6,2015;2016;2017;2018;2019;2020
72206953853,30.4,-86.47167,6,2015;2016;2017;2018;2019;2020
72207003822,32.13133,-81.20237,6,2015;2016;2017;2018;2019;2020
72207153935,35.09611,-97.96611,6,2015;2016;2017;2018;2019;2020
72207303727,34.97556,-78.36444,6,2015;2016;2017;2018;2019;2020
72207463840,38.08944,-88.12306,6,2015;2016;2017;2018;2019;2020
72207504871,41.93167,-88.70806,6,2015;2016;2017;2018;2019;2020
72207694891,40.2,-87.6,6,2015;2016;2017;2018;2019;2020
72207853938,34.47083,-97.95083,6,2015;2016;2017;2018;2019;2020
72207953888,35.78111,-80.30361,6,2015;2016;2017;2018;2019;2020
72208013880,32.89943,-80.04075,6,2015;2016;2017;2018;2019;2020
72208113730,39.41667,-77.38333,6,2015;2016;2017;2018;2019;2020
72208204876,42.24611,-89.58222,6,2015;2016;2017;2018;2019;2020
72208593831,32.48333,-80.71667,6,2015;2016;2017;2018;2019;2020
72208994959,40.93333,-90.43333,6,2015;2016;2017;2018;2019;2020
72209003875,31.88333,-81.56667,6,2015;2016;2017;2018;2019;2020
72209153940,36.29417,-95.47944,6,2015;2016;2017;2018;2019;2020
72209253941,36.605,-94.73833,6,2015;2016;2017;2018;2019;2020
72209304878,44.68028,-84.72861,6,2015;2016;2017;2018;2019;2020
72209453984,32.69861,-97.04667,6,2015;2016;2017;2018;2019;2020
72209503030,36.68167,-101.50528,6,2015;2016;2017;2018;2019;2020
72209653127,35.97611,-115.1325,6,2015;2016;2017;2018;2019;2020
72209704936,41.58417,-95.33944,6,2015;2016;2017;2018;2019;2020
72209864761,40.95956,-72.25183,6,2015;2016;2017;2018;2019;2020
72209953936,35.72361,-96.82,6,2015;2016;2017;2018;2019;2020
72210103039,37.45,-106.8,6,2015;2016;2017;2018;2019;2020
72210312895,27.49806,-80.37667,6,2015;2016;2017;2018;2019;2020
72210492806,27.76472,-82.6275,6,2015;2016;2017;2018;2019;2020
72210612835,26.585,-81.8614,6,2015;2016;2017;2018;2019;2020
72210703056,32.67528,-102.65444,6,2015;2016;2017;2018;2019;2020
72210812894,26.53611,-81.755,6,2015;2016;2017;2018;2019;2020
72210900355,34.317,-84.417,6,2015;2016;2017;2018;2019;2020
72211012842,27.96194,-82.5403,6,2015;2016;2017;2018;2019;2020
72211253982,32.69889,-94.94889,6,2015;2016;2017;2018;2019;2020
72211353979,30.16917,-96.98,6,2015;2016;2017;2018;2019;2020
72211454901,45.15917,-93.84333,6,2015;2016;2017;2018;2019;2020
72211512871,27.40139,-82.55861,6,2015;2016;2017;2018;2019;2020
72211612873,27.91056,-82.6875,6,2015;2016;2017;2018;2019;2020
72211800482,27.07161,-82.44033,6,2015;2016;2017;2018;2019;2020
72211912883,28.0,-82.05,6,2015;2016;2017;2018;2019;2020
72212012833,29.63333,-83.10528,6,2015;2016;2017;2018;2019;2020
72212203050,32.69333,-100.95056,6,2015;2016;2017;2018;2019;2020
72212312809,27.95,-81.78333,6,2015;2016;2017;2018;2019;2020
72212404998,40.14917,-97.58667,6,2015;2016;2017;2018;2019;2020
72212504829,43.43333,-83.86667,6,2015;2016;2017;2018;2019;2020
72212604879,41.53972,-87.53194,6,2015;2016;2017;2018;2019;2020
72212704880,41.0714,-87.8463,6,2015;2016;2017;2018;2019;2020
72212853899,35.48306,-81.16111,6,2015;2016;2017;2018;2019;2020
72212904939,46.83917,-96.66306,6,2015;2016;2017;2018;2019;2020
72213013861,31.25,-82.4,6,2015;2016;2017;2018;2019;2020
72213103713,35.54083,-78.39028,6,2015;2016;2017;2018;2019;2020
72213263801,35.38963,-80.70735,6,2015;2016;2017;2018;2019;2020
72213353946,35.43806,-94.80278,6,2015;2016;2017;2018;2019;2020
72213463822,32.1925,-82.37194,6,2015;2016;2017;2018;2019;2020
72213653883,31.25889,-81.46611,6,2015;2016;2017;2018;2019;2020
72213713878,31.1522,-81.3908,6,2015;2016;2017;2018;2019;2020
72213863852,30.36778,-89.45472,6,2015;2016;2017;2018;2019;2020
72214093805,30.39306,-84.35333,6,2015;2016;2017;2018;2019;2020
72214103731,36.02333,-78.33028,6,2015;2016;2017;2018;2019;2020
72214204114,44.5228,-114.215,6,2015;2016;2017;2018;2019;2020
72214353975,32.57917,-96.71917,6,2015;2016;2017;2018;2019;2020
72214404945,45.23583,-93.98556,6,2015;2016;2017;2018;2019;2020
72214504884,45.42556,-84.91333,6,2015;2016;2017;2018;2019;2020
72214753817,31.08333,-83.8,6,2015;2016;2017;2018;2019;2020
72214863824,35.41667,-80.15056,6,2015;2016;2017;2018;2019;2020
72214904899,41.35167,-89.15306,6,2015;2016;2017;2018;2019;2020
72215114794,41.34972,-71.79889,6,2015;2016;2017;2018;2019;2020
72215253957,36.43667,-99.52083,6,2015;2016;2017;2018;2019;2020
72215453885,34.72167,-84.86889,6,2015;2016;2017;2018;2019;2020
72215503040,39.21667,-104.63333,6,2015;2016;2017;2018;2019;2020
72215653873,34.12306,-84.84861,6,2015;2016;2017;2018;2019;2020
72215704949,40.52028,-90.65222,6,2015;2016;2017;2018;2019;2020
72215899999,38.99,-76.48,6,2015;2016;2017;2018;2019;2020
72215912980,26.1775,-97.97306,6,2015;2016;2017;2018;2019;2020
72216013869,31.53556,-84.19444,6,2015;2016;2017;2018;2019;2020
72216453949,35.66806,-95.94861,6,2015;2016;2017;2018;2019;2020
72216563808,34.97861,-89.78667,6,2015;2016;2017;2018;2019;2020
72216693845,30.7825,-83.27667,6,2015;2016;2017;2018;2019;2020
72216703718,38.24694,-78.04556,6,2015;2016;2017;2018;2019;2020
72216804960,44.77861,-95.03278,6,2015;2016;2017;2018;2019;2020
72216903058,31.3825,-103.51083,6,2015;2016;2017;2018;2019;2020
72217003813,32.6847,-83.6527,6,2015;2016;2017;2018;2019;2020
72217104889,40.9244,-88.6239,6,2015;2016;2017;2018;2019;2020
72217263810,39.7,-87.66944,6,2015;2016;2017;2018;2019;2020
72217353951,34.71083,-97.22306,6,2015;2016;2017;2018;2019;2020
72217423097,34.16667,-101.71667,6,2015;2016;2017;2018;2019;2020
72217513860,32.63333,-83.6,6,2015;2016;2017;2018;2019;2020
72217653884,33.31194,-84.77028,6,2015;2016;2017;2018;2019;2020
72217763811,35.195,-83.86528,6,2015;2016;2017;2018;2019;2020
72217853953,35.02139,-94.62111,6,2015;2016;2017;2018;2019;2020
72217904968,45.15,-92.53333,6,2015;2016;2017;2018;2019;2020
72218003820,33.3644,-81.9633,6,2015;2016;2017;2018;2019;2020
72218113837,33.46694,-82.03861,6,2015;2016;2017;2018;2019;2020
72218204890,41.89278,-89.07806,6,2015;2016;2017;2018;2019;2020
72218304972,45.8225,-92.3725,6,2015;2016;2017;2018;2019;2020
72218553838,34.27194,-83.83028,6,2015;2016;2017;2018;2019;2020
72218604892,45.68889,-85.56611,6,2015;2016;2017;2018;2019;2020
72218793911,35.35667,-96.94333,6,2015;2016;2017;2018;2019;2020
72218853985,35.21194,-91.73694,6,2015;2016;2017;2018;2019;2020
72218992815,27.18167,-80.22083,6,2015;2016;2017;2018;2019;2020
72219013874,33.6301,-84.4418,6,2015;2016;2017;2018;2019;2020
72219103721,33.92917,-78.07472,6,2015;2016;2017;2018;2019;2020
72219223033,32.47333,-100.46639,6,2015;2016;2017;2018;2019;2020
72219303722,36.28472,-78.98417,6,2015;2016;2017;2018;2019;2020
72219404896,40.29333,-88.14222,6,2015;2016;2017;2018;2019;2020
72219503888,33.77917,-84.52139,6,2015;2016;2017;2018;2019;2020
72219653863,33.875,-84.30222,6,2015;2016;2017;2018;2019;2020
72219753819,33.35528,-84.56694,6,2015;2016;2017;2018;2019;2020
72219863819,36.2,-81.65,6,2015;2016;2017;2018;2019;2020
72219953956,35.92889,-95.00444,6,2015;2016;2017;2018;2019;2020
72220012832,29.73333,-85.03333,6,2015;2016;2017;2018;2019;2020
72220103723,35.58222,-79.10111,6,2015;2016;2017;2018;2019;2020
72220212985,29.21139,-99.74361,6,2015;2016;2017;2018;2019;2020
72220303041,38.48333,-106.31667,6,2015;2016;2017;2018;2019;2020
72220404996,42.04583,-90.10806,6,2015;2016;2017;2018;2019;2020
72220804224,48.70833,-122.91056,6,2015;2016;2017;2018;2019;2020
72220912986,28.65417,-96.68139,6,2015;2016;2017;2018;2019;2020
72221013858,30.48333,-86.51667,6,2015;2016;2017;2018;2019;2020
72221194087,41.96444,-100.56861,6,2015;2016;2017;2018;2019;2020
72221292814,29.95917,-81.33972,6,2015;2016;2017;2018;2019;2020
72221312819,28.82083,-81.80972,6,2015;2016;2017;2018;2019;2020
72221403070,35.85806,-102.01306,6,2015;2016;2017;2018;2019;2020
72221513884,30.77972,-86.5225,6,2015;2016;2017;2018;2019;2020
72221699999,33.615,-81.084444,6,2015;2016;2017;2018;2019;2020
72221763881,32.56444,-82.98528,6,2015;2016;2017;2018;2019;2020
72221800356,38.533,-76.033,6,2015;2016;2017;2018;2019;2020
72221999999,31.362669,-85.849383,6,2015;2016;2017;2018;2019;2020
72222099999,30.4833333,-87.1833333,6,2015;2016;2017;2018;2019;2020
72222100444,41.03744,-107.49252,6,2015;2016;2017;2018;2019;2020
72222313899,30.47806,-87.18694,6,2015;2016;2017;2018;2019;2020
72222503855,30.35,-87.31667,6,2015;2016;2017;2018;2019;2020
72222693841,30.71667,-87.01667,6,2015;2016;2017;2018;2019;2020
72223013894,30.68833,-88.24556,6,2015;2016;2017;2018;2019;2020
72223100357,31.666,-98.149,6,2015;2016;2017;2018;2019;2020
72223513838,30.62639,-88.06806,6,2015;2016;2017;2018;2019;2020
72223863873,31.35,-85.66667,6,2015;2016;2017;2018;2019;2020
72223953861,31.35583,-85.75111,6,2015;2016;2017;2018;2019;2020
72224154925,42.24222,-96.98306,6,2015;2016;2017;2018;2019;2020
72224303738,34.89111,-79.75917,6,2015;2016;2017;2018;2019;2020
72224400358,38.981,-76.922,6,2015;2016;2017;2018;2019;2020
72224603844,30.65,-86.517,6,2015;2016;2017;2018;2019;2020
72224754785,40.62405,-74.66905,6,2015;2016;2017;2018;2019;2020
72224800359,30.131,-93.376,6,2015;2016;2017;2018;2019;2020
72224963887,39.53111,-84.39528,6,2015;2016;2017;2018;2019;2020
72225013829,32.35,-85.0,6,2015;2016;2017;2018;2019;2020
72225153958,32.51444,-92.58833,6,2015;2016;2017;2018;2019;2020
72225254923,44.72944,-96.26611,6,2015;2016;2017;2018;2019;2020
72225353992,32.75611,-91.88056,6,2015;2016;2017;2018;2019;2020
72225593842,32.5161,-84.9422,6,2015;2016;2017;2018;2019;2020
72225664774,42.09833,-70.67222,6,2015;2016;2017;2018;2019;2020
72226013895,32.2997,-86.4075,6,2015;2016;2017;2018;2019;2020
72226100360,27.267,-80.85,6,2015;2016;2017;2018;2019;2020
72226513821,32.38333,-86.35,6,2015;2016;2017;2018;2019;2020
72226699999,32.343947,-86.987803,6,2015;2016;2017;2018;2019;2020
72226703878,31.86056,-86.01222,6,2015;2016;2017;2018;2019;2020
72226813839,31.3167,-85.45,6,2015;2016;2017;2018;2019;2020
72226903850,31.26667,-85.71667,6,2015;2016;2017;2018;2019;2020
72227013864,33.91667,-84.51667,6,2015;2016;2017;2018;2019;2020
72227454939,40.684,-92.901,6,2015;2016;2017;2018;2019;2020
72227553843,31.30889,-86.39389,6,2015;2016;2017;2018;2019;2020
72227653820,31.41556,-87.04417,6,2015;2016;2017;2018;2019;2020
72227953852,34.6525,-86.94528,6,2015;2016;2017;2018;2019;2020
72228013876,33.56556,-86.745,6,2015;2016;2017;2018;2019;2020
72228403892,32.61611,-85.43333,6,2015;2016;2017;2018;2019;2020
72228503896,33.96667,-86.08333,6,2015;2016;2017;2018;2019;2020
72228693806,33.2119,-87.6161,6,2015;2016;2017;2018;2019;2020
72228713871,33.5872,-85.8556,6,2015;2016;2017;2018;2019;2020
72229100470,40.94836,-95.91735,6,2015;2016;2017;2018;2019;2020
72229399999,29.784,-93.3,5,2015;2016;2017;2018;2019
72229499999,29.7996806,-92.803536,3,2017;2018;2019
72230053864,33.17833,-86.78167,6,2015;2016;2017;2018;2019;2020
72230799999,29.286071,-89.363949,1,2016
72230899999,29.1,-90.2,2,2015;2016
72230900432,29.25,-89.966,2,2015;2016
72231012916,29.99691,-90.27751,6,2015;2016;2017;2018;2019;2020
72231203908,30.52083,-90.4175,6,2015;2016;2017;2018;2019;2020
72231453915,30.0375,-91.8839,6,2015;2016;2017;2018;2019;2020
72231553917,30.0494,-90.0288,6,2015;2016;2017;2018;2019;2020
72231612958,29.81667,-90.01667,6,2015;2016;2017;2018;2019;2020
72231953943,31.73583,-93.09917,6,2015;2016;2017;2018;2019;2020
72232013970,30.5372,-91.1469,6,2015;2016;2017;2018;2019;2020
72232200361,37.033,-85.95,6,2015;2016;2017;2018;2019;2020
72232300362,31.417,-97.8,6,2015;2016;2017;2018;2019;2020
72232403071,32.03639,-102.10111,6,2015;2016;2017;2018;2019;2020
72232899999,29.7,-91.1,2,2015;2016
72232912936,29.71667,-91.33333,6,2015;2016;2017;2018;2019;2020
72233053865,30.34333,-89.82222,6,2015;2016;2017;2018;2019;2020
72233154941,42.47138,-93.20707,6,2015;2016;2017;2018;2019;2020
72233254953,45.46917,-89.80556,6,2015;2016;2017;2018;2019;2020
72233303069,38.09722,-106.16889,6,2015;2016;2017;2018;2019;2020
72233403976,30.83333,-93.33333,6,2015;2016;2017;2018;2019;2020
72233699999,29.33,-89.4,5,2015;2016;2017;2018;2019
72233812994,27.34944,-98.73694,6,2015;2016;2017;2018;2019;2020
72234013865,32.3347,-88.7442,6,2015;2016;2017;2018;2019;2020
72234192822,29.29583,-81.1125,6,2015;2016;2017;2018;2019;2020
72234254931,44.24917,-95.60722,6,2015;2016;2017;2018;2019;2020
72234354826,42.35083,-86.25611,6,2015;2016;2017;2018;2019;2020
72234503866,32.55,-88.56667,6,2015;2016;2017;2018;2019;2020
72234654824,42.99306,-84.13889,6,2015;2016;2017;2018;2019;2020
72234853808,31.46667,-89.33333,6,2015;2016;2017;2018;2019;2020
72234999999,30.487483,-89.651194,1,2020
72235003940,32.3205,-90.0777,6,2015;2016;2017;2018;2019;2020
72235112953,29.26611,-96.0075,6,2015;2016;2017;2018;2019;2020
72235413927,32.33667,-90.22139,6,2015;2016;2017;2018;2019;2020
72235593999,32.23333,-90.93333,6,2015;2016;2017;2018;2019;2020
72235703961,31.61667,-91.28333,6,2015;2016;2017;2018;2019;2020
72235893919,31.1827,-90.4708,6,2015;2016;2017;2018;2019;2020
72236192808,29.05417,-80.94833,6,2015;2016;2017;2018;2019;2020
72236293937,33.16667,-95.61667,6,2015;2016;2017;2018;2019;2020
72236323098,29.94667,-100.17333,6,2015;2016;2017;2018;2019;2020
72236423903,34.68111,-90.34667,6,2015;2016;2017;2018;2019;2020
72236700363,38.783,-93.8,6,2015;2016;2017;2018;2019;2020
72236800364,35.55,-98.667,6,2015;2016;2017;2018;2019;2020
72236900365,27.917,-97.2,6,2015;2016;2017;2018;2019;2020
72239003931,31.05,-93.18333,6,2015;2016;2017;2018;2019;2020
72240003937,30.12472,-93.22833,6,2015;2016;2017;2018;2019;2020
72240312968,29.56222,-91.52556,6,2015;2016;2017;2018;2019;2020
72240413941,30.21028,-93.14333,6,2015;2016;2017;2018;2019;2020
72240513976,30.205,-91.9875,6,2015;2016;2017;2018;2019;2020
72240612927,29.56639,-90.66028,6,2015;2016;2017;2018;2019;2020
72240899999,29.7666666,-92.1166666,1,2015
72241012917,29.95056,-94.02056,6,2015;2016;2017;2018;2019;2020
72241612971,29.7089,-98.0458,6,2015;2016;2017;2018;2019;2020
72242012923,29.2733,-94.8592,6,2015;2016;2017;2018;2019;2020
72242712975,29.51889,-95.24167,6,2015;2016;2017;2018;2019;2020
72242953910,30.0675,-95.55611,6,2015;2016;2017;2018;2019;2020
72243012960,29.98,-95.36,6,2015;2016;2017;2018;2019;2020
72243612906,29.61667,-95.16667,6,2015;2016;2017;2018;2019;2020
72244012918,29.63806,-95.28194,6,2015;2016;2017;2018;2019;2020
72244453902,30.35667,-95.41389,6,2015;2016;2017;2018;2019;2020
72244693987,31.23611,-94.75444,6,2015;2016;2017;2018;2019;2020
72244753903,30.74389,-95.58611,6,2015;2016;2017;2018;2019;2020
72244813972,32.35417,-95.4025,6,2015;2016;2017;2018;2019;2020
72246953912,32.03111,-96.39889,6,2015;2016;2017;2018;2019;2020
72247003901,32.38472,-94.71167,6,2015;2016;2017;2018;2019;2020
72247953907,32.66361,-97.09389,6,2015;2016;2017;2018;2019;2020
72248013957,32.4472,-93.8244,6,2015;2016;2017;2018;2019;2020
72248453905,32.54278,-93.745,6,2015;2016;2017;2018;2019;2020
72248513944,32.5,-93.66667,6,2015;2016;2017;2018;2019;2020
72248613942,32.5155,-92.0405,6,2015;2016;2017;2018;2019;2020
72248713935,31.3953,-92.2907,6,2015;2016;2017;2018;2019;2020
72248803996,32.35,-91.02778,6,2015;2016;2017;2018;2019;2020
72248953911,32.71,-96.26722,6,2015;2016;2017;2018;2019;2020
72249953948,31.57778,-94.70944,6,2015;2016;2017;2018;2019;2020
72250012919,25.9141,-97.423,6,2015;2016;2017;2018;2019;2020
72250512904,26.22806,-97.65417,6,2015;2016;2017;2018;2019;2020
72250612959,26.18389,-98.25389,6,2015;2016;2017;2018;2019;2020
72250812957,26.16583,-97.34583,6,2015;2016;2017;2018;2019;2020
72251012924,27.7742,-97.5122,6,2015;2016;2017;2018;2019;2020
72251512926,27.68333,-97.28333,6,2015;2016;2017;2018;2019;2020
72251612928,27.5,-97.81667,6,2015;2016;2017;2018;2019;2020
72251712932,27.74111,-98.02472,6,2015;2016;2017;2018;2019;2020
72251812974,27.9,-98.05,6,2015;2016;2017;2018;2019;2020
72252012907,27.53333,-99.46667,6,2015;2016;2017;2018;2019;2020
72252312970,29.3389,-98.472,6,2015;2016;2017;2018;2019;2020
72252412972,28.08361,-97.04639,6,2015;2016;2017;2018;2019;2020
72252612947,28.45667,-99.21833,6,2015;2016;2017;2018;2019;2020
72252712976,29.10972,-95.46194,6,2015;2016;2017;2018;2019;2020
72253012921,29.5443,-98.4839,6,2015;2016;2017;2018;2019;2020
72253312962,29.3601,-99.1742,6,2015;2016;2017;2018;2019;2020
72253512909,29.38333,-98.58333,6,2015;2016;2017;2018;2019;2020
72253612911,29.5325,-98.2623,6,2015;2016;2017;2018;2019;2020
72253712961,29.98333,-99.08333,6,2015;2016;2017;2018;2019;2020
72253912979,29.89083,-97.86444,6,2015;2016;2017;2018;2019;2020
72254013904,30.1831,-97.6799,6,2015;2016;2017;2018;2019;2020
72254153914,33.19028,-96.59139,6,2015;2016;2017;2018;2019;2020
72254203999,30.7406,-98.2354,6,2015;2016;2017;2018;2019;2020
72254312977,29.62194,-95.65667,6,2015;2016;2017;2018;2019;2020
72254413958,30.3208,-97.7604,6,2015;2016;2017;2018;2019;2020
72254753942,30.67917,-97.67944,6,2015;2016;2017;2018;2019;2020
72255012912,28.8614,-96.9303,6,2015;2016;2017;2018;2019;2020
72255293929,33.65139,-97.19694,6,2015;2016;2017;2018;2019;2020
72255512935,28.72472,-96.25361,6,2015;2016;2017;2018;2019;2020
72256013959,31.61889,-97.22833,6,2015;2016;2017;2018;2019;2020
72256199999,31.637831,-97.074139,6,2015;2016;2017;2018;2019;2020
72256353952,31.48472,-97.31639,6,2015;2016;2017;2018;2019;2020
72257003933,31.13333,-97.71667,6,2015;2016;2017;2018;2019;2020
72257503972,31.08333,-97.68333,6,2015;2016;2017;2018;2019;2020
72257603902,31.06667,-97.83333,6,2015;2016;2017;2018;2019;2020
72257793984,31.15,-97.41667,6,2015;2016;2017;2018;2019;2020
72258013960,32.8519,-96.8555,6,2015;2016;2017;2018;2019;2020
72258793955,33.63333,-95.45,6,2015;2016;2017;2018;2019;2020
72258813926,33.06778,-96.06528,6,2015;2016;2017;2018;2019;2020
72258903991,33.20611,-97.19889,6,2015;2016;2017;2018;2019;2020
72259003927,32.8978,-97.0189,6,2015;2016;2017;2018;2019;2020
72259299999,61.15,-149.9833333,6,2015;2016;2017;2018;2019;2020
72259303985,32.565,-97.30806,6,2015;2016;2017;2018;2019;2020
72259453909,32.97333,-97.31806,6,2015;2016;2017;2018;2019;2020
72259513911,32.76667,-97.45,6,2015;2016;2017;2018;2019;2020
72259793985,32.7816,-98.0602,6,2015;2016;2017;2018;2019;2020
72259803970,32.96861,-96.83639,6,2015;2016;2017;2018;2019;2020
72259903971,32.68083,-96.86806,6,2015;2016;2017;2018;2019;2020
72260003969,32.21528,-98.1775,6,2015;2016;2017;2018;2019;2020
72261022010,29.3784,-100.927,6,2015;2016;2017;2018;2019;2020
72261522001,29.36667,-100.78333,6,2015;2016;2017;2018;2019;2020
72261603032,30.04806,-102.21306,6,2015;2016;2017;2018;2019;2020
72261823091,30.91194,-102.91667,6,2015;2016;2017;2018;2019;2020
72262023055,31.83111,-104.80889,6,2015;2016;2017;2018;2019;2020
72263023034,31.3516,-100.495,6,2015;2016;2017;2018;2019;2020
72263793046,35.9,-100.4,6,2015;2016;2017;2018;2019;2020
72264093035,30.37139,-104.01667,6,2015;2016;2017;2018;2019;2020
72264803031,31.92056,-102.38667,6,2015;2016;2017;2018;2019;2020
72265023023,31.9475,-102.2086,6,2015;2016;2017;2018;2019;2020
72265623040,31.7801,-103.2018,6,2015;2016;2017;2018;2019;2020
72266013962,32.4105,-99.6822,6,2015;2016;2017;2018;2019;2020
72266693943,31.8,-98.95,6,2015;2016;2017;2018;2019;2020
72267023042,33.6656,-101.8231,6,2015;2016;2017;2018;2019;2020
72267603035,32.8525,-104.4675,6,2015;2016;2017;2018;2019;2020
72267703027,35.00278,-105.66278,6,2015;2016;2017;2018;2019;2020
72267823052,36.74139,-104.50222,6,2015;2016;2017;2018;2019;2020
72268023009,33.3075,-104.5083,6,2015;2016;2017;2018;2019;2020
72268393083,33.45,-105.51667,6,2015;2016;2017;2018;2019;2020
72268623008,34.38333,-103.31667,6,2015;2016;2017;2018;2019;2020
72268793033,32.3335,-104.258,6,2015;2016;2017;2018;2019;2020
72268893034,32.6933,-103.2125,6,2015;2016;2017;2018;2019;2020
72268923077,34.43333,-103.08333,6,2015;2016;2017;2018;2019;2020
72269100366,32.2,-81.87,6,2015;2016;2017;2018;2019;2020
72269200367,38.586,-77.711,6,2015;2016;2017;2018;2019;2020
72269393097,32.83972,-105.99056,6,2015;2016;2017;2018;2019;2020
72269593041,32.28333,-106.91667,6,2015;2016;2017;2018;2019;2020
72270023044,31.81111,-106.37583,6,2015;2016;2017;2018;2019;2020
72270499999,31.849528,-106.380039,6,2015;2016;2017;2018;2019;2020
72271093045,33.23667,-107.26806,6,2015;2016;2017;2018;2019;2020
72272093026,31.4583,-109.6061,6,2015;2016;2017;2018;2019;2020
72272193063,32.63333,-108.16667,6,2015;2016;2017;2018;2019;2020
72272523078,32.26222,-107.72056,6,2015;2016;2017;2018;2019;2020
72272803196,31.42083,-110.84583,6,2015;2016;2017;2018;2019;2020
72273003124,31.58833,-110.34417,6,2015;2016;2017;2018;2019;2020
72274023160,32.1313,-110.9552,6,2015;2016;2017;2018;2019;2020
72274523109,32.16667,-110.88333,6,2015;2016;2017;2018;2019;2020
72274793084,32.85472,-109.63528,6,2015;2016;2017;2018;2019;2020
72274803914,32.95,-111.76667,6,2015;2016;2017;2018;2019;2020
72274953128,33.26889,-111.81278,6,2015;2016;2017;2018;2019;2020
72276403029,35.6575,-109.06139,6,2015;2016;2017;2018;2019;2020
72278023183,33.4277,-112.0038,6,2015;2016;2017;2018;2019;2020
72278199999,36.338226,-88.382878,6,2015;2016;2017;2018;2019;2020
72278303185,33.46667,-111.73333,6,2015;2016;2017;2018;2019;2020
72278403184,33.68833,-112.08167,6,2015;2016;2017;2018;2019;2020
72278523111,33.55,-112.36667,6,2015;2016;2017;2018;2019;2020
72278623104,33.3,-111.66667,6,2015;2016;2017;2018;2019;2020
72278753126,33.52722,-112.295,6,2015;2016;2017;2018;2019;2020
72278803186,33.41667,-112.38333,6,2015;2016;2017;2018;2019;2020
72278903192,33.62278,-111.91056,6,2015;2016;2017;2018;2019;2020
72281023199,32.81667,-115.68333,6,2015;2016;2017;2018;2019;2020
72281353146,31.60722,-110.42806,6,2015;2016;2017;2018;2019;2020
72281703068,38.76667,-104.3,6,2015;2016;2017;2018;2019;2020
72281953989,39.29417,-96.92639,3,2015;2016;2017
72282003949,31.4,-93.28333,6,2015;2016;2017;2018;2019;2020
72282153988,31.0217,-92.9107,6,2015;2016;2017;2018;2019;2020
72282303749,39.645,-77.468,6,2015;2016;2017;2018;2019;2020
72282553145,37.61722,-116.26417,1,2015
72282693762,39.73333,-77.43333,3,2015;2016;2017
72285700368,48.941,-97.903,6,2015;2016;2017;2018;2019;2020
72286023119,33.9,-117.25,6,2015;2016;2017;2018;2019;2020
72286699999,34.095353,-117.234875,6,2015;2016;2017;2018;2019;2020
72286893138,33.8222,-116.5043,6,2015;2016;2017;2018;2019;2020
72286903171,33.95194,-117.43861,6,2015;2016;2017;2018;2019;2020
72287493134,34.0236,-118.2911,6,2015;2016;2017;2018;2019;2020
72288023152,34.20056,-118.3575,6,2015;2016;2017;2018;2019;2020
72288593197,34.01583,-118.45139,6,2015;2016;2017;2018;2019;2020
72288623130,34.20972,-118.48917,6,2015;2016;2017;2018;2019;2020
72288703180,34.1,-117.78333,6,2015;2016;2017;2018;2019;2020
72289093136,34.23333,-118.06667,1,2015
72289523243,34.66667,-120.46667,6,2015;2016;2017;2018;2019;2020
72289793206,35.23722,-120.64139,6,2015;2016;2017;2018;2019;2020
72289903179,33.97528,-117.63611,6,2015;2016;2017;2018;2019;2020
72290023188,32.7336,-117.1831,6,2015;2016;2017;2018;2019;2020
72290303131,32.81583,-117.13944,6,2015;2016;2017;2018;2019;2020
72290403178,32.57222,-116.97944,6,2015;2016;2017;2018;2019;2020
72290693112,32.7,-117.2,6,2015;2016;2017;2018;2019;2020
72290753143,32.82611,-116.9725,6,2015;2016;2017;2018;2019;2020
72290993115,32.56667,-117.11667,6,2015;2016;2017;2018;2019;2020
72291093116,33.23983,-119.45816,6,2015;2016;2017;2018;2019;2020
72292023191,33.405,-118.41583,6,2015;2016;2017;2018;2019;2020
72292593117,33.02333,-118.58806,6,2015;2016;2017;2018;2019;2020
72292603154,33.3,-117.35,6,2015;2016;2017;2018;2019;2020
72292703177,33.12806,-117.27944,6,2015;2016;2017;2018;2019;2020
72292800369,33.286,-117.456,6,2015;2016;2017;2018;2019;2020
72293193107,32.86667,-117.13333,6,2015;2016;2017;2018;2019;2020
72293453121,33.21944,-117.34944,6,2015;2016;2017;2018;2019;2020
72295023174,33.938,-118.3888,6,2015;2016;2017;2018;2019;2020
72295303183,35.06667,-118.15,6,2015;2016;2017;2018;2019;2020
72295503174,33.80338,-118.33961,6,2015;2016;2017;2018;2019;2020
72295603167,33.92278,-118.33417,6,2015;2016;2017;2018;2019;2020
72297023129,33.8116,-118.1463,6,2015;2016;2017;2018;2019;2020
72297263878,39.1625,-89.67472,6,2015;2016;2017;2018;2019;2020
72297553141,33.79,-118.05194,6,2015;2016;2017;2018;2019;2020
72297603166,33.87194,-117.97889,6,2015;2016;2017;2018;2019;2020
72297793184,33.68,-117.86639,6,2015;2016;2017;2018;2019;2020
72301003810,35.74207,-81.38229,6,2015;2016;2017;2018;2019;2020
72302013748,34.2675,-77.8997,6,2015;2016;2017;2018;2019;2020
72303013714,35.17389,-79.00889,6,2015;2016;2017;2018;2019;2020
72303493747,35.03333,-79.5,6,2015;2016;2017;2018;2019;2020
72303593740,34.99139,-78.88028,6,2015;2016;2017;2018;2019;2020
72303793765,34.73258,-76.65659,6,2015;2016;2017;2018;2019;2020
72304613766,35.9173,-75.7,6,2015;2016;2017;2018;2019;2020
72305563816,35.765,-80.95667,6,2015;2016;2017;2018;2019;2020
72306013722,35.8923,-78.7819,6,2015;2016;2017;2018;2019;2020
72306299999,35.0166666,-76.4666666,6,2015;2016;2017;2018;2019;2020
72306513783,35.63333,-77.38333,6,2015;2016;2017;2018;2019;2020
72306613713,35.3444,-77.9647,6,2015;2016;2017;2018;2019;2020
72306793726,35.31667,-77.63333,6,2015;2016;2017;2018;2019;2020
72306893759,35.855,-77.89306,6,2015;2016;2017;2018;2019;2020
72306993753,34.83333,-77.61667,6,2015;2016;2017;2018;2019;2020
72307013786,36.26056,-76.175,6,2015;2016;2017;2018;2019;2020
72307403703,36.0275,-76.56694,6,2015;2016;2017;2018;2019;2020
72307513769,36.81667,-76.03333,6,2015;2016;2017;2018;2019;2020
72307993796,36.2975,-77.17083,6,2015;2016;2017;2018;2019;2020
72308013737,36.9033,-76.1922,6,2015;2016;2017;2018;2019;2020
72308313763,36.69806,-76.90306,6,2015;2016;2017;2018;2019;2020
72308493775,37.70806,-77.43444,6,2015;2016;2017;2018;2019;2020
72308513750,36.93746,-76.28926,6,2015;2016;2017;2018;2019;2020
72308693741,37.13194,-76.49306,6,2015;2016;2017;2018;2019;2020
72308793735,37.13333,-76.6,6,2015;2016;2017;2018;2019;2020
72309013754,34.9,-76.88333,6,2015;2016;2017;2018;2019;2020
72309593719,35.0677,-77.048,6,2015;2016;2017;2018;2019;2020
72309693727,34.70842,-77.43966,6,2015;2016;2017;2018;2019;2020
72309793743,34.68333,-77.03333,6,2015;2016;2017;2018;2019;2020
72309893798,38.52667,-77.85861,6,2015;2016;2017;2018;2019;2020
72310013883,33.94228,-81.11803,6,2015;2016;2017;2018;2019;2020
72310453867,33.97056,-80.99583,6,2015;2016;2017;2018;2019;2020
72310503858,33.96667,-80.8,6,2015;2016;2017;2018;2019;2020
72310613744,34.18772,-79.73085,6,2015;2016;2017;2018;2019;2020
72310700371,33.587,-80.209,6,2015;2016;2017;2018;2019;2020
72310813776,34.608,-79.0591,6,2015;2016;2017;2018;2019;2020
72310993782,34.79167,-79.36611,6,2015;2016;2017;2018;2019;2020
72311013873,33.948,-83.3275,6,2015;2016;2017;2018;2019;2020
72311403715,38.00972,-77.97,6,2015;2016;2017;2018;2019;2020
72311553854,33.46167,-80.85806,6,2015;2016;2017;2018;2019;2020
72311603742,34.46583,-79.89028,6,2015;2016;2017;2018;2019;2020
72311753871,34.98694,-81.0575,6,2015;2016;2017;2018;2019;2020
72311853850,34.67194,-82.88639,6,2015;2016;2017;2018;2019;2020
72311913886,34.84611,-82.34611,6,2015;2016;2017;2018;2019;2020
72312003870,34.90611,-82.21255,6,2015;2016;2017;2018;2019;2020
72312263889,34.75833,-82.37639,6,2015;2016;2017;2018;2019;2020
72312314886,46.15,-89.21667,6,2015;2016;2017;2018;2019;2020
72312453874,34.24861,-82.15917,6,2015;2016;2017;2018;2019;2020
72312699999,34.915722,-81.9565,6,2015;2016;2017;2018;2019;2020
72313993729,35.2326,-75.6219,6,2015;2016;2017;2018;2019;2020
72314013881,35.2236,-80.9552,6,2015;2016;2017;2018;2019;2020
72314303720,35.23722,-79.39111,6,2015;2016;2017;2018;2019;2020
72314453890,35.42806,-81.935,6,2015;2016;2017;2018;2019;2020
72314653892,36.43222,-81.41944,6,2015;2016;2017;2018;2019;2020
72314753870,35.19667,-81.15583,6,2015;2016;2017;2018;2019;2020
72314863859,35.82139,-81.61056,6,2015;2016;2017;2018;2019;2020
72315003812,35.4319,-82.5375,6,2015;2016;2017;2018;2019;2020
72315663812,35.64583,-80.52028,6,2015;2016;2017;2018;2019;2020
72316013870,31.5358,-82.5067,6,2015;2016;2017;2018;2019;2020
72316563821,36.22278,-81.09833,6,2015;2016;2017;2018;2019;2020
72317013723,36.0969,-79.9432,6,2015;2016;2017;2018;2019;2020
72317153144,34.98833,-117.86472,6,2015;2016;2017;2018;2019;2020
72317493783,36.04667,-79.47694,6,2015;2016;2017;2018;2019;2020
72317763807,36.45972,-80.55278,6,2015;2016;2017;2018;2019;2020
72319093846,34.4977,-82.7097,6,2015;2016;2017;2018;2019;2020
72319393807,36.13361,-80.22222,6,2015;2016;2017;2018;2019;2020
72319453872,35.01694,-80.62056,6,2015;2016;2017;2018;2019;2020
72320093801,34.34778,-85.16111,6,2015;2016;2017;2018;2019;2020
72323003856,34.6441,-86.7869,6,2015;2016;2017;2018;2019;2020
72323163883,34.67861,-86.68472,6,2015;2016;2017;2018;2019;2020
72323513896,34.7441,-87.5997,6,2015;2016;2017;2018;2019;2020
72324013882,35.03362,-85.20044,6,2015;2016;2017;2018;2019;2020
72324900463,35.55438,-87.17913,6,2015;2016;2017;2018;2019;2020
72325003847,35.9509,-85.0813,6,2015;2016;2017;2018;2019;2020
72326013891,35.8181,-83.9858,6,2015;2016;2017;2018;2019;2020
72326499999,35.96389,-83.873886,5,2016;2017;2018;2019;2020
72327013897,36.11889,-86.68917,6,2015;2016;2017;2018;2019;2020
72327199999,36.182362,-86.886722,6,2015;2016;2017;2018;2019;2020
72327313827,36.00889,-86.52,6,2015;2016;2017;2018;2019;2020
72327400372,36.056,-85.531,6,2015;2016;2017;2018;2019;2020
72328003894,36.62389,-87.41944,6,2015;2016;2017;2018;2019;2020
72328493839,35.35,-89.86667,6,2015;2016;2017;2018;2019;2020
72329003935,37.2252,-89.5705,6,2015;2016;2017;2018;2019;2020
72330003975,36.7725,-90.32472,6,2015;2016;2017;2018;2019;2020
72330613825,33.65,-88.45,6,2015;2016;2017;2018;2019;2020
72330753893,33.45,-88.58333,6,2015;2016;2017;2018;2019;2020
72332093862,34.2622,-88.7713,6,2015;2016;2017;2018;2019;2020
72334013893,35.0564,-89.9865,6,2015;2016;2017;2018;2019;2020
72334603811,35.593,-88.9167,6,2015;2016;2017;2018;2019;2020
72334703809,36.0002,-89.4094,6,2015;2016;2017;2018;2019;2020
72335013877,36.47967,-82.39898,6,2015;2016;2017;2018;2019;2020
72340003952,34.8353,-92.2596,6,2015;2016;2017;2018;2019;2020
72340313963,34.7273,-92.2389,6,2015;2016;2017;2018;2019;2020
72340503930,34.91667,-92.15,6,2015;2016;2017;2018;2019;2020
72340693991,36.12528,-90.92444,6,2015;2016;2017;2018;2019;2020
72340703953,35.83111,-90.64639,6,2015;2016;2017;2018;2019;2020
72340813814,35.96667,-89.95,6,2015;2016;2017;2018;2019;2020
72340953869,35.94028,-89.83083,6,2015;2016;2017;2018;2019;2020
72341503962,34.29,-93.06,6,2015;2016;2017;2018;2019;2020
72341613925,34.60028,-91.57444,6,2015;2016;2017;2018;2019;2020
72341793988,34.17981,-91.93442,6,2015;2016;2017;2018;2019;2020
72341813977,33.456,-93.98776,6,2015;2016;2017;2018;2019;2020
72341993992,33.2208,-92.8141,6,2015;2016;2017;2018;2019;2020
72342500373,33.617,-92.767,6,2015;2016;2017;2018;2019;2020
72342953920,35.25778,-93.09472,6,2015;2016;2017;2018;2019;2020
72343403973,36.1764,-94.1193,6,2015;2016;2017;2018;2019;2020
72343553921,34.5467,-93.578,6,2015;2016;2017;2018;2019;2020
72343653922,36.28333,-94.3,6,2015;2016;2017;2018;2019;2020
72343953918,36.36889,-92.47028,6,2015;2016;2017;2018;2019;2020
72344013964,35.333,-94.3625,6,2015;2016;2017;2018;2019;2020
72344154921,41.73,-98.05444,6,2015;2016;2017;2018;2019;2020
72344353955,36.19056,-94.49083,6,2015;2016;2017;2018;2019;2020
72344403978,36.35,-94.21667,6,2015;2016;2017;2018;2019;2020
72344593993,36.0097,-94.1694,6,2015;2016;2017;2018;2019;2020
72344703918,36.29083,-92.59,6,2015;2016;2017;2018;2019;2020
72344853934,35.72611,-91.64722,6,2015;2016;2017;2018;2019;2020
72344953954,36.37222,-94.10667,6,2015;2016;2017;2018;2019;2020
72345013971,36.2668,-93.1566,6,2015;2016;2017;2018;2019;2020
72348453901,36.87806,-91.9025,6,2015;2016;2017;2018;2019;2020
72349513987,37.15221,-94.49527,6,2015;2016;2017;2018;2019;2020
72351013966,33.9786,-98.4928,6,2015;2016;2017;2018;2019;2020
72351399999,33.967,-98.483,1,2020
72352013902,34.65,-99.26667,6,2015;2016;2017;2018;2019;2020
72352593986,34.9894,-99.0525,6,2015;2016;2017;2018;2019;2020
72352603932,35.3568,-99.2042,6,2015;2016;2017;2018;2019;2020
72352803981,34.34444,-98.98306,6,2015;2016;2017;2018;2019;2020
72353013967,35.3889,-97.6006,6,2015;2016;2017;2018;2019;2020
72353513909,36.33333,-97.91667,6,2015;2016;2017;2018;2019;2020
72353653986,36.38333,-97.8,6,2015;2016;2017;2018;2019;2020
72353753913,35.8517,-97.4142,6,2015;2016;2017;2018;2019;2020
72354013919,35.41667,-97.38333,6,2015;2016;2017;2018;2019;2020
72354403954,35.53417,-97.64694,6,2015;2016;2017;2018;2019;2020
72354503965,36.1624,-97.0894,6,2015;2016;2017;2018;2019;2020
72355013945,34.65,-98.4,6,2015;2016;2017;2018;2019;2020
72355593940,34.3,-97.01667,6,2015;2016;2017;2018;2019;2020
72355693953,35.65667,-95.36139,6,2015;2016;2017;2018;2019;2020
72356013968,36.1994,-95.8872,6,2015;2016;2017;2018;2019;2020
72356453908,36.03944,-95.98444,6,2015;2016;2017;2018;2019;2020
72356503959,36.7683,-96.0261,6,2015;2016;2017;2018;2019;2020
72356693950,34.8822,-95.783,6,2015;2016;2017;2018;2019;2020
72357003948,35.25,-97.46667,6,2015;2016;2017;2018;2019;2020
72357503950,34.5584,-98.4172,6,2015;2016;2017;2018;2019;2020
72360023051,36.4486,-103.1539,6,2015;2016;2017;2018;2019;2020
72362093040,34.06667,-106.9,6,2015;2016;2017;2018;2019;2020
72362593057,35.16528,-107.90222,6,2015;2016;2017;2018;2019;2020
72362603737,36.39889,-76.01639,6,2015;2016;2017;2018;2019;2020
72362723081,35.5144,-108.794,6,2015;2016;2017;2018;2019;2020
72362893942,31.17833,-99.32444,5,2015;2016;2018;2019;2020
72362953998,30.06917,-93.80361,6,2015;2016;2017;2018;2019;2020
72363023047,35.2295,-101.7042,6,2015;2016;2017;2018;2019;2020
72363503024,35.695,-101.395,6,2015;2016;2017;2018;2019;2020
72364099999,31.8804444,-106.70325,4,2017;2018;2019;2020
72364703034,35.145,-106.795,6,2015;2016;2017;2018;2019;2020
72365023050,35.0419,-106.6155,6,2015;2016;2017;2018;2019;2020
72365493091,35.88333,-106.28333,6,2015;2016;2017;2018;2019;2020
72365623049,35.61694,-106.08889,6,2015;2016;2017;2018;2019;2020
72365823090,36.74361,-108.22917,6,2015;2016;2017;2018;2019;2020
72366023007,34.4272,-100.2831,6,2015;2016;2017;2018;2019;2020
72366303012,36.45,-105.66667,6,2015;2016;2017;2018;2019;2020
72367623048,35.18222,-103.60306,6,2015;2016;2017;2018;2019;2020
72367723054,35.65417,-105.14194,6,2015;2016;2017;2018;2019;2020
72370093167,35.2577,-113.933,6,2015;2016;2017;2018;2019;2020
72371003162,36.92611,-111.44778,6,2015;2016;2017;2018;2019;2020
72372323184,34.65167,-112.42083,6,2015;2016;2017;2018;2019;2020
72374023194,35.0281,-110.7208,6,2015;2016;2017;2018;2019;2020
72374500374,34.257,-111.339,6,2015;2016;2017;2018;2019;2020
72374703101,34.2639,-110.0075,6,2015;2016;2017;2018;2019;2020
72375003103,35.1441,-111.6663,6,2015;2016;2017;2018;2019;2020
72375493027,34.51833,-109.37917,6,2015;2016;2017;2018;2019;2020
72375600375,34.85,-111.783,6,2015;2016;2017;2018;2019;2020
72375854928,45.49694,-91.00056,6,2015;2016;2017;2018;2019;2020
72375953990,33.90944,-94.85944,6,2015;2016;2017;2018;2019;2020
72376099999,35.2166666,-111.8166666,6,2015;2016;2017;2018;2019;2020
72376123901,30.51556,-96.70417,6,2015;2016;2017;2018;2019;2020
72376293244,34.60694,-120.07556,6,2015;2016;2017;2018;2019;2020
72378303195,35.94611,-112.15472,6,2015;2016;2017;2018;2019;2020
72378853135,35.15722,-114.55944,6,2015;2016;2017;2018;2019;2020
72380523179,34.7675,-114.6188,6,2015;2016;2017;2018;2019;2020
72381023114,34.9,-117.86667,6,2015;2016;2017;2018;2019;2020
72381523161,34.8536,-116.7858,6,2015;2016;2017;2018;2019;2020
72381603159,34.7411,-118.2116,6,2015;2016;2017;2018;2019;2020
72382023182,34.62944,-118.08361,6,2015;2016;2017;2018;2019;2020
72382523131,34.58333,-117.38333,6,2015;2016;2017;2018;2019;2020
72383023187,34.7436,-118.7242,6,2015;2016;2017;2018;2019;2020
72384023155,35.4344,-119.0542,6,2015;2016;2017;2018;2019;2020
72386023169,36.0719,-115.1634,6,2015;2016;2017;2018;2019;2020
72387003160,36.6206,-116.0278,6,2015;2016;2017;2018;2019;2020
72389093193,36.78,-119.7194,6,2015;2016;2017;2018;2019;2020
72389403181,37.63333,-118.85,6,2015;2016;2017;2018;2019;2020
72389523149,36.02944,-119.0625,6,2015;2016;2017;2018;2019;2020
72389693144,36.31667,-119.4,6,2015;2016;2017;2018;2019;2020
72389799999,36.732364,-119.819897,6,2015;2016;2017;2018;2019;2020
72389853119,36.31889,-119.62889,6,2015;2016;2017;2018;2019;2020
72391093111,34.11667,-119.11667,6,2015;2016;2017;2018;2019;2020
72392523190,34.4258,-119.8425,6,2015;2016;2017;2018;2019;2020
72392623136,34.21667,-119.08333,6,2015;2016;2017;2018;2019;2020
72392793110,34.20083,-119.20694,6,2015;2016;2017;2018;2019;2020
72393093214,34.71667,-120.56667,6,2015;2016;2017;2018;2019;2020
72394023273,34.8994,-120.4486,6,2015;2016;2017;2018;2019;2020
72396593209,35.6697,-120.6283,6,2015;2016;2017;2018;2019;2020
72398093720,38.34083,-75.51325,6,2015;2016;2017;2018;2019;2020
72399014711,40.1962,-76.7724,6,2015;2016;2017;2018;2019;2020
72400603701,36.66556,-76.32056,6,2015;2016;2017;2018;2019;2020
72400703719,36.68222,-76.60167,6,2015;2016;2017;2018;2019;2020
72401013740,37.51151,-77.32344,6,2015;2016;2017;2018;2019;2020
72401493714,37.18333,-77.5,6,2015;2016;2017;2018;2019;2020
72401599999,37.074194,-77.957528,6,2015;2016;2017;2018;2019;2020
72401693736,38.1374,-78.4552,6,2015;2016;2017;2018;2019;2020
72401703707,37.3575,-78.43778,6,2015;2016;2017;2018;2019;2020
72401993773,36.9827,-77.0012,6,2015;2016;2017;2018;2019;2020
72402093739,37.93718,-75.46629,6,2015;2016;2017;2018;2019;2020
72402603716,37.64667,-75.76083,6,2015;2016;2017;2018;2019;2020
72403093738,38.93486,-77.44728,6,2015;2016;2017;2018;2019;2020
72403303706,38.26667,-77.44917,6,2015;2016;2017;2018;2019;2020
72403513773,38.50362,-77.30503,6,2015;2016;2017;2018;2019;2020
72403603710,38.72139,-77.51528,6,2015;2016;2017;2018;2019;2020
72403793728,38.71667,-77.18333,6,2015;2016;2017;2018;2019;2020
72404013721,38.3,-76.41667,6,2015;2016;2017;2018;2019;2020
72404303756,38.80417,-76.06889,6,2015;2016;2017;2018;2019;2020
72405013743,38.8472,-77.03454,6,2015;2016;2017;2018;2019;2020
72405303717,39.14333,-78.14444,6,2015;2016;2017;2018;2019;2020
72405503714,39.07778,-77.5575,6,2015;2016;2017;2018;2019;2020
72405663805,36.89472,-81.34972,6,2015;2016;2017;2018;2019;2020
72405713701,39.4716,-76.1697,6,2015;2016;2017;2018;2019;2020
72405853818,36.68333,-82.03333,6,2015;2016;2017;2018;2019;2020
72406093721,39.1733,-76.684,6,2015;2016;2017;2018;2019;2020
72406599999,39.085386,-76.759414,6,2015;2016;2017;2018;2019;2020
72406693706,39.7062,-77.7304,6,2015;2016;2017;2018;2019;2020
72406793744,39.33333,-76.41667,6,2015;2016;2017;2018;2019;2020
72407093730,39.45202,-74.56699,6,2015;2016;2017;2018;2019;2020
72407493780,39.94075,-74.84083,6,2015;2016;2017;2018;2019;2020
72407513735,39.36623,-75.0778,6,2015;2016;2017;2018;2019;2020
72407754779,41.00928,-74.73633,6,2015;2016;2017;2018;2019;2020
72408013739,39.87327,-75.22678,6,2015;2016;2017;2018;2019;2020
72408454760,40.18333,-74.13333,6,2015;2016;2017;2018;2019;2020
72408594732,40.07892,-75.01341,6,2015;2016;2017;2018;2019;2020
72408813707,39.13333,-75.46667,6,2015;2016;2017;2018;2019;2020
72409014780,40.03333,-74.35,6,2015;2016;2017;2018;2019;2020
72409313764,38.68974,-75.36253,6,2015;2016;2017;2018;2019;2020
72409454743,40.87639,-74.28306,6,2015;2016;2017;2018;2019;2020
72409514792,40.27679,-74.81594,6,2015;2016;2017;2018;2019;2020
72409614706,40.01667,-74.6,6,2015;2016;2017;2018;2019;2020
72409754738,40.8,-74.41667,6,2015;2016;2017;2018;2019;2020
72410013733,37.32126,-79.20656,6,2015;2016;2017;2018;2019;2020
72410593760,38.26361,-78.89639,6,2015;2016;2017;2018;2019;2020
72410613728,36.5729,-79.3351,6,2015;2016;2017;2018;2019;2020
72410753895,36.76611,-80.82333,6,2015;2016;2017;2018;2019;2020
72411013741,37.3169,-79.9741,6,2015;2016;2017;2018;2019;2020
72411353881,37.2075,-80.40778,6,2015;2016;2017;2018;2019;2020
72411593757,37.95,-79.81667,6,2015;2016;2017;2018;2019;2020
72411613868,37.13333,-80.68333,6,2015;2016;2017;2018;2019;2020
72411763802,36.9875,-82.53,6,2015;2016;2017;2018;2019;2020
72411893797,36.68806,-78.05444,6,2015;2016;2017;2018;2019;2020
72412003872,37.7836,-81.123,6,2015;2016;2017;2018;2019;2020
72412503859,37.2978,-81.20366,6,2015;2016;2017;2018;2019;2020
72412753801,37.86667,-80.4,6,2015;2016;2017;2018;2019;2020
72414013866,38.3794,-81.59,6,2015;2016;2017;2018;2019;2020
72417013729,38.88989,-79.85544,6,2015;2016;2017;2018;2019;2020
72417503802,39.29556,-80.22889,6,2015;2016;2017;2018;2019;2020
72417613736,39.64981,-79.9207,6,2015;2016;2017;2018;2019;2020
72417713734,39.40375,-77.945,6,2015;2016;2017;2018;2019;2020
72418013781,39.6744,-75.60567,6,2015;2016;2017;2018;2019;2020
72419003889,37.59139,-83.31444,6,2015;2016;2017;2018;2019;2020
72420014891,40.8204,-82.5178,6,2015;2016;2017;2018;2019;2020
72421093814,39.0444,-84.6724,6,2015;2016;2017;2018;2019;2020
72422093820,38.0408,-84.6058,6,2015;2016;2017;2018;2019;2020
72423093821,38.1811,-85.7391,6,2015;2016;2017;2018;2019;2020
72423353841,38.18472,-84.90333,6,2015;2016;2017;2018;2019;2020
72423513810,38.22806,-85.66361,6,2015;2016;2017;2018;2019;2020
72423753803,37.75,-87.16667,6,2015;2016;2017;2018;2019;2020
72423853886,37.8,-87.68333,6,2015;2016;2017;2018;2019;2020
72424013807,37.9,-85.96667,6,2015;2016;2017;2018;2019;2020
72424303849,37.08722,-84.07694,6,2015;2016;2017;2018;2019;2020
72425003860,38.36532,-82.55485,6,2015;2016;2017;2018;2019;2020
72427053868,36.023,-84.2337,6,2015;2016;2017;2018;2019;2020
72427303804,39.3395,-81.4438,6,2015;2016;2017;2018;2019;2020
72427514894,40.17639,-80.64722,6,2015;2016;2017;2018;2019;2020
72427653859,39.59361,-84.22639,6,2015;2016;2017;2018;2019;2020
72428014821,39.9907,-82.877,6,2015;2016;2017;2018;2019;2020
72428463825,39.9,-83.13333,6,2015;2016;2017;2018;2019;2020
72428513812,39.81667,-82.93333,6,2015;2016;2017;2018;2019;2020
72428693824,39.94444,-81.89222,6,2015;2016;2017;2018;2019;2020
72428704848,41.56306,-83.47639,6,2015;2016;2017;2018;2019;2020
72428804804,40.07806,-83.07806,6,2015;2016;2017;2018;2019;2020
72429093815,39.9064,-84.2185,6,2015;2016;2017;2018;2019;2020
72429453844,39.75556,-82.65722,6,2015;2016;2017;2018;2019;2020
72429563888,39.84028,-83.84,6,2015;2016;2017;2018;2019;2020
72429613841,39.43087,-83.77698,6,2015;2016;2017;2018;2019;2020
72429793812,39.10333,-84.41889,6,2015;2016;2017;2018;2019;2020
72429804850,40.7075,-84.02722,6,2015;2016;2017;2018;2019;2020
72430314813,41.0375,-81.46417,6,2015;2016;2017;2018;2019;2020
72432093817,38.0441,-87.5205,6,2015;2016;2017;2018;2019;2020
72433003879,38.65,-88.96667,6,2015;2016;2017;2018;2019;2020
72433593894,38.32333,-88.85833,6,2015;2016;2017;2018;2019;2020
72433693810,37.77972,-89.24972,6,2015;2016;2017;2018;2019;2020
72433813802,38.55,-89.85,6,2015;2016;2017;2018;2019;2020
72433903865,37.75,-89.0,6,2015;2016;2017;2018;2019;2020
72434013994,38.7525,-90.3736,6,2015;2016;2017;2018;2019;2020
72434503966,38.65722,-90.65583,6,2015;2016;2017;2018;2019;2020
72434753904,38.92861,-90.42806,6,2015;2016;2017;2018;2019;2020
72435003816,37.0563,-88.7744,6,2015;2016;2017;2018;2019;2020
72435463815,37.05417,-84.61472,6,2015;2016;2017;2018;2019;2020
72435653866,39.57806,-85.80333,6,2015;2016;2017;2018;2019;2020
72436313803,39.26667,-85.9,6,2015;2016;2017;2018;2019;2020
72436553896,38.24889,-86.95361,6,2015;2016;2017;2018;2019;2020
72437303868,39.45194,-87.30889,6,2015;2016;2017;2018;2019;2020
72437503893,39.13333,-86.61667,6,2015;2016;2017;2018;2019;2020
72438093819,39.72517,-86.28168,6,2015;2016;2017;2018;2019;2020
72438453842,39.825,-86.29583,6,2015;2016;2017;2018;2019;2020
72438504828,40.11667,-85.61667,6,2015;2016;2017;2018;2019;2020
72438614835,40.41222,-86.93694,6,2015;2016;2017;2018;2019;2020
72438754807,40.52806,-86.05889,6,2015;2016;2017;2018;2019;2020
72438814829,41.5333,-85.7833,6,2015;2016;2017;2018;2019;2020
72439093822,39.8447,-89.6839,6,2015;2016;2017;2018;2019;2020
72439503958,38.88333,-90.05,6,2015;2016;2017;2018;2019;2020
72439754831,40.48333,-88.95,6,2015;2016;2017;2018;2019;2020
72440013995,37.23985,-93.39007,6,2015;2016;2017;2018;2019;2020
72442013997,38.1318,-91.76461,6,2015;2016;2017;2018;2019;2020
72443093989,39.9369,-91.1919,6,2015;2016;2017;2018;2019;2020
72445003945,38.8169,-92.2183,6,2015;2016;2017;2018;2019;2020
72445303994,38.70417,-93.18333,6,2015;2016;2017;2018;2019;2020
72445493996,37.76083,-90.42833,6,2015;2016;2017;2018;2019;2020
72445514938,40.09722,-92.54333,6,2015;2016;2017;2018;2019;2020
72445703938,37.75,-92.15,6,2015;2016;2017;2018;2019;2020
72445803963,38.59111,-92.15583,6,2015;2016;2017;2018;2019;2020
72445953931,38.09639,-92.55306,6,2015;2016;2017;2018;2019;2020
72446003947,39.2972,-94.7306,6,2015;2016;2017;2018;2019;2020
72446203073,31.30694,-95.40389,6,2015;2016;2017;2018;2019;2020
72446313988,39.1208,-94.5969,6,2015;2016;2017;2018;2019;2020
72446453916,39.82333,-93.57917,6,2015;2016;2017;2018;2019;2020
72446713930,38.71667,-93.55,6,2015;2016;2017;2018;2019;2020
72446803967,38.85,-94.73917,6,2015;2016;2017;2018;2019;2020
72447593909,38.83167,-94.88972,6,2015;2016;2017;2018;2019;2020
72449013993,39.7736,-94.9233,6,2015;2016;2017;2018;2019;2020
72450003928,37.6475,-97.43,6,2015;2016;2017;2018;2019;2020
72450213932,37.16806,-97.03694,6,2015;2016;2017;2018;2019;2020
72450403974,37.74611,-97.22111,6,2015;2016;2017;2018;2019;2020
72450503923,37.61667,-97.26667,6,2015;2016;2017;2018;2019;2020
72450613986,38.06528,-97.86056,6,2015;2016;2017;2018;2019;2020
72450713981,37.67028,-95.48417,6,2015;2016;2017;2018;2019;2020
72450803997,39.0078,-95.2116,6,2015;2016;2017;2018;2019;2020
72450953939,38.06778,-97.27472,6,2015;2016;2017;2018;2019;2020
72451013985,37.7686,-99.9678,6,2015;2016;2017;2018;2019;2020
72451523064,37.92722,-100.72472,6,2015;2016;2017;2018;2019;2020
72451623020,37.05,-100.96667,6,2015;2016;2017;2018;2019;2020
72451713940,38.35,-98.86667,6,2015;2016;2017;2018;2019;2020
72451803968,38.85,-99.26667,6,2015;2016;2017;2018;2019;2020
72451993967,37.09111,-95.56639,6,2015;2016;2017;2018;2019;2020
72452003957,37.2839,-98.5528,6,2015;2016;2017;2018;2019;2020
72453013969,36.73667,-97.10194,6,2015;2016;2017;2018;2019;2020
72455013947,39.05,-96.76667,6,2015;2016;2017;2018;2019;2020
72455503936,39.1346,-96.6788,6,2015;2016;2017;2018;2019;2020
72455613989,38.3291,-96.1946,6,2015;2016;2017;2018;2019;2020
72456013996,39.0725,-95.6261,6,2015;2016;2017;2018;2019;2020
72456513920,38.95028,-95.66389,6,2015;2016;2017;2018;2019;2020
72458013984,39.5514,-97.6508,6,2015;2016;2017;2018;2019;2020
72458593997,38.87611,-98.80917,6,2015;2016;2017;2018;2019;2020
72458603919,38.8,-97.65,6,2015;2016;2017;2018;2019;2020
72460493076,37.0,-101.88333,6,2015;2016;2017;2018;2019;2020
72462023061,37.4389,-105.8613,6,2015;2016;2017;2018;2019;2020
72462593005,37.14306,-107.76028,6,2015;2016;2017;2018;2019;2020
72462703011,37.95,-107.9,6,2015;2016;2017;2018;2019;2020
72463523067,38.04949,-103.51335,6,2015;2016;2017;2018;2019;2020
72463603013,38.07178,-102.68747,6,2015;2016;2017;2018;2019;2020
72464093058,38.28871,-104.50569,6,2015;2016;2017;2018;2019;2020
72464523070,37.2622,-104.3378,6,2015;2016;2017;2018;2019;2020
72464603028,37.28333,-102.61389,6,2015;2016;2017;2018;2019;2020
72465023065,39.3672,-101.6932,6,2015;2016;2017;2018;2019;2020
72465593990,39.37556,-99.82972,6,2015;2016;2017;2018;2019;2020
72466093037,38.81,-104.6884,6,2015;2016;2017;2018;2019;2020
72466593010,39.275,-103.666,6,2015;2016;2017;2018;2019;2020
72466693067,39.57028,-104.84889,6,2015;2016;2017;2018;2019;2020
72467393009,39.22917,-106.31694,6,2015;2016;2017;2018;2019;2020
72467494050,40.04417,-107.88861,6,2015;2016;2017;2018;2019;2020
72467523063,39.65,-106.91667,6,2015;2016;2017;2018;2019;2020
72467693073,39.23,-106.87056,6,2015;2016;2017;2018;2019;2020
72467793007,38.53333,-106.93333,6,2015;2016;2017;2018;2019;2020
72467894033,40.51667,-106.86667,6,2015;2016;2017;2018;2019;2020
72468094015,38.67833,-104.75667,6,2015;2016;2017;2018;2019;2020
72468903026,39.24472,-102.28417,6,2015;2016;2017;2018;2019;2020
72469400450,39.7842,-104.5376,6,2015;2016;2017;2018;2019;2020
72469523036,39.71667,-104.75,6,2015;2016;2017;2018;2019;2020
72469824015,40.16667,-103.21667,6,2015;2016;2017;2018;2019;2020
72469903065,39.9,-105.11667,6,2015;2016;2017;2018;2019;2020
72470093141,39.60917,-110.75472,6,2015;2016;2017;2018;2019;2020
72472099999,37.6166666,-109.466666,6,2015;2016;2017;2018;2019;2020
72473323170,38.41667,-110.7,6,2015;2016;2017;2018;2019;2020
72473700377,28.817,-82.317,6,2015;2016;2017;2018;2019;2020
72475023176,38.41667,-113.01667,6,2015;2016;2017;2018;2019;2020
72475423186,37.1,-113.6,6,2015;2016;2017;2018;2019;2020
72475593129,37.7086,-113.0944,6,2015;2016;2017;2018;2019;2020
72475623159,37.70639,-112.14556,6,2015;2016;2017;2018;2019;2020
72476023066,39.1342,-108.54,6,2015;2016;2017;2018;2019;2020
72476593013,38.50583,-107.89889,6,2015;2016;2017;2018;2019;2020
72476793069,37.30694,-108.62639,6,2015;2016;2017;2018;2019;2020
72476824051,40.43556,-104.63194,6,2015;2016;2017;2018;2019;2020
72476994035,40.45,-105.01667,6,2015;2016;2017;2018;2019;2020
72477003170,39.6013,-116.0055,6,2015;2016;2017;2018;2019;2020
72477693075,38.75,-109.76278,6,2015;2016;2017;2018;2019;2020
72479694128,41.78722,-111.85333,6,2015;2016;2017;2018;2019;2020
72479723176,38.41667,-113.01667,6,2015;2016;2017;2018;2019;2020
72480023157,37.3711,-118.358,6,2015;2016;2017;2018;2019;2020
72481023203,37.38333,-120.56667,6,2015;2016;2017;2018;2019;2020
72481523257,37.28472,-120.51278,6,2015;2016;2017;2018;2019;2020
72482893241,38.3777,-121.9575,6,2015;2016;2017;2018;2019;2020
72483023232,38.5069,-121.495,6,2015;2016;2017;2018;2019;2020
72483323206,38.56667,-121.3,6,2015;2016;2017;2018;2019;2020
72483623208,38.66667,-121.4,6,2015;2016;2017;2018;2019;2020
72483793216,39.13333,-121.43333,6,2015;2016;2017;2018;2019;2020
72483893205,39.1019,-121.5677,6,2015;2016;2017;2018;2019;2020
72483993225,38.69556,-121.58972,6,2015;2016;2017;2018;2019;2020
72484653123,36.21167,-115.19583,6,2015;2016;2017;2018;2019;2020
72485523153,38.0511,-117.0902,6,2015;2016;2017;2018;2019;2020
72485699999,38.544367,-118.6343,4,2017;2018;2019;2020
72486023154,39.2952,-114.8466,6,2015;2016;2017;2018;2019;2020
72488023185,39.4838,-119.7711,6,2015;2016;2017;2018;2019;2020
72488593102,39.41667,-118.71667,6,2015;2016;2017;2018;2019;2020
72491523259,36.5881,-121.8453,6,2015;2016;2017;2018;2019;2020
72491699999,36.681878,-121.762347,1,2020
72492023237,37.8891,-121.2258,6,2015;2016;2017;2018;2019;2020
72492623258,37.6241,-120.9505,6,2015;2016;2017;2018;2019;2020
72492723285,37.6927,-121.8144,6,2015;2016;2017;2018;2019;2020
72493023230,37.7214,-122.2208,6,2015;2016;2017;2018;2019;2020
72493723289,37.46667,-122.11667,6,2015;2016;2017;2018;2019;2020
72493893231,37.51667,-122.25,6,2015;2016;2017;2018;2019;2020
72494023234,37.6197,-122.3647,6,2015;2016;2017;2018;2019;2020
72494523293,37.3591,-121.924,6,2015;2016;2017;2018;2019;2020
72494693232,37.33333,-121.81667,6,2015;2016;2017;2018;2019;2020
72495023254,37.9917,-122.055,6,2015;2016;2017;2018;2019;2020
72495593227,38.2102,-122.2847,6,2015;2016;2017;2018;2019;2020
72495723213,38.5038,-122.8102,6,2015;2016;2017;2018;2019;2020
72497393203,39.8,-121.85,6,2015;2016;2017;2018;2019;2020
72497593809,37.06444,-89.21944,6,2015;2016;2017;2018;2019;2020
72498894704,42.57083,-77.71333,6,2015;2016;2017;2018;2019;2020
72501454780,41.07306,-71.92333,6,2015;2016;2017;2018;2019;2020
72501504789,41.50917,-74.265,6,2015;2016;2017;2018;2019;2020
72501654790,40.82167,-72.86889,6,2015;2016;2017;2018;2019;2020
72502014734,40.6825,-74.1694,6,2015;2016;2017;2018;2019;2020
72502300474,33.86113,-90.75788,6,2015;2016;2017;2018;2019;2020
72502594741,40.85,-74.06139,6,2015;2016;2017;2018;2019;2020
72502754788,41.50972,-72.82778,6,2015;2016;2017;2018;2019;2020
72502964707,41.48333,-73.13333,6,2015;2016;2017;2018;2019;2020
72503014732,40.77944,-73.88035,6,2015;2016;2017;2018;2019;2020
72503614757,41.62574,-73.88156,6,2015;2016;2017;2018;2019;2020
72503794745,41.06236,-73.70463,6,2015;2016;2017;2018;2019;2020
72503814714,41.5,-74.1,6,2015;2016;2017;2018;2019;2020
72504094702,41.16422,-73.12669,6,2015;2016;2017;2018;2019;2020
72504514758,41.26389,-72.88722,6,2015;2016;2017;2018;2019;2020
72504614707,41.3275,-72.04944,6,2015;2016;2017;2018;2019;2020
72505004781,40.79388,-73.10189,6,2015;2016;2017;2018;2019;2020
72505394728,40.77898,-73.96925,6,2015;2016;2017;2018;2019;2020
72505464710,41.92056,-71.49111,6,2015;2016;2017;2018;2019;2020
72505894793,41.16806,-71.57778,6,2015;2016;2017;2018;2019;2020
72505914702,42.47,-71.28944,6,2015;2016;2017;2018;2019;2020
72506014756,41.25306,-70.06083,6,2015;2016;2017;2018;2019;2020
72506114704,41.65,-70.51667,6,2015;2016;2017;2018;2019;2020
72506454769,41.90972,-70.72944,6,2015;2016;2017;2018;2019;2020
72506594726,41.67639,-70.95833,6,2015;2016;2017;2018;2019;2020
72506694724,41.39306,-70.615,6,2015;2016;2017;2018;2019;2020
72506794720,41.66861,-70.28,6,2015;2016;2017;2018;2019;2020
72506854777,41.87556,-71.02111,6,2015;2016;2017;2018;2019;2020
72506994624,41.6875,-69.99333,6,2015;2016;2017;2018;2019;2020
72507014765,41.7225,-71.4325,6,2015;2016;2017;2018;2019;2020
72507364708,42.07194,-70.22111,6,2015;2016;2017;2018;2019;2020
72507454752,41.59713,-71.41213,6,2015;2016;2017;2018;2019;2020
72507554768,42.69728,-73.16967,6,2015;2016;2017;2018;2019;2020
72507914787,41.53333,-71.28333,6,2015;2016;2017;2018;2019;2020
72508014740,41.9375,-72.6819,6,2015;2016;2017;2018;2019;2020
72508454767,41.74194,-72.18361,6,2015;2016;2017;2018;2019;2020
72508554756,42.57,-72.29111,6,2015;2016;2017;2018;2019;2020
72508654734,41.37139,-73.48278,6,2015;2016;2017;2018;2019;2020
72508714752,41.73611,-72.65056,6,2015;2016;2017;2018;2019;2020
72508854733,42.58417,-70.9175,6,2015;2016;2017;2018;2019;2020
72509014739,42.3606,-71.0097,6,2015;2016;2017;2018;2019;2020
72509854704,42.19083,-71.17361,6,2015;2016;2017;2018;2019;2020
72510094746,42.2706,-71.8731,6,2015;2016;2017;2018;2019;2020
72510314712,40.37338,-75.95924,6,2015;2016;2017;2018;2019;2020
72510404843,41.62639,-80.215,6,2015;2016;2017;2018;2019;2020
72510514770,40.82056,-76.86417,6,2015;2016;2017;2018;2019;2020
72510704780,42.55194,-71.75583,6,2015;2016;2017;2018;2019;2020
72510954782,40.23802,-75.55493,6,2015;2016;2017;2018;2019;2020
72511354786,40.33015,-75.12292,6,2015;2016;2017;2018;2019;2020
72511493778,39.91806,-76.87417,6,2015;2016;2017;2018;2019;2020
72511654737,40.12028,-76.29444,6,2015;2016;2017;2018;2019;2020
72511704827,40.13333,-80.28333,6,2015;2016;2017;2018;2019;2020
72511814751,40.21722,-76.85139,6,2015;2016;2017;2018;2019;2020
72511954792,41.04667,-78.41167,6,2015;2016;2017;2018;2019;2020
72512464705,40.77694,-79.94972,6,2015;2016;2017;2018;2019;2020
72512504787,41.17947,-78.89326,6,2015;2016;2017;2018;2019;2020
72512614736,40.29639,-78.32028,6,2015;2016;2017;2018;2019;2020
72512704726,40.31611,-78.83389,6,2015;2016;2017;2018;2019;2020
72512854739,40.85,-77.85,6,2015;2016;2017;2018;2019;2020
72513014777,41.3336,-75.7269,6,2015;2016;2017;2018;2019;2020
72514014778,41.24295,-76.9218,6,2015;2016;2017;2018;2019;2020
72514454723,40.43333,-76.56667,6,2015;2016;2017;2018;2019;2020
72514554746,41.70139,-74.795,6,2015;2016;2017;2018;2019;2020
72514654773,43.34972,-76.38472,6,2015;2016;2017;2018;2019;2020
72515004725,42.2068,-75.98,6,2015;2016;2017;2018;2019;2020
72515594761,42.48333,-76.46667,6,2015;2016;2017;2018;2019;2020
72515614748,42.15944,-76.89194,6,2015;2016;2017;2018;2019;2020
72515754757,42.10944,-77.99194,6,2015;2016;2017;2018;2019;2020
72516594737,43.53333,-72.95,6,2015;2016;2017;2018;2019;2020
72517014737,40.64985,-75.44771,6,2015;2016;2017;2018;2019;2020
72517213762,36.695,-76.13556,6,2015;2016;2017;2018;2019;2020
72517564706,40.63333,-79.1,6,2015;2016;2017;2018;2019;2020
72518014735,42.74722,-73.79912,6,2015;2016;2017;2018;2019;2020
72518699999,44.681854,-75.4655,5,2016;2017;2018;2019;2020
72519014771,43.1111,-76.1038,6,2015;2016;2017;2018;2019;2020
72519454778,42.6425,-77.05639,6,2015;2016;2017;2018;2019;2020
72519664775,43.23389,-75.41167,6,2015;2016;2017;2018;2019;2020
72520094823,40.4846,-80.2144,6,2015;2016;2017;2018;2019;2020
72520399999,40.677375,-77.626828,3,2018;2019;2020
72520404813,40.76667,-80.4,6,2015;2016;2017;2018;2019;2020
72520514762,40.35472,-79.92167,6,2015;2016;2017;2018;2019;2020
72520754735,40.28333,-79.4,6,2015;2016;2017;2018;2019;2020
72520804855,40.61611,-83.06361,6,2015;2016;2017;2018;2019;2020
72521014895,40.9181,-81.4435,6,2015;2016;2017;2018;2019;2020
72521404849,41.34611,-82.17944,6,2015;2016;2017;2018;2019;2020
72521604842,40.87306,-81.88667,6,2015;2016;2017;2018;2019;2020
72521753855,39.36444,-84.52472,6,2015;2016;2017;2018;2019;2020
72522014750,43.33845,-73.61028,6,2015;2016;2017;2018;2019;2020
72522404852,40.47194,-81.42361,6,2015;2016;2017;2018;2019;2020
72522904858,40.02278,-82.4625,6,2015;2016;2017;2018;2019;2020
72523504720,42.15,-79.25,6,2015;2016;2017;2018;2019;2020
72524014820,41.4057,-81.852,6,2015;2016;2017;2018;2019;2020
72524404809,41.68333,-81.4,1,2020
72524499999,41.684028,-81.38975,6,2015;2016;2017;2018;2019;2020
72524504853,41.5175,-81.68361,6,2015;2016;2017;2018;2019;2020
72524704805,41.56667,-81.48333,6,2015;2016;2017;2018;2019;2020
72525014852,41.2548,-80.6737,6,2015;2016;2017;2018;2019;2020
72525300380,41.217,-81.25,6,2015;2016;2017;2018;2019;2020
72525404851,41.3375,-84.42889,6,2015;2016;2017;2018;2019;2020
72525604857,41.77806,-80.69583,6,2015;2016;2017;2018;2019;2020
72525800382,34.594,-83.296,6,2015;2016;2017;2018;2019;2020
72526014860,42.0803,-80.1824,6,2015;2016;2017;2018;2019;2020
72526604751,41.79835,-78.6355,6,2015;2016;2017;2018;2019;2020
72526794868,41.38333,-79.86667,6,2015;2016;2017;2018;2019;2020
72528014733,42.93997,-78.73615,6,2015;2016;2017;2018;2019;2020
72528300465,42.24122,-78.37136,6,2015;2016;2017;2018;2019;2020
72528704724,43.10833,-78.93806,6,2015;2016;2017;2018;2019;2020
72529014768,43.11722,-77.67541,6,2015;2016;2017;2018;2019;2020
72529214976,41.71667,-92.7,6,2015;2016;2017;2018;2019;2020
72529400383,35.017,-80.083,6,2015;2016;2017;2018;2019;2020
72530094846,41.96019,-87.93162,6,2015;2016;2017;2018;2019;2020
72530594892,41.91444,-88.24639,6,2015;2016;2017;2018;2019;2020
72531403960,38.57139,-90.15722,6,2015;2016;2017;2018;2019;2020
72531594870,40.03972,-88.27778,6,2015;2016;2017;2018;2019;2020
72531603887,39.83444,-88.86556,6,2015;2016;2017;2018;2019;2020
72531753802,39.47806,-88.28028,6,2015;2016;2017;2018;2019;2020
72532014842,40.6675,-89.6839,6,2015;2016;2017;2018;2019;2020
72532604894,41.74278,-89.67611,6,2015;2016;2017;2018;2019;2020
72532704846,41.4525,-87.00583,6,2015;2016;2017;2018;2019;2020
72533014827,40.9705,-85.2063,6,2015;2016;2017;2018;2019;2020
72533594833,40.65,-86.15,6,2015;2016;2017;2018;2019;2020
72533694895,40.23417,-85.39361,6,2015;2016;2017;2018;2019;2020
72533704807,41.61667,-87.41667,6,2015;2016;2017;2018;2019;2020
72534014819,41.78611,-87.75222,6,2015;2016;2017;2018;2019;2020
72534213809,38.76417,-87.60556,6,2015;2016;2017;2018;2019;2020
72534514834,41.5,-88.16667,6,2015;2016;2017;2018;2019;2020
72534714880,42.41667,-87.86667,6,2015;2016;2017;2018;2019;2020
72534804831,41.60413,-88.08497,6,2015;2016;2017;2018;2019;2020
72535014848,41.7072,-86.3163,6,2015;2016;2017;2018;2019;2020
72535404806,41.71667,-85.98333,6,2015;2016;2017;2018;2019;2020
72536094830,41.5871,-83.8055,6,2015;2016;2017;2018;2019;2020
72536614825,41.01361,-83.66861,6,2015;2016;2017;2018;2019;2020
72537094847,42.2313,-83.3308,6,2015;2016;2017;2018;2019;2020
72537354819,42.09861,-83.16111,6,2015;2016;2017;2018;2019;2020
72537494889,42.22278,-83.74444,6,2015;2016;2017;2018;2019;2020
72537514822,42.40917,-83.01,6,2015;2016;2017;2018;2019;2020
72537614853,42.23333,-83.53333,6,2015;2016;2017;2018;2019;2020
72537714804,42.6083,-82.8183,6,2015;2016;2017;2018;2019;2020
72537804887,42.62944,-83.98417,6,2015;2016;2017;2018;2019;2020
72538354827,41.81667,-85.43333,6,2015;2016;2017;2018;2019;2020
72538404888,42.91083,-82.52861,6,2015;2016;2017;2018;2019;2020
72538694898,44.02194,-82.79306,6,2015;2016;2017;2018;2019;2020
72538794899,47.46667,-87.88333,6,2015;2016;2017;2018;2019;2020
72539014836,42.7761,-84.5997,6,2015;2016;2017;2018;2019;2020
72539404839,42.74611,-86.09667,6,2015;2016;2017;2018;2019;2020
72539514833,42.2667,-84.4667,6,2015;2016;2017;2018;2019;2020
72539614815,42.3075,-85.25111,6,2015;2016;2017;2018;2019;2020
72540404847,41.86778,-84.07944,6,2015;2016;2017;2018;2019;2020
72540554816,43.32222,-84.68806,6,2015;2016;2017;2018;2019;2020
72540654817,43.78028,-82.98556,6,2015;2016;2017;2018;2019;2020
72540704854,45.01333,-84.70139,6,2015;2016;2017;2018;2019;2020
72540804881,45.98333,-86.18333,6,2015;2016;2017;2018;2019;2020
72540904882,41.92111,-84.58556,6,2015;2016;2017;2018;2019;2020
72541404886,41.93333,-85.0525,6,2015;2016;2017;2018;2019;2020
72541554821,42.25111,-84.95556,6,2015;2016;2017;2018;2019;2020
72541614864,43.71667,-85.5,6,2015;2016;2017;2018;2019;2020
72541754822,42.56583,-84.43306,6,2015;2016;2017;2018;2019;2020
72541854823,41.94,-83.43472,6,2015;2016;2017;2018;2019;2020
72542014931,40.78333,-91.12528,6,2015;2016;2017;2018;2019;2020
72542404885,43.62167,-84.73722,6,2015;2016;2017;2018;2019;2020
72543094822,42.1927,-89.093,6,2015;2016;2017;2018;2019;2020
72543454789,41.13889,-75.37944,6,2015;2016;2017;2018;2019;2020
72544014923,41.46528,-90.52333,6,2015;2016;2017;2018;2019;2020
72545014990,41.8833,-91.7166,6,2015;2016;2017;2018;2019;2020
72545314930,41.40722,-95.04667,6,2015;2016;2017;2018;2019;2020
72545404903,41.27583,-91.67333,6,2015;2016;2017;2018;2019;2020
72545604921,40.45972,-91.42833,6,2015;2016;2017;2018;2019;2020
72545704904,43.07778,-94.27194,6,2015;2016;2017;2018;2019;2020
72545804907,42.74167,-93.75889,6,2015;2016;2017;2018;2019;2020
72546014933,41.5338,-93.653,6,2015;2016;2017;2018;2019;2020
72546194988,42.11056,-92.91611,6,2015;2016;2017;2018;2019;2020
72546214937,41.63278,-91.54306,6,2015;2016;2017;2018;2019;2020
72546314966,43.072504,-92.610809,6,2015;2016;2017;2018;2019;2020
72546404977,41.67417,-93.02167,6,2015;2016;2017;2018;2019;2020
72546514950,41.1077,-92.4466,6,2015;2016;2017;2018;2019;2020
72546604938,41.69111,-93.56611,6,2015;2016;2017;2018;2019;2020
72546704973,40.75139,-95.41333,6,2015;2016;2017;2018;2019;2020
72546804910,42.04611,-94.78889,6,2015;2016;2017;2018;2019;2020
72546904913,41.01944,-93.35944,6,2015;2016;2017;2018;2019;2020
72547094908,42.39778,-90.70361,6,2015;2016;2017;2018;2019;2020
72547294989,41.99056,-93.61889,6,2015;2016;2017;2018;2019;2020
72547394979,41.83333,-90.33333,6,2015;2016;2017;2018;2019;2020
72547404915,41.00722,-94.36306,6,2015;2016;2017;2018;2019;2020
72547504953,42.22389,-91.16556,6,2015;2016;2017;2018;2019;2020
72547604916,43.27528,-91.73917,6,2015;2016;2017;2018;2019;2020
72547704917,41.98639,-95.38056,6,2015;2016;2017;2018;2019;2020
72547804920,42.43639,-93.86861,6,2015;2016;2017;2018;2019;2020
72547904937,40.72167,-95.02639,6,2015;2016;2017;2018;2019;2020
72548094910,42.5544,-92.4011,6,2015;2016;2017;2018;2019;2020
72548304930,40.65917,-91.32667,6,2015;2016;2017;2018;2019;2020
72548404942,42.77778,-96.19361,6,2015;2016;2017;2018;2019;2020
72548514940,43.1544,-93.3269,6,2015;2016;2017;2018;2019;2020
72548604906,42.04944,-93.8475,6,2015;2016;2017;2018;2019;2020
72548704950,41.36667,-91.15,6,2015;2016;2017;2018;2019;2020
72548804955,42.68083,-91.97444,6,2015;2016;2017;2018;2019;2020
72548904959,42.99,-96.06278,5,2015;2016;2017;2018;2019
72549094933,42.55,-94.18333,6,2015;2016;2017;2018;2019;2020
72549304962,41.29861,-93.11361,6,2015;2016;2017;2018;2019;2020
72549404966,41.01028,-95.25972,6,2015;2016;2017;2018;2019;2020
72549504975,43.20833,-95.83333,6,2015;2016;2017;2018;2019;2020
72549604976,42.59694,-95.24056,6,2015;2016;2017;2018;2019;2020
72549704908,41.25944,-95.75972,6,2015;2016;2017;2018;2019;2020
72549894998,41.7,-94.91667,6,2015;2016;2017;2018;2019;2020
72549994991,40.6306,-93.9008,6,2015;2016;2017;2018;2019;2020
72550014942,41.3102,-95.8991,6,2015;2016;2017;2018;2019;2020
72551014939,40.8508,-96.7475,6,2015;2016;2017;2018;2019;2020
72551214989,40.89417,-97.62583,6,2015;2016;2017;2018;2019;2020
72551304901,40.89306,-97.99722,6,2015;2016;2017;2018;2019;2020
72551403757,38.14167,-76.42917,6,2015;2016;2017;2018;2019;2020
72551594947,40.30139,-96.75389,6,2015;2016;2017;2018;2019;2020
72552014935,40.9611,-98.3136,6,2015;2016;2017;2018;2019;2020
72552494958,41.62333,-98.94833,6,2015;2016;2017;2018;2019;2020
72552594949,40.6005,-98.4258,6,2015;2016;2017;2018;2019;2020
72552614905,40.73333,-99.0,6,2015;2016;2017;2018;2019;2020
72552794978,41.76361,-96.17778,6,2015;2016;2017;2018;2019;2020
72553394957,40.08028,-95.59194,6,2015;2016;2017;2018;2019;2020
72554014949,41.11667,-95.91667,6,2015;2016;2017;2018;2019;2020
72554104993,40.60639,-95.86361,6,2015;2016;2017;2018;2019;2020
72555594946,41.43333,-99.63333,6,2015;2016;2017;2018;2019;2020
72555694975,42.57694,-100.00056,6,2015;2016;2017;2018;2019;2020
72556014941,41.9855,-97.4352,6,2015;2016;2017;2018;2019;2020
72556404924,41.44889,-96.52,6,2015;2016;2017;2018;2019;2020
72556594951,41.448,-97.34264,6,2015;2016;2017;2018;2019;2020
72556604957,42.46972,-98.68806,6,2015;2016;2017;2018;2019;2020
72557014943,42.3913,-96.3791,6,2015;2016;2017;2018;2019;2020
72561024030,41.0993,-102.9863,6,2015;2016;2017;2018;2019;2020
72562024023,41.1213,-100.6694,6,2015;2016;2017;2018;2019;2020
72562194063,41.11917,-101.76806,6,2015;2016;2017;2018;2019;2020
72562414994,40.78861,-99.77083,6,2015;2016;2017;2018;2019;2020
72562594040,40.20639,-100.59139,6,2015;2016;2017;2018;2019;2020
72562624091,40.51,-101.62,6,2015;2016;2017;2018;2019;2020
72562804935,40.45,-99.33917,6,2015;2016;2017;2018;2019;2020
72563524044,42.0573,-102.8017,6,2015;2016;2017;2018;2019;2020
72563624017,42.8374,-103.0981,6,2015;2016;2017;2018;2019;2020
72563799999,42.805972,-102.17525,4,2017;2018;2019;2020
72564024018,41.15778,-104.80694,6,2015;2016;2017;2018;2019;2020
72564524022,41.3167,-105.6833,6,2015;2016;2017;2018;2019;2020
72565003017,39.8328,-104.6575,6,2015;2016;2017;2018;2019;2020
72566024028,41.8705,-103.593,6,2015;2016;2017;2018;2019;2020
72566594073,41.18944,-103.67083,6,2015;2016;2017;2018;2019;2020
72567024032,42.8783,-100.55,6,2015;2016;2017;2018;2019;2020
72568694057,42.79611,-105.38028,6,2015;2016;2017;2018;2019;2020
72569024089,42.89779,-106.47371,6,2015;2016;2017;2018;2019;2020
72570024046,40.49278,-107.52417,6,2015;2016;2017;2018;2019;2020
72570594030,40.44278,-109.51278,6,2015;2016;2017;2018;2019;2020
72571094025,40.48111,-107.2175,6,2015;2016;2017;2018;2019;2020
72571703016,39.52778,-107.71972,6,2015;2016;2017;2018;2019;2020
72572024127,40.7781,-111.9694,6,2015;2016;2017;2018;2019;2020
72572424174,40.21889,-111.72333,6,2015;2016;2017;2018;2019;2020
72574424027,41.59466,-109.05296,6,2015;2016;2017;2018;2019;2020
72575024126,41.19611,-112.01139,6,2015;2016;2017;2018;2019;2020
72575399999,41.05,-113.07,6,2015;2016;2017;2018;2019;2020
72575524101,41.11667,-111.96667,6,2015;2016;2017;2018;2019;2020
72576024021,42.81538,-108.72611,6,2015;2016;2017;2018;2019;2020
72576394053,42.0613,-104.1584,6,2015;2016;2017;2018;2019;2020
72577504111,41.27306,-111.03056,6,2015;2016;2017;2018;2019;2020
72577624166,43.6,-110.73333,6,2015;2016;2017;2018;2019;2020
72578024156,42.9202,-112.5711,6,2015;2016;2017;2018;2019;2020
72578404109,46.14417,-115.59639,6,2015;2016;2017;2018;2019;2020
72578524145,43.519,-112.0639,6,2015;2016;2017;2018;2019;2020
72578624151,42.18868,-112.24863,6,2015;2016;2017;2018;2019;2020
72580524172,40.0681,-118.5692,6,2015;2016;2017;2018;2019;2020
72581024193,40.7206,-114.0358,6,2015;2016;2017;2018;2019;2020
72582524121,40.8288,-115.7886,6,2015;2016;2017;2018;2019;2020
72583024128,40.9017,-117.808,6,2015;2016;2017;2018;2019;2020
72583524119,40.6118,-116.8917,4,2017;2018;2019;2020
72583799999,40.375694,-120.572694,5,2016;2017;2018;2019;2020
72584523225,39.2774,-120.7102,6,2015;2016;2017;2018;2019;2020
72584693201,39.32,-120.13944,6,2015;2016;2017;2018;2019;2020
72584793230,38.8983,-119.9947,6,2015;2016;2017;2018;2019;2020
72585093228,37.6542,-122.115,6,2015;2016;2017;2018;2019;2020
72586494182,44.88889,-116.10167,6,2015;2016;2017;2018;2019;2020
72586594161,43.5,-114.3,6,2015;2016;2017;2018;2019;2020
72586694178,42.48194,-114.48694,6,2015;2016;2017;2018;2019;2020
72586724133,42.5416,-113.7661,6,2015;2016;2017;2018;2019;2020
72589594236,42.14694,-121.72417,6,2015;2016;2017;2018;2019;2020
72590523275,39.12583,-123.20083,6,2015;2016;2017;2018;2019;2020
72591024216,40.1519,-122.2536,6,2015;2016;2017;2018;2019;2020
72592024257,40.5175,-122.2986,6,2015;2016;2017;2018;2019;2020
72593023233,36.6636,-121.6081,6,2015;2016;2017;2018;2019;2020
72594024213,40.8097,-124.1602,6,2015;2016;2017;2018;2019;2020
72594524283,40.97806,-124.10861,6,2015;2016;2017;2018;2019;2020
72594624286,41.78028,-124.23667,6,2015;2016;2017;2018;2019;2020
72595524259,41.78139,-122.46806,6,2015;2016;2017;2018;2019;2020
72595724215,41.3325,-122.33278,6,2015;2016;2017;2018;2019;2020
72595894299,41.49139,-120.56444,6,2015;2016;2017;2018;2019;2020
72597024225,42.37505,-122.8771,6,2015;2016;2017;2018;2019;2020
72597524235,42.6003,-123.3641,6,2015;2016;2017;2018;2019;2020
72597694285,42.16667,-120.4,6,2015;2016;2017;2018;2019;2020
72598524267,42.07444,-124.29,6,2015;2016;2017;2018;2019;2020
72605014745,43.2049,-71.50274,6,2015;2016;2017;2018;2019;2020
72605504743,43.08333,-70.81667,6,2015;2016;2017;2018;2019;2020
72605654791,43.27806,-70.92222,6,2015;2016;2017;2018;2019;2020
72606014764,43.64222,-70.30444,6,2015;2016;2017;2018;2019;2020
72606464709,43.39361,-70.70778,6,2015;2016;2017;2018;2019;2020
72607014606,44.7978,-68.8185,6,2015;2016;2017;2018;2019;2020
72607314615,44.53333,-69.66667,6,2015;2016;2017;2018;2019;2020
72607714616,44.45,-68.36667,6,2015;2016;2017;2018;2019;2020
72607994601,44.06667,-69.1,6,2015;2016;2017;2018;2019;2020
72608304836,47.28556,-68.31333,6,2015;2016;2017;2018;2019;2020
72611454771,44.53444,-72.61444,6,2015;2016;2017;2018;2019;2020
72611554740,43.34361,-72.51778,6,2015;2016;2017;2018;2019;2020
72611694765,43.62639,-72.30472,6,2015;2016;2017;2018;2019;2020
72613014755,44.27018,-71.30336,6,2015;2016;2017;2018;2019;2020
72614054742,44.42,-72.0194,6,2015;2016;2017;2018;2019;2020
72614594705,44.2035,-72.5623,6,2015;2016;2017;2018;2019;2020
72615554736,43.56667,-71.43333,6,2015;2016;2017;2018;2019;2020
72616094700,44.57611,-71.17861,6,2015;2016;2017;2018;2019;2020
72616354770,42.805,-72.00361,6,2015;2016;2017;2018;2019;2020
72616454728,44.3675,-71.545,6,2015;2016;2017;2018;2019;2020
72616594721,42.9,-72.26667,6,2015;2016;2017;2018;2019;2020
72616654781,42.89351,-73.24876,6,2015;2016;2017;2018;2019;2020
72617014742,44.4683,-73.1499,6,2015;2016;2017;2018;2019;2020
72618354772,43.99056,-70.9475,6,2015;2016;2017;2018;2019;2020
72618494709,44.05,-70.28333,6,2015;2016;2017;2018;2019;2020
72618514605,44.3155,-69.7972,6,2015;2016;2017;2018;2019;2020
72619094626,45.46222,-69.59528,6,2015;2016;2017;2018;2019;2020
72619614610,45.6477,-68.6925,6,2015;2016;2017;2018;2019;2020
72622394725,44.93583,-74.84583,6,2015;2016;2017;2018;2019;2020
72622564776,44.65,-73.46667,6,2015;2016;2017;2018;2019;2020
72622794790,43.98867,-76.02623,6,2015;2016;2017;2018;2019;2020
72622894740,44.38528,-74.20667,6,2015;2016;2017;2018;2019;2020
72628494836,46.35,-87.4,6,2015;2016;2017;2018;2019;2020
72635094860,42.8825,-85.52389,6,2015;2016;2017;2018;2019;2020
72635594871,42.1256,-86.4284,6,2015;2016;2017;2018;2019;2020
72635794815,42.23472,-85.55194,6,2015;2016;2017;2018;2019;2020
72635800384,41.7033,-86.8212,6,2015;2016;2017;2018;2019;2020
72636014840,43.17111,-86.23667,6,2015;2016;2017;2018;2019;2020
72636404883,43.9625,-86.40778,6,2015;2016;2017;2018;2019;2020
72637014826,42.9666,-83.7494,6,2015;2016;2017;2018;2019;2020
72637594817,42.665,-83.41806,6,2015;2016;2017;2018;2019;2020
72637914845,43.53306,-84.07972,6,2015;2016;2017;2018;2019;2020
72638094814,44.3591,-84.6738,6,2015;2016;2017;2018;2019;2020
72638414817,44.28333,-85.41667,6,2015;2016;2017;2018;2019;2020
72638594894,44.26667,-86.25,6,2015;2016;2017;2018;2019;2020
72638714850,44.74083,-85.5825,6,2015;2016;2017;2018;2019;2020
72639094849,45.0716,-83.5644,6,2015;2016;2017;2018;2019;2020
72639100385,38.783,-106.217,6,2015;2016;2017;2018;2019;2020
72639200424,39.43333,-107.38333,6,2015;2016;2017;2018;2019;2020
72639404874,46.31111,-85.45722,6,2015;2016;2017;2018;2019;2020
72639514808,44.45,-83.4,6,2015;2016;2017;2018;2019;2020
72639600422,39.05,-105.516,6,2015;2016;2017;2018;2019;2020
72640014839,42.95489,-87.90457,6,2015;2016;2017;2018;2019;2020
72640404865,45.92778,-89.73083,6,2015;2016;2017;2018;2019;2020
72640594869,43.1086,-88.0306,6,2015;2016;2017;2018;2019;2020
72640904897,43.04083,-88.23694,6,2015;2016;2017;2018;2019;2020
72641014837,43.1405,-89.3452,6,2015;2016;2017;2018;2019;2020
72641304875,43.41667,-88.13333,6,2015;2016;2017;2018;2019;2020
72641404873,42.61472,-89.59056,6,2015;2016;2017;2018;2019;2020
72641594854,42.61667,-89.03333,6,2015;2016;2017;2018;2019;2020
72641614921,43.21194,-90.18139,6,2015;2016;2017;2018;2019;2020
72641754911,45.10083,-90.30333,6,2015;2016;2017;2018;2019;2020
72641854912,45.30833,-92.69,6,2015;2016;2017;2018;2019;2020
72641994929,46.54861,-90.91889,6,2015;2016;2017;2018;2019;2020
72642494818,42.76111,-87.81361,6,2015;2016;2017;2018;2019;2020
72642504841,43.76944,-87.85056,6,2015;2016;2017;2018;2019;2020
72642604895,44.55,-89.53333,6,2015;2016;2017;2018;2019;2020
72642754908,46.68944,-92.09444,6,2015;2016;2017;2018;2019;2020
72643014920,43.8788,-91.2527,6,2015;2016;2017;2018;2019;2020
72643514991,44.8665,-91.4879,6,2015;2016;2017;2018;2019;2020
72643694930,43.93333,-90.26667,6,2015;2016;2017;2018;2019;2020
72643794940,43.96667,-90.73333,6,2015;2016;2017;2018;2019;2020
72643894994,43.15611,-90.6775,6,2015;2016;2017;2018;2019;2020
72644014925,43.9041,-92.4916,6,2015;2016;2017;2018;2019;2020
72644404963,43.01917,-91.12361,6,2015;2016;2017;2018;2019;2020
72644904891,45.19917,-89.71139,6,2015;2016;2017;2018;2019;2020
72645014898,44.4794,-88.1366,6,2015;2016;2017;2018;2019;2020
72645204826,44.35917,-89.83694,6,2015;2016;2017;2018;2019;2020
72645594897,44.13333,-87.66667,6,2015;2016;2017;2018;2019;2020
72645694855,43.98444,-88.55694,6,2015;2016;2017;2018;2019;2020
72645704825,44.26667,-88.51667,6,2015;2016;2017;2018;2019;2020
72645804824,44.85,-87.41667,6,2015;2016;2017;2018;2019;2020
72646314897,44.9288,-89.6277,6,2015;2016;2017;2018;2019;2020
72646454834,43.16667,-88.71667,6,2015;2016;2017;2018;2019;2020
72646594890,44.78333,-89.66667,6,2015;2016;2017;2018;2019;2020
72646654917,45.2275,-96.00722,6,2015;2016;2017;2018;2019;2020
72646754909,45.41861,-91.77333,6,2015;2016;2017;2018;2019;2020
72646854913,45.70889,-90.40222,6,2015;2016;2017;2018;2019;2020
72648094853,45.73333,-87.08333,6,2015;2016;2017;2018;2019;2020
72648794896,45.11667,-87.63333,6,2015;2016;2017;2018;2019;2020
72649804925,41.05306,-91.97889,6,2015;2016;2017;2018;2019;2020
72649994971,43.40111,-94.74722,6,2015;2016;2017;2018;2019;2020
72650014972,43.16444,-95.20167,6,2015;2016;2017;2018;2019;2020
72650254832,44.61389,-88.73139,6,2015;2016;2017;2018;2019;2020
72650354833,43.52194,-89.77361,6,2015;2016;2017;2018;2019;2020
72650454838,45.93167,-89.26889,6,2015;2016;2017;2018;2019;2020
72650504845,42.595,-87.93806,6,2015;2016;2017;2018;2019;2020
72650604840,43.76944,-88.49083,6,2015;2016;2017;2018;2019;2020
72650754907,42.88667,-90.23611,6,2015;2016;2017;2018;2019;2020
72650894973,46.02611,-91.44417,6,2015;2016;2017;2018;2019;2020
72650904898,43.42639,-88.70306,6,2015;2016;2017;2018;2019;2020
72651014944,43.5778,-96.7539,6,2015;2016;2017;2018;2019;2020
72651494032,43.73306,-103.61139,6,2015;2016;2017;2018;2019;2020
72651594902,44.3,-96.8,6,2015;2016;2017;2018;2019;2020
72651624024,44.05111,-101.60111,6,2015;2016;2017;2018;2019;2020
72651794039,43.02056,-102.51833,6,2015;2016;2017;2018;2019;2020
72651894990,43.39056,-99.84222,6,2015;2016;2017;2018;2019;2020
72651994993,45.66889,-96.99139,6,2015;2016;2017;2018;2019;2020
72652594911,42.87856,-97.36361,6,2015;2016;2017;2018;2019;2020
72653094943,43.76667,-99.31833,6,2015;2016;2017;2018;2019;2020
72653994056,45.03194,-102.01917,6,2015;2016;2017;2018;2019;2020
72654014936,44.3981,-98.2231,6,2015;2016;2017;2018;2019;2020
72654404958,48.01583,-92.85583,6,2015;2016;2017;2018;2019;2020
72654594950,43.77426,-98.03838,6,2015;2016;2017;2018;2019;2020
72654614946,44.9047,-97.1494,6,2015;2016;2017;2018;2019;2020
72654704931,45.64389,-95.32028,6,2015;2016;2017;2018;2019;2020
72654804971,48.94139,-95.34833,6,2015;2016;2017;2018;2019;2020
72654954905,47.82194,-92.68944,6,2015;2016;2017;2018;2019;2020
72655014926,45.5433,-94.0513,6,2015;2016;2017;2018;2019;2020
72655304951,44.96889,-95.71,6,2015;2016;2017;2018;2019;2020
72655454906,43.98611,-94.55778,6,2015;2016;2017;2018;2019;2020
72655594938,46.40472,-94.13083,6,2015;2016;2017;2018;2019;2020
72655614992,44.5483,-95.0804,6,2015;2016;2017;2018;2019;2020
72655714910,45.8679,-95.3941,6,2015;2016;2017;2018;2019;2020
72655804914,46.7025,-92.50417,6,2015;2016;2017;2018;2019;2020
72655994976,44.45,-95.81667,6,2015;2016;2017;2018;2019;2020
72656024025,44.3813,-100.2855,6,2015;2016;2017;2018;2019;2020
72656194997,46.44667,-95.21167,6,2015;2016;2017;2018;2019;2020
72656204943,44.62778,-93.22806,6,2015;2016;2017;2018;2019;2020
72656394969,44.33333,-93.31667,6,2015;2016;2017;2018;2019;2020
72656404967,44.58917,-92.48472,6,2015;2016;2017;2018;2019;2020
72656504948,45.56639,-95.9675,6,2015;2016;2017;2018;2019;2020
72656604965,43.98306,-96.30028,6,2015;2016;2017;2018;2019;2020
72656704980,44.31944,-94.50222,6,2015;2016;2017;2018;2019;2020
72656804961,44.12333,-93.26056,6,2015;2016;2017;2018;2019;2020
72656904933,44.85889,-94.38167,6,2015;2016;2017;2018;2019;2020
72657294966,46.28333,-96.15,6,2015;2016;2017;2018;2019;2020
72657494985,44.63806,-90.1875,6,2015;2016;2017;2018;2019;2020
72657594960,45.0622,-93.351,6,2015;2016;2017;2018;2019;2020
72657794974,45.15,-93.21667,6,2015;2016;2017;2018;2019;2020
72657804944,45.94917,-94.34694,6,2015;2016;2017;2018;2019;2020
72657994963,44.8321,-93.4705,6,2015;2016;2017;2018;2019;2020
72658014922,44.8831,-93.2289,6,2015;2016;2017;2018;2019;2020
72658304941,45.14694,-94.50722,6,2015;2016;2017;2018;2019;2020
72658414927,44.9322,-93.0558,6,2015;2016;2017;2018;2019;2020
72658514954,44.21667,-93.91667,6,2015;2016;2017;2018;2019;2020
72658694948,43.65,-94.41667,6,2015;2016;2017;2018;2019;2020
72658794927,43.6449,-95.5802,6,2015;2016;2017;2018;2019;2020
72658804956,44.07694,-91.70806,6,2015;2016;2017;2018;2019;2020
72658994968,43.68333,-93.36667,6,2015;2016;2017;2018;2019;2020
72659014929,45.4433,-98.413,6,2015;2016;2017;2018;2019;2020
72659304946,43.65,-94.98639,6,2015;2016;2017;2018;2019;2020
72659604978,44.01778,-92.83139,6,2015;2016;2017;2018;2019;2020
72660304974,44.85694,-93.03278,6,2015;2016;2017;2018;2019;2020
72660500386,44.483,-103.783,6,2015;2016;2017;2018;2019;2020
72662024090,44.04584,-103.05443,6,2015;2016;2017;2018;2019;2020
72662524006,44.15,-103.1,6,2015;2016;2017;2018;2019;2020
72662604864,45.15417,-89.11056,6,2015;2016;2017;2018;2019;2020
72662794037,45.60444,-103.54639,6,2015;2016;2017;2018;2019;2020
72665094023,44.33944,-105.54194,6,2015;2016;2017;2018;2019;2020
72665494054,44.38139,-106.72111,6,2015;2016;2017;2018;2019;2020
72666024029,44.7694,-106.9688,6,2015;2016;2017;2018;2019;2020
72666494173,44.54444,-110.42111,6,2015;2016;2017;2018;2019;2020
72666524062,43.96583,-107.95083,6,2015;2016;2017;2018;2019;2020
72666724048,44.51694,-108.08222,6,2015;2016;2017;2018;2019;2020
72667624087,47.13333,-104.8,6,2015;2016;2017;2018;2019;2020
72667904969,45.69778,-92.95278,6,2015;2016;2017;2018;2019;2020
72668254914,45.55972,-93.60806,6,2015;2016;2017;2018;2019;2020
72668594052,45.54639,-100.40778,6,2015;2016;2017;2018;2019;2020
72669024057,41.8,-107.2,6,2015;2016;2017;2018;2019;2020
72670024045,44.51667,-109.01667,6,2015;2016;2017;2018;2019;2020
72671024164,42.58444,-110.1075,6,2015;2016;2017;2018;2019;2020
72672024061,43.06417,-108.45889,6,2015;2016;2017;2018;2019;2020
72676494163,44.68333,-111.11667,6,2015;2016;2017;2018;2019;2020
72677024033,45.8069,-108.5422,6,2015;2016;2017;2018;2019;2020
72677624036,47.0492,-109.4578,6,2015;2016;2017;2018;2019;2020
72677794055,46.3583,-104.25,6,2015;2016;2017;2018;2019;2020
72679724132,45.788,-111.1608,6,2015;2016;2017;2018;2019;2020
72679824150,45.6983,-110.4408,6,2015;2016;2017;2018;2019;2020
72681024131,43.5666,-116.2405,6,2015;2016;2017;2018;2019;2020
72681394195,43.65,-116.63333,6,2015;2016;2017;2018;2019;2020
72681524106,43.05,-115.86667,5,2015;2016;2017;2018;2020
72681604110,42.72667,-114.45639,6,2015;2016;2017;2018;2019;2020
72681724154,47.45694,-115.645,6,2015;2016;2017;2018;2019;2020
72681894194,43.83212,-111.80753,6,2015;2016;2017;2018;2019;2020
72682404112,44.17079,-114.92686,6,2015;2016;2017;2018;2019;2020
72683094185,43.595,-118.9564,6,2015;2016;2017;2018;2019;2020
72683604201,45.77278,-122.86111,6,2015;2016;2017;2018;2019;2020
72683724162,44.0206,-117.0128,6,2015;2016;2017;2018;2019;2020
72686524196,45.11667,-113.88333,6,2015;2016;2017;2018;2019;2020
72687300452,45.94255,-116.12341,6,2015;2016;2017;2018;2019;2020
72687594107,42.59056,-117.86444,6,2015;2016;2017;2018;2019;2020
72687600387,44.4,-118.967,6,2015;2016;2017;2018;2019;2020
72688024155,45.6983,-118.8547,6,2015;2016;2017;2018;2019;2020
72688194273,45.19472,-123.13389,6,2015;2016;2017;2018;2019;2020
72688304113,45.82583,-119.26111,6,2015;2016;2017;2018;2019;2020
72688424148,45.28333,-118.0,6,2015;2016;2017;2018;2019;2020
72688524152,45.51139,-118.42472,6,2015;2016;2017;2018;2019;2020
72688624130,44.8428,-117.8086,6,2015;2016;2017;2018;2019;2020
72688799999,43.876333,-121.453056,1,2020
72690424231,43.23889,-123.35472,6,2015;2016;2017;2018;2019;2020
72691724284,43.41333,-124.24361,6,2015;2016;2017;2018;2019;2020
72692024230,44.2558,-121.1392,6,2015;2016;2017;2018;2019;2020
72693024221,44.1278,-123.2206,6,2015;2016;2017;2018;2019;2020
72694024232,44.905,-123.0011,6,2015;2016;2017;2018;2019;2020
72694524202,44.5,-123.28333,6,2015;2016;2017;2018;2019;2020
72695024285,44.58333,-124.05,6,2015;2016;2017;2018;2019;2020
72695994281,45.24861,-122.76861,6,2015;2016;2017;2018;2019;2020
72698024229,45.5958,-122.6093,6,2015;2016;2017;2018;2019;2020
72698524242,45.55111,-122.40889,6,2015;2016;2017;2018;2019;2020
72698694261,45.54056,-122.94861,6,2015;2016;2017;2018;2019;2020
72698824219,45.6194,-121.1661,6,2015;2016;2017;2018;2019;2020
72703314609,46.1185,-67.7928,6,2015;2016;2017;2018;2019;2020
72711994605,46.61667,-69.53333,6,2015;2016;2017;2018;2019;2020
72712014607,46.8705,-68.0173,6,2015;2016;2017;2018;2019;2020
72713014604,46.68333,-68.05,6,2015;2016;2017;2018;2019;2020
72713594623,43.96361,-69.71167,6,2015;2016;2017;2018;2019;2020
72734014847,46.4794,-84.3572,6,2015;2016;2017;2018;2019;2020
72734404869,46.25,-84.46667,6,2015;2016;2017;2018;2019;2020
72734714841,45.5644,-84.7927,6,2015;2016;2017;2018;2019;2020
72741504803,45.6314,-89.4823,6,2015;2016;2017;2018;2019;2020
72741754825,45.40722,-83.81306,6,2015;2016;2017;2018;2019;2020
72743094850,46.5313,-87.5491,6,2015;2016;2017;2018;2019;2020
72743404870,45.30472,-85.27472,6,2015;2016;2017;2018;2019;2020
72743554820,45.865,-84.63722,6,2015;2016;2017;2018;2019;2020
72743604863,44.98639,-85.20306,6,2015;2016;2017;2018;2019;2020
72743794893,45.81833,-88.11444,6,2015;2016;2017;2018;2019;2020
72744014858,47.16861,-88.48889,6,2015;2016;2017;2018;2019;2020
72744404979,47.04917,-91.745,6,2015;2016;2017;2018;2019;2020
72744594926,46.53333,-90.13333,6,2015;2016;2017;2018;2019;2020
72744904954,46.41861,-92.80444,6,2015;2016;2017;2018;2019;2020
72745014913,46.8369,-92.1833,6,2015;2016;2017;2018;2019;2020
72745204912,47.84167,-96.62139,6,2015;2016;2017;2018;2019;2020
72745394967,46.90056,-95.06778,6,2015;2016;2017;2018;2019;2020
72745404911,47.83806,-90.38306,6,2015;2016;2017;2018;2019;2020
72745594931,47.38639,-92.83889,6,2015;2016;2017;2018;2019;2020
72745604919,46.72167,-92.04333,6,2015;2016;2017;2018;2019;2020
72745794962,46.83333,-95.88333,6,2015;2016;2017;2018;2019;2020
72745894919,47.21111,-93.50972,6,2015;2016;2017;2018;2019;2020
72745994964,47.81667,-91.83333,6,2015;2016;2017;2018;2019;2020
72746604918,44.98611,-96.04333,6,2015;2016;2017;2018;2019;2020
72746704926,49.31833,-94.90278,6,2015;2016;2017;2018;2019;2020
72746804928,47.78278,-93.65,6,2015;2016;2017;2018;2019;2020
72746994992,47.74722,-90.34444,6,2015;2016;2017;2018;2019;2020
72747014918,48.5614,-93.3981,6,2015;2016;2017;2018;2019;2020
72747394977,48.26667,-92.48333,6,2015;2016;2017;2018;2019;2020
72747404923,47.42417,-92.4975,6,2015;2016;2017;2018;2019;2020
72747504940,45.88583,-93.27167,6,2015;2016;2017;2018;2019;2020
72747694961,48.71667,-94.6,6,2015;2016;2017;2018;2019;2020
72747704970,48.85583,-95.69694,6,2015;2016;2017;2018;2019;2020
72747804934,48.7525,-96.94278,6,2015;2016;2017;2018;2019;2020
72748604983,48.15389,-94.51667,6,2015;2016;2017;2018;2019;2020
72749704984,46.99,-94.20389,6,2015;2016;2017;2018;2019;2020
72750304909,45.55944,-93.265,6,2015;2016;2017;2018;2019;2020
72750494999,46.5475,-93.67667,6,2015;2016;2017;2018;2019;2020
72750504929,47.59278,-95.77528,6,2015;2016;2017;2018;2019;2020
72750604952,43.91333,-95.10917,6,2015;2016;2017;2018;2019;2020
72750754904,45.33194,-95.65056,6,2015;2016;2017;2018;2019;2020
72750854915,46.72472,-94.38167,6,2015;2016;2017;2018;2019;2020
72751199999,27.635,-97.312225,1,2018
72751454910,46.38083,-94.80639,6,2015;2016;2017;2018;2019;2020
72751504982,45.30556,-96.42417,6,2015;2016;2017;2018;2019;2020
72751704932,44.75583,-94.08111,6,2015;2016;2017;2018;2019;2020
72753014914,46.9253,-96.8111,6,2015;2016;2017;2018;2019;2020
72753304922,45.77972,-96.54472,6,2015;2016;2017;2018;2019;2020
72753514919,46.9258,-98.6691,6,2015;2016;2017;2018;2019;2020
72755014958,47.5,-94.93333,6,2015;2016;2017;2018;2019;2020
72755594956,48.06667,-96.18333,6,2015;2016;2017;2018;2019;2020
72755604905,47.24889,-91.41556,6,2015;2016;2017;2018;2019;2020
72756604902,43.66472,-92.93333,6,2015;2016;2017;2018;2019;2020
72757014916,47.9428,-97.1839,6,2015;2016;2017;2018;2019;2020
72757394928,48.11667,-98.9,6,2015;2016;2017;2018;2019;2020
72757594925,47.96667,-97.4,6,2015;2016;2017;2018;2019;2020
72758494038,46.01389,-102.65472,6,2015;2016;2017;2018;2019;2020
72763024012,46.7994,-102.7972,6,2015;2016;2017;2018;2019;2020
72764024011,46.7825,-100.7572,6,2015;2016;2017;2018;2019;2020
72767094014,48.1738,-103.6366,6,2015;2016;2017;2018;2019;2020
72767594011,48.41667,-101.35,6,2015;2016;2017;2018;2019;2020
72767624013,48.2552,-101.2733,6,2015;2016;2017;2018;2019;2020
72767794041,47.64583,-101.43944,6,2015;2016;2017;2018;2019;2020
72768094008,48.2138,-106.6214,6,2015;2016;2017;2018;2019;2020
72768494051,47.32583,-106.9475,6,2015;2016;2017;2018;2019;2020
72768694017,48.09444,-105.57444,6,2015;2016;2017;2018;2019;2020
72768794028,47.71667,-104.18333,6,2015;2016;2017;2018;2019;2020
72769024137,48.6033,-112.3752,6,2015;2016;2017;2018;2019;2020
72770024138,45.2575,-112.5544,6,2015;2016;2017;2018;2019;2020
72772024144,46.6056,-111.9636,6,2015;2016;2017;2018;2019;2020
72773024153,46.9208,-114.0925,6,2015;2016;2017;2018;2019;2020
72774024135,45.9647,-112.5006,6,2015;2016;2017;2018;2019;2020
72775024143,47.4733,-111.3822,6,2015;2016;2017;2018;2019;2020
72775524112,47.51667,-111.18333,6,2015;2016;2017;2018;2019;2020
72776099999,47.45,-111.3833333,6,2015;2016;2017;2018;2019;2020
72777094012,48.5428,-109.7633,6,2015;2016;2017;2018;2019;2020
72779024146,48.3042,-114.2636,6,2015;2016;2017;2018;2019;2020
72781024243,46.5683,-120.5428,6,2015;2016;2017;2018;2019;2020
72781524237,47.2767,-121.3372,6,2015;2016;2017;2018;2019;2020
72782594239,47.3977,-120.2013,6,2015;2016;2017;2018;2019;2020
72782724110,47.20778,-119.31917,6,2015;2016;2017;2018;2019;2020
72783024149,46.3747,-117.0156,6,2015;2016;2017;2018;2019;2020
72783424136,47.76667,-116.81667,6,2015;2016;2017;2018;2019;2020
72784524163,46.26667,-119.11667,6,2015;2016;2017;2018;2019;2020
72784624160,46.09472,-118.28694,6,2015;2016;2017;2018;2019;2020
72785024157,47.6216,-117.528,6,2015;2016;2017;2018;2019;2020
72785524114,47.63333,-117.65,6,2015;2016;2017;2018;2019;2020
72785694176,47.68306,-117.32139,6,2015;2016;2017;2018;2019;2020
72785794129,46.74389,-117.10861,6,2015;2016;2017;2018;2019;2020
72787094119,47.9742,-117.4292,6,2015;2016;2017;2018;2019;2020
72787399999,48.5441693,-117.8835256,1,2020
72788324220,47.03389,-120.53028,6,2015;2016;2017;2018;2019;2020
72788499999,46.305639,-119.304194,6,2015;2016;2017;2018;2019;2020
72788594266,48.12028,-123.49833,6,2015;2016;2017;2018;2019;2020
72789094197,48.464444,-119.516944,6,2015;2016;2017;2018;2019;2020
72790024141,47.3078,-119.5154,6,2015;2016;2017;2018;2019;2020
72791094224,46.1569,-123.8825,6,2015;2016;2017;2018;2019;2020
72791894298,45.62083,-122.65722,6,2015;2016;2017;2018;2019;2020
72792024227,46.9733,-122.9033,6,2015;2016;2017;2018;2019;2020
72792394225,46.9727,-123.9302,6,2015;2016;2017;2018;2019;2020
72792424223,46.11667,-122.89389,6,2015;2016;2017;2018;2019;2020
72792594227,47.238,-123.1408,6,2015;2016;2017;2018;2019;2020
72792894263,47.48333,-122.76667,6,2015;2016;2017;2018;2019;2020
72793024233,47.4444,-122.3138,6,2015;2016;2017;2018;2019;2020
72793494248,47.49333,-122.21444,6,2015;2016;2017;2018;2019;2020
72793524234,47.53028,-122.30083,6,2015;2016;2017;2018;2019;2020
72793724222,47.90778,-122.28028,6,2015;2016;2017;2018;2019;2020
72793894274,47.2675,-122.57611,6,2015;2016;2017;2018;2019;2020
72794504205,48.16056,-122.15889,6,2015;2016;2017;2018;2019;2020
72797094240,47.9375,-124.555,6,2015;2016;2017;2018;2019;2020
72797624217,48.79389,-122.53722,6,2015;2016;2017;2018;2019;2020
72798594276,48.52222,-123.02306,6,2015;2016;2017;2018;2019;2020
74000154793,41.19924,-74.62599,6,2015;2016;2017;2018;2019;2020
74000203042,37.5,-105.16667,6,2015;2016;2017;2018;2019;2020
74003024103,40.18333,-112.93333,6,2015;2016;2017;2018;2019;2020
74003503145,32.65,-114.61667,6,2015;2016;2017;2018;2019;2020
74201099999,48.141481,-123.414075,6,2015;2016;2017;2018;2019;2020
74206024207,47.15,-122.48333,6,2015;2016;2017;2018;2019;2020
74207124201,47.08333,-122.58333,6,2015;2016;2017;2018;2019;2020
74207703763,36.43722,-79.85111,6,2015;2016;2017;2018;2019;2020
74207864773,43.77917,-71.75361,6,2015;2016;2017;2018;2019;2020
74207963876,38.91472,-82.09861,6,2015;2016;2017;2018;2019;2020
74230024037,46.4266,-105.8825,6,2015;2016;2017;2018;2019;2020
74251353937,33.94222,-96.39444,6,2015;2016;2017;2018;2019;2020
74331253925,34.0502,-94.4008,6,2015;2016;2017;2018;2019;2020
74370014715,44.05,-75.73333,6,2015;2016;2017;2018;2019;2020
74394514710,42.92963,-71.43566,6,2015;2016;2017;2018;2019;2020
74394654754,42.78333,-71.51667,6,2015;2016;2017;2018;2019;2020
74410414763,42.42685,-73.28907,6,2015;2016;2017;2018;2019;2020
74421494852,40.48333,-85.68333,6,2015;2016;2017;2018;2019;2020
74455094982,41.61389,-90.59139,6,2015;2016;2017;2018;2019;2020
74465253897,37.81139,-88.54889,6,2015;2016;2017;2018;2019;2020
74465363814,38.14889,-89.69861,6,2015;2016;2017;2018;2019;2020
74465504808,41.77,-88.48139,6,2015;2016;2017;2018;2019;2020
74465653891,38.37861,-88.4125,6,2015;2016;2017;2018;2019;2020
74465753887,38.51472,-89.09194,6,2015;2016;2017;2018;2019;2020
74465853889,38.66472,-88.45278,6,2015;2016;2017;2018;2019;2020
74465953822,38.72167,-88.17639,6,2015;2016;2017;2018;2019;2020
74466000388,40.94782,-87.18264,6,2015;2016;2017;2018;2019;2020
74466263817,39.53417,-89.32778,6,2015;2016;2017;2018;2019;2020
74466353950,39.63861,-90.77833,6,2015;2016;2017;2018;2019;2020
74466504838,42.12083,-87.90472,6,2015;2016;2017;2018;2019;2020
74466653944,39.77972,-90.23833,6,2015;2016;2017;2018;2019;2020
74466799999,46.091203,-94.360539,6,2015;2016;2017;2018;2019;2020
74467204862,40.15833,-89.33472,6,2015;2016;2017;2018;2019;2020
74486094789,40.63915,-73.76401,6,2015;2016;2017;2018;2019;2020
74486454787,40.73417,-73.41694,6,2015;2016;2017;2018;2019;2020
74486514719,40.84361,-72.63222,6,2015;2016;2017;2018;2019;2020
74490494723,42.71722,-71.12389,6,2015;2016;2017;2018;2019;2020
74490714753,42.2123,-71.1137,6,2015;2016;2017;2018;2019;2020
74491014703,42.2,-72.53333,6,2015;2016;2017;2018;2019;2020
74491514775,42.15778,-72.71611,6,2015;2016;2017;2018;2019;2020
74498914747,42.49333,-79.27222,6,2015;2016;2017;2018;2019;2020
74499404741,42.85,-73.95,6,2015;2016;2017;2018;2019;2020
74504693242,36.98778,-120.11056,6,2015;2016;2017;2018;2019;2020
74504893210,39.49,-121.61833,6,2015;2016;2017;2018;2019;2020
74505653120,33.0375,-116.91583,6,2015;2016;2017;2018;2019;2020
74505753130,34.25917,-118.41333,6,2015;2016;2017;2018;2019;2020
74505823277,36.9358,-121.7886,6,2015;2016;2017;2018;2019;2020
74509023244,37.4058,-122.0481,6,2015;2016;2017;2018;2019;2020
74516023202,38.26667,-121.93333,6,2015;2016;2017;2018;2019;2020
74531093065,38.96667,-104.81667,6,2015;2016;2017;2018;2019;2020
74543093978,37.70167,-98.74694,6,2015;2016;2017;2018;2019;2020
74543103998,37.32778,-95.50417,6,2015;2016;2017;2018;2019;2020
74570013840,39.83333,-84.05,6,2015;2016;2017;2018;2019;2020
74594013705,38.81667,-76.86667,6,2015;2016;2017;2018;2019;2020
74594493784,39.2814,-76.6111,6,2015;2016;2017;2018;2019;2020
74594693786,38.30833,-75.12389,6,2015;2016;2017;2018;2019;2020
74596603726,39.00833,-74.90806,6,2015;2016;2017;2018;2019;2020
74598013702,37.08278,-76.36028,6,2015;2016;2017;2018;2019;2020
74598563806,36.63056,-80.01833,6,2015;2016;2017;2018;2019;2020
74611003182,35.28333,-116.63333,6,2015;2016;2017;2018;2019;2020
74612093104,35.6875,-117.6931,6,2015;2016;2017;2018;2019;2020
74614023112,36.25,-115.03333,6,2015;2016;2017;2018;2019;2020
74614123141,36.58333,-115.68333,6,2015;2016;2017;2018;2019;2020
74638099999,34.29542,-103.78583,6,2015;2016;2017;2018;2019;2020
74641013975,36.2967,-99.7689,6,2015;2016;2017;2018;2019;2020
74671013806,36.66667,-87.48333,6,2015;2016;2017;2018;2019;2020
74671693808,36.9647,-86.4238,6,2015;2016;2017;2018;2019;2020
74672099999,36.568167,-87.480833,5,2016;2017;2018;2019;2020
74692503741,35.57028,-77.04972,6,2015;2016;2017;2018;2019;2020
74692903702,35.0,-77.98167,6,2015;2016;2017;2018;2019;2020
74693093737,35.13333,-78.93333,6,2015;2016;2017;2018;2019;2020
74693503709,35.65361,-79.895,6,2015;2016;2017;2018;2019;2020
74693603712,35.37861,-78.73361,6,2015;2016;2017;2018;2019;2020
74693993785,35.93333,-79.06417,4,2015;2016;2017;2018
74694003708,35.46028,-77.96472,6,2015;2016;2017;2018;2019;2020
74694100389,33.873,-88.49,6,2015;2016;2017;2018;2019;2020
74702023110,36.33333,-119.95,6,2015;2016;2017;2018;2019;2020
74704003102,34.05611,-117.60028,6,2015;2016;2017;2018;2019;2020
74704303165,34.08333,-118.03333,6,2015;2016;2017;2018;2019;2020
74718503144,32.83417,-115.57861,6,2015;2016;2017;2018;2019;2020
74718603164,32.6261,-116.4681,6,2015;2016;2017;2018;2019;2020
74718703104,33.62667,-116.15944,6,2015;2016;2017;2018;2019;2020
74718823158,33.6186,-114.7142,6,2015;2016;2017;2018;2019;2020
74724003148,32.88333,-112.71667,1,2019
74732023002,32.85,-106.1,6,2015;2016;2017;2018;2019;2020
74733503059,30.58583,-100.64861,6,2015;2016;2017;2018;2019;2020
74735553997,31.91667,-98.60028,6,2015;2016;2017;2018;2019;2020
74736093042,36.0167,-102.55,6,2015;2016;2017;2018;2019;2020
74739013961,32.81917,-97.36139,6,2015;2016;2017;2018;2019;2020
74740013973,30.51083,-99.76639,6,2015;2016;2017;2018;2019;2020
74746003904,30.58917,-96.36472,6,2015;2016;2017;2018;2019;2020
74754093915,31.33472,-92.55861,6,2015;2016;2017;2018;2019;2020
74756012816,29.6919,-82.2755,6,2015;2016;2017;2018;2019;2020
74757093874,30.4119,-89.0808,6,2015;2016;2017;2018;2019;2020
74758013978,33.4963,-90.0866,6,2015;2016;2017;2018;2019;2020
74759013833,31.28194,-89.25306,6,2015;2016;2017;2018;2019;2020
74768013939,33.4825,-90.98528,6,2015;2016;2017;2018;2019;2020
74768199999,30.371581,-89.60976,3,2018;2019;2020
74768613820,30.41667,-88.91667,6,2015;2016;2017;2018;2019;2020
74768853858,30.46361,-88.53194,6,2015;2016;2017;2018;2019;2020
74775013846,30.06667,-85.58333,6,2015;2016;2017;2018;2019;2020
74776003818,30.83556,-85.18389,6,2015;2016;2017;2018;2019;2020
74776199999,30.845778,-85.601389,6,2015;2016;2017;2018;2019;2020
74777003852,30.41667,-86.68333,6,2015;2016;2017;2018;2019;2020
74778099999,30.5666666,-86.3166666,1,2019
74780413824,32.01667,-81.13333,6,2015;2016;2017;2018;2019;2020
74780563818,32.48306,-81.73722,6,2015;2016;2017;2018;2019;2020
74780663809,32.955,-84.26417,6,2015;2016;2017;2018;2019;2020
74780703821,33.01667,-85.06667,6,2015;2016;2017;2018;2019;2020
74780863803,33.97972,-83.96333,6,2015;2016;2017;2018;2019;2020
74780903832,33.98278,-83.66806,6,2015;2016;2017;2018;2019;2020
74781013857,30.96667,-83.2,6,2015;2016;2017;2018;2019;2020
74781263813,34.01306,-84.59861,6,2015;2016;2017;2018;2019;2020
74782053860,30.3361,-81.5147,6,2015;2016;2017;2018;2019;2020
74783012849,26.07875,-80.16217,6,2015;2016;2017;2018;2019;2020
74787012834,29.1828,-81.0483,6,2015;2016;2017;2018;2019;2020
74788012810,27.85,-82.51667,6,2015;2016;2017;2018;2019;2020
74790013849,33.96667,-80.46667,6,2015;2016;2017;2018;2019;2020
74791013717,33.68333,-78.93333,6,2015;2016;2017;2018;2019;2020
74791593718,33.81619,-78.72048,6,2015;2016;2017;2018;2019;2020
74791700390,32.9,-79.783,6,2015;2016;2017;2018;2019;2020
74791800391,33.317,-79.317,6,2015;2016;2017;2018;2019;2020
74793012843,27.651,-80.4199,6,2015;2016;2017;2018;2019;2020
74793112876,28.06222,-81.75417,6,2015;2016;2017;2018;2019;2020
74794012868,28.48333,-80.56667,6,2015;2016;2017;2018;2019;2020
74794612886,28.61667,-80.68333,6,2015;2016;2017;2018;2019;2020
74795012867,28.23333,-80.6,6,2015;2016;2017;2018;2019;2020
74796099999,27.65,-81.33,3,2018;2019;2020
74900599999,52.457,1.162,2,2019;2020
74904599999,27.456402,-81.3424,4,2017;2018;2019;2020
74904800415,29.84475,-82.04752,6,2015;2016;2017;2018;2019;2020
74917100479,35.1349,-118.4393,6,2015;2016;2017;2018;2019;2020
74917399999,32.935944,-111.42653,6,2015;2016;2017;2018;2019;2020
74917900392,36.9,-121.417,6,2015;2016;2017;2018;2019;2020
74923000393,65.233,-166.35,6,2015;2016;2017;2018;2019;2020
74948300394,34.147,-83.561,6,2015;2016;2017;2018;2019;2020
74948400395,37.082,-121.597,6,2015;2016;2017;2018;2019;2020
74948500396,40.554,-124.133,6,2015;2016;2017;2018;2019;2020
74948600397,39.224,-121.003,6,2015;2016;2017;2018;2019;2020
76001399999,32.541064,-116.970158,6,2015;2016;2017;2018;2019;2020
76005399999,32.630634,-115.241637,6,2015;2016;2017;2018;2019;2020
76040099999,32.4,-115.1833333,6,2015;2016;2017;2018;2019;2020
76050099999,31.6666666,-116.566667,3,2018;2019;2020
76055099999,31.0333333,-114.85,6,2015;2016;2017;2018;2019;2020
76061099999,31.3,-113.55,6,2015;2016;2017;2018;2019;2020
76075399999,31.636133,-106.428667,6,2015;2016;2017;2018;2019;2020
76075499999,16.739919,-93.173297,2,2015;2016
76113099999,30.7166666,-111.8333333,6,2015;2016;2017;2018;2019;2020
76122099999,30.3666666,-107.95,6,2015;2016;2017;2018;2019;2020
76160099999,29.095858,-111.047858,6,2015;2016;2017;2018;2019;2020
76220099999,28.95,-107.8166666,6,2015;2016;2017;2018;2019;2020
76225099999,28.6333333,-106.0833333,6,2015;2016;2017;2018;2019;2020
76225399999,28.702875,-105.964567,6,2015;2016;2017;2018;2019;2020
76243099999,28.627394,-100.535211,6,2015;2016;2017;2018;2019;2020
76253099999,27.392639,-109.833111,6,2015;2016;2017;2018;2019;2020
76255599999,27.968983,-110.925169,6,2015;2016;2017;2018;2019;2020
76256099999,27.95,-110.7666666,6,2015;2016;2017;2018;2019;2020
76258099999,27.4833333,-109.916666,6,2015;2016;2017;2018;2019;2020
76286399999,27.443918,-99.57046,6,2015;2016;2017;2018;2019;2020
76305099999,25.989194,-111.348361,6,2015;2016;2017;2018;2019;2020
76311099999,26.7333333,-108.2833333,6,2015;2016;2017;2018;2019;2020
76323099999,26.9333333,-105.6666666,6,2015;2016;2017;2018;2019;2020
76342099999,26.955733,-101.470136,6,2015;2016;2017;2018;2019;2020
76350399999,26.008908,-98.228513,6,2015;2016;2017;2018;2019;2020
76361599999,25.685194,-109.080806,6,2015;2016;2017;2018;2019;2020
76373099999,25.35,-105.75,6,2015;2016;2017;2018;2019;2020
76382099999,25.568278,-103.410583,6,2015;2016;2017;2018;2019;2020
76390099999,25.3666666,-101.0166666,6,2015;2016;2017;2018;2019;2020
76393099999,25.7333333,-100.3,6,2015;2016;2017;2018;2019;2020
76394099999,25.865572,-100.237239,6,2015;2016;2017;2018;2019;2020
76394399999,25.778489,-100.106878,6,2015;2016;2017;2018;2019;2020
76399399999,25.769894,-97.525311,6,2015;2016;2017;2018;2019;2020
76402099999,25.0,-111.633333,6,2015;2016;2017;2018;2019;2020
76405099999,24.1666666,-110.3,6,2015;2016;2017;2018;2019;2020
76405599999,24.072694,-110.362475,6,2015;2016;2017;2018;2019;2020
76405699999,23.15185,-109.721044,6,2015;2016;2017;2018;2019;2020
76412099999,24.764547,-107.474717,6,2015;2016;2017;2018;2019;2020
76423099999,24.05,-104.6,6,2015;2016;2017;2018;2019;2020
76423599999,24.124194,-104.528014,6,2015;2016;2017;2018;2019;2020
76458099999,23.2,-106.4166666,6,2015;2016;2017;2018;2019;2020
76459399999,23.161356,-106.266072,6,2015;2016;2017;2018;2019;2020
76471099999,23.6333333,-103.65,6,2015;2016;2017;2018;2019;2020
76490099999,22.3833333,-89.6833333,6,2015;2016;2017;2018;2019;2020
76491099999,23.742372,-99.169994,6,2015;2016;2017;2018;2019;2020
76491599999,23.704139,-98.956611,6,2015;2016;2017;2018;2019;2020
76499099999,23.7666666,-98.2,6,2015;2016;2017;2018;2019;2020
76519099999,22.1,-103.2666666,6,2015;2016;2017;2018;2019;2020
76525099999,22.7833333,-102.5666666,6,2015;2016;2017;2018;2019;2020
76525599999,22.897112,-102.68689,6,2015;2016;2017;2018;2019;2020
76539099999,22.254303,-100.930806,6,2015;2016;2017;2018;2019;2020
76543099999,22.0,-98.7666666,2,2015;2016
76548099999,22.2,-97.85,6,2015;2016;2017;2018;2019;2020
76549399999,22.29645,-97.865931,6,2015;2016;2017;2018;2019;2020
76551099999,21.6166667,-106.55,1,2017
76556099999,21.419453,-104.842581,6,2015;2016;2017;2018;2019;2020
76571099999,21.705461,-102.317869,6,2015;2016;2017;2018;2019;2020
76573099999,21.35,-101.9166666,6,2015;2016;2017;2018;2019;2020
76577099999,21.0,-101.2833333,6,2015;2016;2017;2018;2019;2020
76577399999,20.9833333,-101.4833333,6,2015;2016;2017;2018;2019;2020
76580199999,22.1333,-91.4,4,2017;2018;2019;2020
76581099999,21.9333333,-99.9833333,6,2015;2016;2017;2018;2019;2020
76585099999,21.3166666,-98.8166666,6,2015;2016;2017;2018;2019;2020
76593099999,21.3,-89.65,6,2015;2016;2017;2018;2019;2020
76595099999,21.036528,-86.877083,6,2015;2016;2017;2018;2019;2020
76601399999,20.680083,-105.254167,6,2015;2016;2017;2018;2019;2020
76601599999,20.755833,-103.465278,2,2015;2016
76612099999,20.6666666,-103.3833333,6,2015;2016;2017;2018;2019;2020
76612799999,20.602671,-97.460839,6,2015;2016;2017;2018;2019;2020
76613399999,20.5218,-103.311167,6,2015;2016;2017;2018;2019;2020
76625099999,20.617289,-100.185658,6,2015;2016;2017;2018;2019;2020
76632099999,20.1333333,-98.75,6,2015;2016;2017;2018;2019;2020
76634099999,20.0833333,-98.3666666,6,2015;2016;2017;2018;2019;2020
76640099999,20.95,-97.4,6,2015;2016;2017;2018;2019;2020
76642099999,20.967,-92.317,1,2020
76643099999,20.217,-91.967,1,2019
76644099999,20.936981,-89.657672,6,2015;2016;2017;2018;2019;2020
76647099999,20.6833333,-88.2,6,2015;2016;2017;2018;2019;2020
76648099999,20.522403,-86.925644,6,2015;2016;2017;2018;2019;2020
76653499999,19.144778,-104.558631,6,2015;2016;2017;2018;2019;2020
76654099999,19.05,-104.3166666,6,2015;2016;2017;2018;2019;2020
76654699999,19.396692,-102.039056,6,2015;2016;2017;2018;2019;2020
76656099999,19.7166666,-103.4666666,6,2015;2016;2017;2018;2019;2020
76658099999,19.277011,-103.577397,6,2015;2016;2017;2018;2019;2020
76662099999,19.9833333,-102.3166666,6,2015;2016;2017;2018;2019;2020
76665099999,19.7,-101.1833333,6,2015;2016;2017;2018;2019;2020
76665599999,19.849944,-101.0255,6,2015;2016;2017;2018;2019;2020
76670099999,19.6833333,-99.1833333,1,2020
76675099999,19.2833333,-99.6833333,6,2015;2016;2017;2018;2019;2020
76675399999,19.337072,-99.566008,6,2015;2016;2017;2018;2019;2020
76679399999,19.436303,-99.072097,6,2015;2016;2017;2018;2019;2020
76680099999,19.4,-99.1833333,6,2015;2016;2017;2018;2019;2020
76681099999,19.3166666,-99.1833333,6,2015;2016;2017;2018;2019;2020
76683099999,19.3166666,-98.25,6,2015;2016;2017;2018;2019;2020
76685099999,19.158144,-98.371447,6,2015;2016;2017;2018;2019;2020
76687099999,19.55,-96.9166666,6,2015;2016;2017;2018;2019;2020
76691399999,19.145931,-96.187267,6,2015;2016;2017;2018;2019;2020
76692099999,19.15,-96.1166666,6,2015;2016;2017;2018;2019;2020
76695099999,19.816794,-90.500314,6,2015;2016;2017;2018;2019;2020
76698099999,19.5666667,-88.05,6,2015;2016;2017;2018;2019;2020
76726099999,18.835082,-99.262158,6,2015;2016;2017;2018;2019;2020
76727099999,18.7,-99.1666666,6,2015;2016;2017;2018;2019;2020
76737099999,18.85,-97.1,6,2015;2016;2017;2018;2019;2020
76738099999,18.9,-96.9333333,4,2015;2016;2019;2020
76738399999,18.103419,-94.580681,6,2015;2016;2017;2018;2019;2020
76741099999,18.1833333,-94.5,6,2015;2016;2017;2018;2019;2020
76743099999,17.9833333,-92.9333333,6,2015;2016;2017;2018;2019;2020
76743399999,17.9833333,-92.8166666,6,2015;2016;2017;2018;2019;2020
76749399999,18.653739,-91.799017,6,2015;2016;2017;2018;2019;2020
76750099999,18.504667,-88.326847,6,2015;2016;2017;2018;2019;2020
76750199999,20.641294,-88.446219,6,2015;2016;2017;2018;2019;2020
76750299999,16.449336,-95.093697,2,2015;2016
76750399999,22.94845,-109.938733,6,2015;2016;2017;2018;2019;2020
76751099999,19.0,-86.3166667,5,2015;2016;2018;2019;2020
76758499999,17.601569,-101.460536,6,2015;2016;2017;2018;2019;2020
76762099999,17.55,-99.5,6,2015;2016;2017;2018;2019;2020
76773099999,17.788947,-97.771869,6,2015;2016;2017;2018;2019;2020
76775099999,17.05,-96.7166666,6,2015;2016;2017;2018;2019;2020
76775599999,17.0,-96.7333333,6,2015;2016;2017;2018;2019;2020
76805099999,16.75,-99.75,6,2015;2016;2017;2018;2019;2020
76805699999,16.756892,-99.753586,6,2015;2016;2017;2018;2019;2020
76833099999,16.1666666,-95.1833333,6,2015;2016;2017;2018;2019;2020
76840099999,16.2333333,-93.9,6,2015;2016;2017;2018;2019;2020
76843099999,16.75,-93.1333333,6,2015;2016;2017;2018;2019;2020
76845099999,16.75,-92.6333333,6,2015;2016;2017;2018;2019;2020
76848099999,16.25,-92.1333333,6,2015;2016;2017;2018;2019;2020
76848599999,15.775317,-96.262572,6,2015;2016;2017;2018;2019;2020
76855099999,15.6833333,-96.4833333,6,2015;2016;2017;2018;2019;2020
76855699999,15.876861,-97.089117,6,2015;2016;2017;2018;2019;2020
76856099999,15.666667,-96.5,6,2015;2016;2017;2018;2019;2020
76903099999,14.9166667,-92.25,6,2015;2016;2017;2018;2019;2020
76904399999,14.794339,-92.370025,6,2015;2016;2017;2018;2019;2020
78016013601,32.36667,-64.68333,6,2015;2016;2017;2018;2019;2020
78061099999,26.7,-78.9666667,2,2019;2020
78062099999,26.558686,-78.695553,6,2015;2016;2017;2018;2019;2020
78063099999,26.6666667,-78.3333333,1,2018
78070099999,25.699881,-79.264656,1,2018
78073099999,25.038958,-77.466231,6,2015;2016;2017;2018;2019;2020
78076099999,25.2666667,-76.3,2,2017;2018
78083099999,24.7,-77.7666667,2,2017;2018
78088012716,24.05,-74.533,1,2020
78095099999,23.1,-74.9666666,1,2018
78118099999,21.45,-71.15,6,2015;2016;2017;2018;2019;2020
78221099999,21.834689,-82.783819,6,2015;2016;2017;2018;2019;2020
78221599999,23.032778,-82.579444,5,2015;2016;2017;2018;2020
78224099999,22.989153,-82.409086,6,2015;2016;2017;2018;2019;2020
78229099999,23.034445,-81.435278,6,2015;2016;2017;2018;2019;2020
78239099999,22.5333333,-78.3666666,6,2015;2016;2017;2018;2019;2020
78243099999,22.4666666,-79.9833333,6,2015;2016;2017;2018;2019;2020
78244099999,22.15,-80.414167,6,2015;2016;2017;2018;2019;2020
78255099999,21.420278,-77.8475,6,2015;2016;2017;2018;2019;2020
78256099999,20.3333333,-77.1166666,5,2015;2016;2018;2019;2020
78256199999,22.460986,-78.328422,6,2015;2016;2017;2018;2019;2020
78259399999,20.396389,-76.621389,4,2016;2018;2019;2020
78262399999,20.785589,-76.315108,6,2015;2016;2017;2018;2019;2020
78262499999,22.969944,-82.274792,3,2015;2018;2019
78264099999,19.969769,-75.835414,6,2015;2016;2017;2018;2019;2020
78265099999,21.0666666,-75.6166666,4,2015;2016;2017;2018
78267099999,20.085278,-75.158333,3,2015;2016;2018
78268499999,20.653889,-74.922222,2,2016;2018
78310099999,21.8666666,-84.95,2,2015;2016
78312099999,22.6666666,-83.9666666,2,2015;2016
78313099999,22.1666666,-84.1,2,2015;2016
78314099999,22.2833333,-83.8333333,2,2015;2016
78315099999,22.4166666,-83.6833333,2,2015;2016
78316099999,22.7666666,-83.55,2,2015;2016
78317099999,22.55,-83.3,2,2015;2016
78318099999,22.9166666,-83.1666666,2,2015;2016
78319099999,22.8,-82.75,2,2015;2016
78320099999,22.7833333,-82.5166666,2,2015;2016
78321099999,21.7333333,-82.7666666,2,2015;2016
78322099999,22.7166666,-82.2833333,2,2015;2016
78323099999,22.85,-82.0333333,2,2015;2016
78324099999,21.55,-82.5333333,2,2015;2016
78325099999,23.1666666,-82.35,2,2015;2016
78326099999,23.0166666,-81.5166666,2,2015;2016
78327099999,22.7666666,-81.5333333,2,2015;2016
78328099999,22.871529,-82.509308,5,2015;2016;2017;2018;2020
78329099999,22.8166666,-81.0,2,2015;2016
78330099999,22.7833333,-81.1833333,2,2015;2016
78331099999,22.6333333,-81.2666666,2,2015;2016
78332099999,22.6833333,-80.9333333,2,2015;2016
78333099999,22.0666666,-81.0333333,2,2015;2016
78333499999,21.616453,-81.545989,6,2015;2016;2017;2018;2019;2020
78335099999,22.3833333,-80.85,2,2015;2016
78337099999,21.7833333,-79.9833333,2,2015;2016
78338099999,22.8166666,-80.0833333,2,2015;2016
78339099999,22.5166666,-78.45,2,2015;2016
78340099999,23.0333333,-81.9166666,2,2015;2016
78341099999,21.7166666,-79.2166666,2,2015;2016
78342099999,21.9166666,-80.0166666,2,2015;2016
78343099999,22.4333333,-79.9833333,2,2015;2016
78344099999,21.9166666,-80.1666666,2,2015;2016
78345099999,21.6166666,-78.85,2,2015;2016
78346099999,22.027053,-78.789617,2,2015;2016
78346599999,22.492192,-79.943611,6,2015;2016;2017;2018;2019;2020
78347099999,22.15,-78.75,2,2015;2016
78348099999,22.5166666,-79.45,2,2015;2016
78349099999,21.9333333,-79.45,2,2015;2016
78350099999,21.5166666,-78.2333333,2,2015;2016
78351099999,20.7166666,-78.0,2,2015;2016
78352099999,21.85,-78.1166666,2,2015;2016
78353099999,21.5333333,-77.25,2,2015;2016
78354099999,21.1333333,-77.3166666,2,2015;2016
78355099999,21.4,-77.85,2,2015;2016
78357099999,20.987642,-76.9358,2,2015;2016
78358099999,21.2,-76.6166666,2,2015;2016
78359099999,20.3333333,-77.1333333,2,2015;2016
78360099999,19.85,-77.2333333,2,2015;2016
78361099999,20.6666666,-76.9,2,2015;2016
78362099999,20.9333333,-76.5333333,2,2015;2016
78363099999,20.2833333,-76.25,2,2015;2016
78364099999,20.05,-75.8166666,2,2015;2016
78365099999,21.0666666,-75.6166666,2,2015;2016
78366099999,20.0333333,-75.6333333,2,2015;2016
78367011706,19.9,-75.15,6,2015;2016;2017;2018;2019;2020
78368099999,20.1333333,-75.2333333,2,2015;2016
78369099999,20.25,-74.15,2,2015;2016
78370099999,20.6666666,-75.7833333,2,2015;2016
78371099999,20.4833333,-75.8,2,2015;2016
78373099999,22.9666666,-82.3833333,2,2015;2016
78374099999,23.0166666,-82.1333333,2,2015;2016
78375099999,22.7666666,-82.1333333,2,2015;2016
78376099999,22.9666666,-82.5333333,2,2015;2016
78377099999,20.3166666,-76.8833333,2,2015;2016
78378099999,21.0833333,-76.3,2,2015;2016
78379099999,19.9166666,-77.4166666,1,2016
78383099999,19.6833333,-79.8833333,2,2015;2017
78384011813,19.3,-81.36667,6,2015;2016;2017;2018;2019;2020
78384199999,19.686981,-79.882789,6,2015;2016;2017;2018;2019;2020
78384299999,8.967,-79.55,6,2015;2016;2017;2018;2019;2020
78387099999,18.25,-78.3666666,4,2015;2016;2017;2018
78388099999,18.503717,-77.913358,6,2015;2016;2017;2018;2019;2020
78397099999,17.935667,-76.7875,6,2015;2016;2017;2018;2019;2020
78409099999,19.732989,-72.194739,6,2015;2016;2017;2018;2019;2020
78439099999,18.58005,-72.292542,6,2015;2016;2017;2018;2019;2020
78451099999,19.8833333,-71.65,6,2015;2016;2017;2018;2019;2020
78457099999,19.7579,-70.570033,6,2015;2016;2017;2018;2019;2020
78457599999,19.2666666,-69.75,6,2015;2016;2017;2018;2019;2020
78458099999,19.75,-70.55,6,2015;2016;2017;2018;2019;2020
78460099999,19.406092,-70.604689,6,2015;2016;2017;2018;2019;2020
78464099999,19.6333333,-69.8833333,6,2015;2016;2017;2018;2019;2020
78466099999,19.2,-69.45,6,2015;2016;2017;2018;2019;2020
78467099999,19.05,-69.3833333,6,2015;2016;2017;2018;2019;2020
78473099999,18.75,-69.6333333,6,2015;2016;2017;2018;2019;2020
78478599999,18.450711,-68.911833,6,2015;2016;2017;2018;2019;2020
78479099999,18.567367,-68.363431,6,2015;2016;2017;2018;2019;2020
78480099999,18.3333333,-71.85,6,2015;2016;2017;2018;2019;2020
78482099999,18.251464,-71.1204,6,2015;2016;2017;2018;2019;2020
78484099999,18.470064,-69.969419,6,2015;2016;2017;2018;2019;2020
78485099999,18.429664,-69.668925,6,2015;2016;2017;2018;2019;2020
78486099999,18.4333333,-69.8833333,6,2015;2016;2017;2018;2019;2020
78486599999,18.572511,-69.985608,6,2015;2016;2017;2018;2019;2020
78488099999,18.45,-68.92,6,2015;2016;2017;2018;2019;2020
78514011603,18.4977,-67.1294,6,2015;2016;2017;2018;2019;2020
78514511653,18.2538,-67.1486,3,2015;2016;2017
78520300398,18.0,-66.55,4,2015;2016;2017;2018
78526011641,18.4325,-66.0108,6,2015;2016;2017;2018;2019;2020
78526500494,18.45677,-66.09847,6,2015;2016;2017;2018;2019;2020
78535011630,18.2552,-65.6411,6,2015;2016;2017;2018;2019;2020
78543011640,18.3363,-64.98,6,2015;2016;2017;2018;2019;2020
78550099999,18.444834,-64.542975,6,2015;2016;2017;2018;2019;2020
78551011624,17.6997,-64.8125,6,2015;2016;2017;2018;2019;2020
78583099999,17.539144,-88.308203,6,2015;2016;2017;2018;2019;2020
78584099999,17.5166666,-88.2,1,2015
78615099999,16.9166667,-89.8833333,6,2015;2016;2017;2018;2019;2020
78627099999,15.3166667,-91.4666667,6,2015;2016;2017;2018;2019;2020
78631099999,15.468958,-90.406742,6,2015;2016;2017;2018;2019;2020
78631199999,16.913819,-89.866383,3,2015;2016;2018
78637099999,15.730878,-88.583767,6,2015;2016;2017;2018;2019;2020
78637299999,14.57,-89.35,6,2015;2016;2017;2018;2019;2020
78637499999,14.3,-91.9,3,2015;2018;2019
78637699999,16.9,-89.8666666,6,2015;2016;2017;2018;2019;2020
78639099999,14.521017,-91.697256,6,2015;2016;2017;2018;2019;2020
78641099999,14.583272,-90.527475,6,2015;2016;2017;2018;2019;2020
78644599999,14.9666667,-89.5333333,6,2015;2016;2017;2018;2019;2020
78647099999,13.936192,-90.835833,6,2015;2016;2017;2018;2019;2020
78647599999,14.86555,-91.501981,6,2015;2016;2017;2018;2019;2020
78650099999,13.5666667,-89.8333333,6,2015;2016;2017;2018;2019;2020
78655099999,13.97,-89.53,6,2015;2016;2017;2018;2019;2020
78663099999,13.699492,-89.119861,6,2015;2016;2017;2018;2019;2020
78666099999,13.440947,-89.055728,6,2015;2016;2017;2018;2019;2020
78670099999,13.43,-88.12,6,2015;2016;2017;2018;2019;2020
78672099999,13.3166666,-87.7833333,6,2015;2016;2017;2018;2019;2020
78700099999,13.2833333,-87.6666667,6,2015;2016;2017;2018;2019;2020
78701099999,16.4454,-85.906601,2,2015;2016
78703099999,16.316814,-86.522961,6,2015;2016;2017;2018;2019;2020
78704099999,15.93,-85.93,6,2015;2016;2017;2018;2019;2020
78705099999,15.742481,-86.853036,6,2015;2016;2017;2018;2019;2020
78706099999,15.775864,-87.475847,6,2015;2016;2017;2018;2019;2020
78707099999,15.1666667,-87.1166667,6,2015;2016;2017;2018;2019;2020
78708099999,15.452639,-87.923556,6,2015;2016;2017;2018;2019;2020
78711099999,15.260778,-83.781472,6,2015;2016;2017;2018;2019;2020
78714099999,14.9,-85.9333333,6,2015;2016;2017;2018;2019;2020
78717099999,14.7833333,-88.7833333,6,2015;2016;2017;2018;2019;2020
78718099999,14.4333333,-89.2,6,2015;2016;2017;2018;2019;2020
78719099999,14.3333333,-88.1666667,6,2015;2016;2017;2018;2019;2020
78720099999,14.060883,-87.217197,6,2015;2016;2017;2018;2019;2020
78721099999,14.382369,-87.621161,6,2015;2016;2017;2018;2019;2020
78724099999,13.3,-87.1833333,6,2015;2016;2017;2018;2019;2020
78730099999,14.047194,-83.386722,6,2015;2016;2017;2018;2019;2020
78733099999,11.4166667,-85.8333333,6,2015;2016;2017;2018;2019;2020
78734099999,13.0833333,-85.9833333,6,2015;2016;2017;2018;2019;2020
78735099999,12.1,-85.3666667,6,2015;2016;2017;2018;2019;2020
78739099999,12.6333333,-87.1333333,6,2015;2016;2017;2018;2019;2020
78741099999,12.141494,-86.168178,6,2015;2016;2017;2018;2019;2020
78742199999,21.773625,-72.265886,6,2015;2016;2017;2018;2019;2020
78744099999,11.1333333,-84.7833333,3,2015;2016;2017
78745099999,11.990961,-83.774086,6,2015;2016;2017;2018;2019;2020
78760099999,9.9666666,-84.8333333,1,2016
78762099999,9.993861,-84.208806,6,2015;2016;2017;2018;2019;2020
78764099999,9.957053,-84.139797,6,2015;2016;2017;2018;2019;2020
78767099999,9.957961,-83.022006,6,2015;2016;2017;2018;2019;2020
78774099999,10.593289,-85.544408,6,2015;2016;2017;2018;2019;2020
78783099999,9.356639,-79.867414,6,2015;2016;2017;2018;2019;2020
78788099999,9.5666666,-78.95,2,2016;2018
78788599999,8.6666666,-77.4166666,2,2015;2016
78792099999,9.071364,-79.383453,6,2015;2016;2017;2018;2019;2020
78793099999,8.391003,-82.434992,6,2015;2016;2017;2018;2019;2020
78793599999,9.340853,-82.250842,6,2015;2016;2017;2018;2019;2020
78794599999,9.458636,-82.516806,4,2015;2016;2018;2019
78795099999,8.085597,-80.945253,6,2015;2016;2017;2018;2019;2020
78795599999,8.9166666,-79.6,6,2015;2016;2017;2018;2019;2020
78795699999,7.987836,-80.409739,2,2015;2020
78795799999,8.3833333,-80.1333333,5,2016;2017;2018;2019;2020
78807999999,7.5166667,-78.15,1,2016
78825099999,10.3,-109.2166666,1,2016
78846099999,18.2,-63.05,6,2015;2016;2017;2018;2019;2020
78846199999,18.204834,-63.055084,6,2015;2016;2017;2018;2019;2020
78855099999,15.3,-61.4,2,2015;2017
78858099999,17.311194,-62.718667,6,2015;2016;2017;2018;2019;2020
78859099999,17.205678,-62.589869,6,2015;2016;2017;2018;2019;2020
78862099999,17.136749,-61.792667,6,2015;2016;2017;2018;2019;2020
78862599999,16.7833333,-62.1933,6,2015;2016;2017;2018;2019;2020
78866000399,18.04583,-63.11472,6,2015;2016;2017;2018;2019;2020
78873000400,17.49833,-62.98028,6,2015;2016;2017;2018;2019;2020
78897000401,16.267,-61.6,6,2015;2016;2017;2018;2019;2020
78905000402,15.533,-61.3,6,2015;2016;2017;2018;2019;2020
78906000403,15.333,-61.383,6,2015;2016;2017;2018;2019;2020
78922099999,14.7666666,-60.8833333,6,2015;2016;2017;2018;2019;2020
78925000404,14.6,-61.0,6,2015;2016;2017;2018;2019;2020
78947000405,14.017,-61.0,6,2015;2016;2017;2018;2019;2020
78948000406,13.75,-60.95,6,2015;2016;2017;2018;2019;2020
78950099999,12.699042,-61.342431,5,2015;2016;2017;2018;2019
78950599999,12.887947,-61.180161,2,2018;2019
78951000407,13.133,-61.2,5,2015;2016;2017;2018;2019
78954000408,13.067,-59.483,6,2015;2016;2017;2018;2019;2020
78958000409,12.0,-61.783,6,2015;2016;2017;2018;2019;2020
78961300410,11.15,-60.833,6,2015;2016;2017;2018;2019;2020
78970011634,10.58333,-61.35,6,2015;2016;2017;2018;2019;2020
78982000411,12.5,-70.017,6,2015;2016;2017;2018;2019;2020
78988000412,12.2,-68.967,6,2015;2016;2017;2018;2019;2020
78990000413,12.15,-68.283,6,2015;2016;2017;2018;2019;2020
80001099999,12.583594,-81.711192,6,2015;2016;2017;2018;2019;2020
80001199999,2.152175,-74.76635,3,2015;2016;2017
80002099999,13.356944,-81.35833,6,2015;2016;2017;2018;2019;2020
80009099999,11.11965,-74.230647,6,2015;2016;2017;2018;2019;2020
80022099999,10.442381,-75.512961,6,2015;2016;2017;2018;2019;2020
80028099999,10.889589,-74.780819,6,2015;2016;2017;2018;2019;2020
80035099999,11.526222,-72.925958,6,2015;2016;2017;2018;2019;2020
80036099999,10.435042,-73.249506,6,2015;2016;2017;2018;2019;2020
80063099999,8.823744,-75.825831,6,2015;2016;2017;2018;2019;2020
80084099999,7.811956,-76.716428,6,2015;2016;2017;2018;2019;2020
80091099999,7.024331,-73.8068,6,2015;2016;2017;2018;2019;2020
80094099999,7.1265,-73.184778,6,2015;2016;2017;2018;2019;2020
80097099999,7.927567,-72.511547,6,2015;2016;2017;2018;2019;2020
80099099999,7.068881,-70.736925,6,2015;2016;2017;2018;2019;2020
80110099999,6.219958,-75.590519,6,2015;2016;2017;2018;2019;2020
80112099999,6.164536,-75.423119,6,2015;2016;2017;2018;2019;2020
80139099999,6.184717,-67.493164,6,2015;2016;2017;2018;2019;2020
80144099999,5.690758,-76.641181,6,2015;2016;2017;2018;2019;2020
80149099999,5.029839,-75.464992,6,2015;2016;2017;2018;2019;2020
80154099999,5.217,-74.883,6,2015;2016;2017;2018;2019;2020
80158099999,5.25,-74.733,1,2020
80210099999,4.812675,-75.739519,6,2015;2016;2017;2018;2019;2020
80211099999,4.452775,-75.766447,6,2015;2016;2017;2018;2019;2020
80214099999,4.421608,-75.1333,6,2015;2016;2017;2018;2019;2020
80222099999,4.701594,-74.146947,6,2015;2016;2017;2018;2019;2020
80222299999,6.202917,-77.394675,6,2015;2016;2017;2018;2019;2020
80222399999,4.812333,-74.064919,6,2015;2016;2017;2018;2019;2020
80222599999,6.95,-71.85,6,2015;2016;2017;2018;2019;2020
80222699999,5.319114,-72.383975,6,2015;2016;2017;2018;2019;2020
80222799999,4.758181,-75.955753,6,2015;2016;2017;2018;2019;2020
80234099999,4.167875,-73.613761,6,2015;2016;2017;2018;2019;2020
80252099999,3.819628,-76.989767,5,2015;2016;2017;2018;2019
80259099999,3.543222,-76.381583,6,2015;2016;2017;2018;2019;2020
80308099999,2.4544,-76.609319,6,2015;2016;2017;2018;2019;2020
80315099999,2.950258,-75.294072,6,2015;2016;2017;2018;2019;2020
80322099999,2.579694,-72.639358,6,2015;2016;2017;2018;2019;2020
80342099999,1.392844,-77.290822,6,2015;2016;2017;2018;2019;2020
80354099999,1.6,-75.5333333,6,2015;2016;2017;2018;2019;2020
80361099999,1.253664,-70.233878,6,2015;2016;2017;2018;2019;2020
80370099999,0.861925,-77.671764,6,2015;2016;2017;2018;2019;2020
80372099999,0.505228,-76.500836,6,2015;2016;2017;2018;2019;2020
80398099999,-4.193175,-69.942658,6,2015;2016;2017;2018;2019;2020
80400099999,15.7,-63.6333333,2,2019;2020
80402599999,9.372167,-66.922989,4,2015;2016;2017;2018
80403099999,11.414944,-69.6809,4,2015;2016;2017;2018
80404399999,11.780775,-70.151497,4,2015;2016;2017;2019
80405099999,11.808822,-66.179214,4,2015;2016;2018;2020
80407099999,10.558208,-71.727856,6,2015;2016;2017;2018;2019;2020
80410099999,10.042747,-69.358619,6,2015;2016;2017;2018;2019;2020
80410399999,10.278728,-68.755211,3,2015;2016;2017
80410599999,6.231989,-62.854433,1,2015
80412099999,10.4805,-68.073025,4,2015;2016;2018;2019
80413099999,10.249978,-67.649419,6,2015;2016;2017;2018;2019;2020
80414399999,10.286589,-66.816219,2,2019;2020
80415099999,10.603117,-66.990583,6,2015;2016;2017;2018;2019;2020
80416099999,10.485033,-66.843517,6,2015;2016;2017;2018;2019;2020
80419099999,10.107139,-64.689161,6,2015;2016;2017;2018;2019;2020
80420099999,10.450333,-64.130472,4,2015;2016;2018;2019
80421099999,10.9166666,-63.9666666,5,2015;2016;2018;2019;2020
80421499999,10.912603,-63.9666,6,2015;2016;2017;2018;2019;2020
80423099999,10.574078,-62.312667,3,2015;2016;2018
80425099999,9.8166667,-70.9333333,4,2015;2016;2017;2018
80426099999,9.340478,-70.584058,4,2015;2016;2017;2018
80427099999,9.553375,-69.237872,4,2015;2016;2017;2018
80428099999,9.026944,-69.75515,6,2015;2016;2017;2018;2019;2020
80431099999,9.906953,-67.379639,5,2015;2016;2018;2019;2020
80432099999,9.4166666,-66.9166666,3,2015;2016;2018
80434099999,9.222028,-65.993583,4,2015;2016;2017;2018
80435099999,9.749325,-63.152781,4,2015;2016;2017;2018
80437099999,8.6333333,-71.65,3,2015;2016;2018
80438099999,8.582294,-71.161186,4,2015;2016;2017;2018
80440099999,8.619575,-70.220825,5,2015;2016;2017;2018;2020
80440399999,8.6241,-71.672819,6,2015;2016;2017;2018;2019;2020
80441399999,8.945147,-64.151083,1,2015
80442099999,8.924656,-67.417094,3,2015;2016;2018
80444099999,8.122161,-63.537425,3,2015;2016;2018
80445399999,8.239167,-72.271028,4,2015;2016;2017;2020
80446399999,8.288528,-62.760361,2,2015;2016
80447099999,7.840831,-72.439742,6,2015;2016;2017;2018;2019;2020
80448099999,7.211081,-70.75645,5,2015;2016;2017;2018;2020
80450099999,7.882764,-67.443883,4,2015;2016;2017;2019
80457099999,5.619992,-67.606103,6,2015;2016;2017;2018;2019;2020
80462099999,4.554722,-61.144922,3,2015;2016;2018
80465399999,7.801317,-72.202847,3,2015;2016;2017
80472099999,10.149733,-67.9284,6,2015;2016;2017;2018;2019;2020
80475099999,7.565111,-72.035125,3,2015;2016;2018
80476099999,10.5166666,-71.65,2,2015;2016
80477399999,8.974425,-71.943014,2,2015;2016
80478099999,9.0166667,-62.6166667,1,2015
80479099999,10.3,-68.2333333,1,2015
81001099999,6.8,-58.15,6,2015;2016;2017;2018;2019;2020
81002010502,6.5,-58.25,6,2015;2016;2017;2018;2019;2020
81003099999,6.8166666,-58.1166666,6,2015;2016;2017;2018;2019;2020
81005099999,5.8833333,-60.5,6,2015;2016;2017;2018;2019;2020
81006099999,3.3666666,-59.8,6,2015;2016;2017;2018;2019;2020
81010099999,5.5666666,-57.7833333,3,2015;2016;2017
81058099999,6.25,-57.3,6,2015;2016;2017;2018;2019;2020
81080099999,5.1833333,-59.5,4,2015;2016;2017;2018
81100099999,8.2,-59.7833333,6,2015;2016;2017;2018;2019;2020
81200099999,5.811083,-55.190744,6,2015;2016;2017;2018;2019;2020
81202099999,5.95,-57.03,6,2015;2016;2017;2018;2019;2020
81209099999,4.35,-54.4166666,5,2015;2016;2017;2018;2019
81225099999,5.452831,-55.187783,6,2015;2016;2017;2018;2019;2020
81401099999,5.5,-54.0333333,6,2015;2016;2017;2018;2019;2020
81405099999,4.819808,-52.360447,6,2015;2016;2017;2018;2019;2020
81408099999,3.8833333,-51.8,6,2015;2016;2017;2018;2019;2020
81415099999,3.6333333,-54.0333333,6,2015;2016;2017;2018;2019;2020
81609099999,3.8136111,-51.8625,4,2016;2017;2018;2019
81615099999,2.8047222,-60.6466667,5,2016;2017;2018;2019;2020
81628099999,1.4966666,-50.9166667,3,2016;2017;2018
81648099999,-0.9833333,-62.9166666,5,2016;2017;2018;2019;2020
81658099999,-0.8166666,-48.5166666,5,2016;2017;2018;2019;2020
81660099999,-0.6166666,-47.35,5,2016;2017;2018;2019;2020
81680099999,-1.4166666,-48.4333333,5,2016;2017;2018;2019;2020
81682099999,-1.3,-47.95,5,2016;2017;2018;2019;2020
81685099999,-1.05,-46.7833333,5,2016;2017;2018;2019;2020
81687099999,-1.6666666,-45.3666666,5,2016;2017;2018;2019;2020
81699099999,-2.0563888,-60.0255556,5,2016;2017;2018;2019;2020
81700099999,-2.4333333,-59.5666666,5,2016;2017;2018;2019;2020
81702099999,-2.5333333,-57.75,5,2016;2017;2018;2019;2020
81703099999,-2.6388888,-56.7561111,5,2016;2017;2018;2019;2020
81710099999,-2.25,-49.5,4,2016;2017;2018;2019
81711099999,-2.6,-48.3666666,5,2016;2017;2018;2019;2020
81715099999,-2.5333333,-44.2166666,5,2016;2017;2018;2019;2020
81716099999,-2.2666666,-43.6166666,4,2016;2017;2018;2019
81717099999,-2.5925,-42.7072222,6,2015;2016;2017;2018;2019;2020
81729099999,-3.3,-60.6333333,5,2016;2017;2018;2019;2020
81730099999,-3.1333333,-59.95,5,2016;2017;2018;2019;2020
81732099999,-3.5830555,-59.1294444,5,2016;2017;2018;2019;2020
81733099999,-3.1333333,-58.4833333,5,2016;2017;2018;2019;2020
81734099999,-3.4,-57.6666666,5,2016;2017;2018;2019;2020
81737099999,-3.8666666,-54.2166666,5,2016;2017;2018;2019;2020
81739099999,-3.5166666,-52.9666666,5,2016;2017;2018;2019;2020
81742099999,-3.85,-50.6333333,4,2016;2017;2018;2019
81743099999,-3.8166666,-49.6833333,5,2016;2017;2018;2019;2020
81745099999,-3.0166666,-47.35,5,2016;2017;2018;2019;2020
81749099999,-3.75,-43.35,5,2016;2017;2018;2019;2020
81751099999,-3.9,-42.2666666,3,2016;2017;2018
81752099999,-3.0666666,-41.7833333,5,2016;2017;2018;2019;2020
81754099999,-3.75,-40.35,5,2016;2017;2018;2019;2020
81755099999,-3.1166666,-40.0833333,5,2016;2017;2018;2019;2020
81756099999,-3.4833333,-39.5833333,4,2016;2017;2018;2019
81758099999,-3.8,-38.5333333,5,2016;2017;2018;2019;2020
81770099999,-4.1,-63.15,5,2016;2017;2018;2019;2020
81774099999,-6.8355555,-38.3113889,5,2016;2017;2018;2019;2020
81778099999,-4.2833333,-56.0,5,2016;2017;2018;2019;2020
81784099999,-4.25,-49.9333333,5,2016;2017;2018;2019;2020
81786099999,-4.7833333,-48.0666666,5,2016;2017;2018;2019;2020
81788099999,-4.3166666,-46.45,5,2016;2017;2018;2019;2020
81790099999,-4.25,-44.8,5,2016;2017;2018;2019;2020
81792099999,-4.8166666,-43.35,5,2016;2017;2018;2019;2020
81794099999,-4.2833333,-41.8,5,2016;2017;2018;2019;2020
81797099999,-4.2666666,-38.9333333,5,2016;2017;2018;2019;2020
81798099999,-4.7833333,-37.7833333,5,2016;2017;2018;2019;2020
81820099999,-5.1666666,-49.3833333,5,2016;2017;2018;2019;2020
81821099999,-5.65,-48.1166666,5,2016;2017;2018;2019;2020
81822099999,-5.55,-47.4666666,5,2016;2017;2018;2019;2020
81823099999,-5.8166666,-46.1666666,5,2016;2017;2018;2019;2020
81825099999,-5.5,-45.2333333,5,2016;2017;2018;2019;2020
81827099999,-5.0333333,-42.8,5,2016;2017;2018;2019;2020
81828099999,-5.9166666,-42.7166666,4,2016;2017;2018;2019
81829099999,-5.35,-41.5166666,4,2016;2017;2018;2019
81830099999,-5.1861111,-40.6716667,5,2016;2017;2018;2019;2020
81831099999,-5.1666666,-39.2833333,5,2016;2017;2018;2019;2020
81832099999,-5.1333333,-38.35,5,2016;2017;2018;2019;2020
81833099999,-5.9052777,-38.6277778,5,2016;2017;2018;2019;2020
81834099999,-5.0833333,-37.3666666,5,2016;2017;2018;2019;2020
81835099999,-5.6272222,-37.8319444,5,2016;2017;2018;2019;2020
81836099999,-5.1166666,-36.7166666,5,2016;2017;2018;2019;2020
81838099999,-5.1666666,-35.4833333,4,2016;2017;2018;2019
81839099999,-5.8333333,-35.2,5,2016;2017;2018;2019;2020
81846099999,-8.45,-43.8666666,4,2016;2017;2018;2019
81847099999,-8.1166666,-42.9833333,4,2016;2017;2018;2019
81848099999,-8.3647222,-42.2508333,5,2016;2017;2018;2019;2020
81860099999,-6.0833333,-50.15,4,2016;2017;2018;2019
81863099999,-6.65,-47.4166666,5,2016;2017;2018;2019;2020
81866099999,-6.0333333,-44.2333333,5,2016;2017;2018;2019;2020
81868099999,-6.7666666,-43.0166666,5,2016;2017;2018;2019;2020
81869099999,-6.9666666,-42.15,5,2016;2017;2018;2019;2020
81870099999,-6.4,-41.7333333,5,2016;2017;2018;2019;2020
81872099999,-6.0166666,-40.2833333,5,2016;2017;2018;2019;2020
81873099999,-6.4,-39.2666666,5,2016;2017;2018;2019;2020
81875099999,-6.4666666,-37.0833333,5,2016;2017;2018;2019;2020
81876099999,-6.2333333,-36.0333333,4,2016;2017;2018;2019
81877099999,-6.9666666,-35.6833333,5,2016;2017;2018;2019;2020
81878099999,-6.6166666,-35.1333333,4,2016;2017;2018;2019
81888099999,-7.2666666,-64.7833333,5,2016;2017;2018;2019;2020
81890099999,-7.55,-63.0666666,5,2016;2017;2018;2019;2020
81893099999,-7.2,-59.8833333,5,2016;2017;2018;2019;2020
81900099999,-7.2666666,-48.2,5,2016;2017;2018;2019;2020
81901099999,-7.3333333,-47.4666666,5,2016;2017;2018;2019;2020
81903099999,-7.45,-46.0333333,5,2016;2017;2018;2019;2020
81905099999,-7.4666666,-44.35,5,2016;2017;2018;2019;2020
81908099999,-7.0708333,-41.4041667,5,2016;2017;2018;2019;2020
81909099999,-7.0833333,-40.3666666,6,2015;2016;2017;2018;2019;2020
81910099999,-7.5333333,-40.0333333,5,2016;2017;2018;2019;2020
81911099999,-7.3,-39.2666666,5,2016;2017;2018;2019;2020
81912099999,-7.95,-38.3,5,2016;2017;2018;2019;2020
81913099999,-7.0833333,-37.2666666,5,2016;2017;2018;2019;2020
81914099999,-7.9,-37.1166666,5,2016;2017;2018;2019;2020
81915099999,-7.4833333,-36.2833333,5,2016;2017;2018;2019;2020
81916099999,-7.2333333,-35.9,5,2016;2017;2018;2019;2020
81917099999,-7.85,-35.7833333,5,2016;2017;2018;2019;2020
81918099999,-7.15,-34.85,5,2016;2017;2018;2019;2020
81921099999,-8.2666666,-72.75,5,2016;2017;2018;2019;2020
81922099999,-8.95,-72.786667,4,2016;2017;2018;2019
81924099999,-8.1419444,-70.3430556,5,2016;2017;2018;2019;2020
81927099999,-8.7766666,-67.3322222,5,2016;2017;2018;2019;2020
81932099999,-8.8,-63.85,4,2016;2017;2018;2019
81940099999,-8.2833333,-49.2666666,4,2016;2017;2018;2019
81941099999,-8.9666666,-48.1833333,5,2016;2017;2018;2019;2020
81950099999,-8.1333333,-41.15,5,2016;2017;2018;2019;2020
81951099999,-8.5,-39.3166666,5,2016;2017;2018;2019;2020
81953099999,-8.4333333,-37.0833333,5,2016;2017;2018;2019;2020
81954099999,-8.5166666,-37.7166666,5,2016;2017;2018;2019;2020
81955099999,-8.9,-36.5,5,2016;2017;2018;2019;2020
81956099999,-8.2333333,-35.9833333,5,2016;2017;2018;2019;2020
81957099999,-8.6666666,-35.5666666,5,2016;2017;2018;2019;2020
81958099999,-8.05,-34.95,5,2016;2017;2018;2019;2020
81963099999,-9.3666666,-69.9333333,4,2016;2017;2018;2019
81965099999,-9.95,-68.1666666,5,2016;2017;2018;2019;2020
81970099999,-9.95,-62.9666666,5,2016;2017;2018;2019;2020
81975099999,-9.9,-58.5666666,5,2016;2017;2018;2019;2020
81976099999,-9.5666666,-57.4,5,2016;2017;2018;2019;2020
81977099999,-10.0666666,-56.75,5,2016;2017;2018;2019;2020
81978099999,-9.9666666,-55.8333333,5,2016;2017;2018;2019;2020
81979099999,-9.95,-54.8833333,4,2016;2017;2018;2019
81982099999,-9.3333333,-50.35,5,2016;2017;2018;2019;2020
81985099999,-9.1,-45.9333333,5,2016;2017;2018;2019;2020
81986099999,-9.8666666,-45.35,5,2016;2017;2018;2019;2020
81987099999,-9.0833333,-44.3333333,5,2016;2017;2018;2019;2020
81988099999,-9.2833333,-43.3166666,5,2016;2017;2018;2019;2020
81989099999,-9.0333333,-42.7,5,2016;2017;2018;2019;2020
81990099999,-9.6166666,-42.0833333,5,2016;2017;2018;2019;2020
81991099999,-9.3833333,-40.8,5,2016;2017;2018;2019;2020
81992099999,-9.8333333,-39.5,5,2016;2017;2018;2019;2020
81993099999,-9.3666666,-38.2166666,3,2016;2017;2018
81994099999,-9.7666666,-37.45,5,2016;2017;2018;2019;2020
81995099999,-9.4166666,-36.6166666,5,2016;2017;2018;2019;2020
81996099999,-9.8,-36.6166666,6,2015;2016;2017;2018;2019;2020
81997099999,-9.2833333,-35.5666666,5,2016;2017;2018;2019;2020
81998099999,-9.55,-35.7666666,5,2016;2017;2018;2019;2020
82017099999,3.855486,-51.796867,6,2015;2016;2017;2018;2019;2020
82022099999,2.846311,-60.690069,6,2015;2016;2017;2018;2019;2020
82024099999,2.8166666,-60.65,1,2020
82030599999,-22.196892,-49.9264,6,2015;2016;2017;2018;2019;2020
82030699999,-28.281683,-54.169139,5,2016;2017;2018;2019;2020
82042099999,1.8333333,-61.1333333,6,2015;2016;2017;2018;2019;2020
82067099999,0.6075,-69.185837,1,2015
82091099999,-0.889839,-52.60225,6,2015;2016;2017;2018;2019;2020
82096099999,0.5166666,-50.4166666,1,2020
82098099999,0.050664,-51.072178,6,2015;2016;2017;2018;2019;2020
82099099999,0.05,-51.0666666,1,2020
82100099999,-0.1666666,-69.9666666,1,2015
82107099999,-0.1166666,-66.9666666,6,2015;2016;2017;2018;2019;2020
82108099999,-15.355244,-38.999011,6,2015;2016;2017;2018;2019;2020
82111099999,-3.038611,-60.049721,6,2015;2016;2017;2018;2019;2020
82113099999,-0.981292,-62.919644,6,2015;2016;2017;2018;2019;2020
82141099999,-0.7166666,-48.55,6,2015;2016;2017;2018;2019;2020
82143099999,-0.6166666,-47.3833333,6,2015;2016;2017;2018;2019;2020
82145099999,-1.0833333,-46.9333333,6,2015;2016;2017;2018;2019;2020
82178099999,-1.9166666,-55.5166666,1,2020
82181099999,-2.0,-54.0833333,6,2015;2016;2017;2018;2019;2020
82184099999,-1.7333333,-52.2333333,6,2015;2016;2017;2018;2019;2020
82188099999,-1.6666667,-50.4833333,1,2020
82191099999,-1.45,-48.4666666,1,2020
82193099999,-1.37925,-48.476292,6,2015;2016;2017;2018;2019;2020
82198099999,-1.7166666,-45.4,6,2015;2016;2017;2018;2019;2020
82212099999,-2.5333333,-66.1666666,6,2015;2016;2017;2018;2019;2020
82240099999,-2.6333333,-56.7333333,2,2015;2016
82244099999,-2.422431,-54.792789,6,2015;2016;2017;2018;2019;2020
82246099999,-2.6333333,-54.95,6,2015;2016;2017;2018;2019;2020
82263099999,-2.25,-49.5,1,2020
82280099999,-2.5333333,-44.3,1,2020
82281099999,-2.585361,-44.234139,6,2015;2016;2017;2018;2019;2020
82287099999,-3.0833333,-41.7833333,4,2015;2016;2017;2018
82288099999,-2.893747,-41.731961,6,2015;2016;2017;2018;2019;2020
82317099999,-3.382944,-64.724056,6,2015;2016;2017;2018;2019;2020
82326099999,-3.8333333,-62.0833333,2,2019;2020
82331099999,-3.1333333,-60.0166666,1,2020
82332099999,-3.146042,-59.9863,6,2015;2016;2017;2018;2019;2020
82333099999,-3.0333333,-60.05,1,2020
82336099999,-3.127256,-58.481186,6,2015;2016;2017;2018;2019;2020
82336699999,-10.291525,-48.356972,6,2015;2016;2017;2018;2019;2020
82353099999,-3.253906,-52.253978,6,2015;2016;2017;2018;2019;2020
82361099999,-3.786008,-49.720267,6,2015;2016;2017;2018;2019;2020
82376099999,-3.7166666,-45.5333333,1,2020
82382099999,-3.7333333,-43.35,1,2020
82392099999,-3.7,-40.35,6,2015;2016;2017;2018;2019;2020
82398099999,-3.776283,-38.532556,6,2015;2016;2017;2018;2019;2020
82400099999,-3.854928,-32.423336,6,2015;2016;2017;2018;2019;2020
82410099999,-4.3833333,-70.0333333,6,2015;2016;2017;2018;2019;2020
82411099999,-4.255669,-69.935828,6,2015;2016;2017;2018;2019;2020
82425099999,-4.0833333,-63.1333333,2,2015;2016
82444099999,-4.242342,-56.000669,6,2015;2016;2017;2018;2019;2020
82445099999,-4.2666666,-55.9833333,6,2015;2016;2017;2018;2019;2020
82460099999,-4.25,-44.7833333,6,2015;2016;2017;2018;2019;2020
82476099999,-4.8666666,-43.35,6,2015;2016;2017;2018;2019;2020
82480099999,-4.2666666,-41.7833333,1,2020
82533099999,-5.811381,-61.278319,6,2015;2016;2017;2018;2019;2020
82562099999,-5.368589,-49.138025,6,2015;2016;2017;2018;2019;2020
82564099999,-5.531292,-47.46005,6,2015;2016;2017;2018;2019;2020
82567099999,-6.117806,-50.003472,6,2015;2016;2017;2018;2019;2020
82571099999,-5.5,-45.2666666,6,2015;2016;2017;2018;2019;2020
82578099999,-5.0833333,-42.8166666,1,2020
82579099999,-5.059942,-42.823478,6,2015;2016;2017;2018;2019;2020
82583099999,-5.1666666,-40.6666666,4,2015;2016;2017;2018
82586099999,-5.2,-39.3,6,2015;2016;2017;2018;2019;2020
82588099999,-5.0833333,-38.3833333,1,2020
82590099999,-5.65,-37.8,1,2020
82591099999,-5.201919,-37.364347,6,2015;2016;2017;2018;2019;2020
82594099999,-5.1166666,-36.6333333,4,2015;2016;2017;2018
82595099999,-5.1666666,-35.4833333,2,2017;2020
82598099999,-5.7666666,-35.2,1,2019
82599099999,-5.911417,-35.247717,6,2015;2016;2017;2018;2019;2020
82599199999,-26.879999,-48.65139,6,2015;2016;2017;2018;2019;2020
82610099999,-6.6666666,-69.8666666,6,2015;2016;2017;2018;2019;2020
82640099999,-6.233156,-57.776869,6,2015;2016;2017;2018;2019;2020
82659099999,-7.2,-48.2,1,2020
82668099999,-6.6333333,-51.9833333,1,2020
82676099999,-6.0333333,-44.2333333,1,2020
82678099999,-6.7666666,-43.0166666,6,2015;2016;2017;2018;2019;2020
82683099999,-6.0,-40.4166666,6,2015;2016;2017;2018;2019;2020
82686099999,-6.3666666,-39.3,1,2020
82689099999,-6.75,-38.2166666,1,2020
82690099999,-6.4666666,-37.0833333,1,2020
82693099999,-6.4333333,-36.5833333,1,2020
82704099999,-7.599906,-72.769489,6,2015;2016;2017;2018;2019;2020
82723099999,-7.25,-64.8333333,6,2015;2016;2017;2018;2019;2020
82753099999,-7.9,-40.05,1,2020
82764099999,-7.320444,-47.458667,6,2015;2016;2017;2018;2019;2020
82765099999,-7.3333333,-47.4666666,6,2015;2016;2017;2018;2019;2020
82768099999,-7.5166666,-46.05,1,2020
82780099999,-7.0666666,-41.4833333,6,2015;2016;2017;2018;2019;2020
82784099999,-7.3166666,-39.3,6,2015;2016;2017;2018;2019;2020
82789099999,-7.85,-38.1333333,4,2015;2016;2017;2018
82791099999,-7.0166666,-37.2666666,6,2015;2016;2017;2018;2019;2020
82792099999,-7.8833333,-37.0666666,1,2020
82795099999,-7.269917,-35.896364,6,2015;2016;2017;2018;2019;2020
82797099999,-7.8333333,-35.7166666,1,2020
82798099999,-7.1,-34.8666666,6,2015;2016;2017;2018;2019;2020
82798199999,-26.224453,-48.797364,6,2015;2016;2017;2018;2019;2020
82808099999,-8.155256,-70.783269,6,2015;2016;2017;2018;2019;2020
82824099999,-8.709294,-63.902281,6,2015;2016;2017;2018;2019;2020
82861099999,-8.348347,-49.301528,6,2015;2016;2017;2018;2019;2020
82863099999,-8.9666666,-48.1833333,6,2015;2016;2017;2018;2019;2020
82879099999,-8.35,-42.25,6,2015;2016;2017;2018;2019;2020
82886099999,-8.5166666,-39.3333333,1,2020
82890099999,-8.4166666,-37.0833333,1,2020
82893099999,-8.8833333,-36.5166666,6,2015;2016;2017;2018;2019;2020
82895099999,-8.2833333,-35.9666666,1,2018
82899099999,-8.126486,-34.923592,6,2015;2016;2017;2018;2019;2020
82900099999,-8.05,-34.9166666,1,2020
82915099999,-9.9666666,-67.8,1,2020
82917099999,-9.869158,-67.894072,6,2015;2016;2017;2018;2019;2020
82930099999,-9.333936,-54.965422,6,2015;2016;2017;2018;2019;2020
82965099999,-9.866092,-56.106206,6,2015;2016;2017;2018;2019;2020
82970099999,-9.1166666,-45.95,1,2020
82975099999,-9.0666666,-44.3666666,1,2020
82976099999,-9.2833333,-43.3333333,1,2020
82979099999,-9.6333333,-42.1,6,2015;2016;2017;2018;2019;2020
82983099999,-9.3833333,-40.4833333,6,2015;2016;2017;2018;2019;2020
82984099999,-9.362411,-40.569097,6,2015;2016;2017;2018;2019;2020
82986099999,-9.400878,-38.250575,6,2015;2016;2017;2018;2019;2020
82990099999,-9.75,-37.4333333,1,2020
82992099999,-9.45,-36.7,1,2020
82993099999,-9.510808,-35.791678,6,2015;2016;2017;2018;2019;2020
82994099999,-9.6666666,-35.7,1,2020
82996099999,-9.1833333,-35.4333333,1,2020
83011099999,-25.4,-49.2333333,1,2020
83033099999,-10.1833333,-48.3,1,2020
83063099999,-10.719417,-48.399736,1,2015
83064099999,-10.7166666,-48.5833333,6,2015;2016;2017;2018;2019;2020
83065099999,-10.2833333,-48.35,2,2015;2020
83075099999,-23.432075,-46.469511,6,2015;2016;2017;2018;2019;2020
83076099999,-11.0166666,-44.5166666,1,2020
83090099999,-10.4333333,-39.3,1,2019
83095099999,-10.984,-37.070333,6,2015;2016;2017;2018;2019;2020
83096099999,-10.9166666,-37.05,6,2015;2016;2017;2018;2019;2020
83097099999,-10.2,-36.8666666,1,2020
83103099999,-21.7,-41.3,1,2020
83111099999,-22.983,-43.367,6,2015;2016;2017;2018;2019;2020
83115099999,-22.9333333,-43.7166666,1,2020
83117099999,-23.0666666,-43.15,6,2015;2016;2017;2018;2019;2020
83179099999,-11.0833333,-43.1666666,6,2015;2016;2017;2018;2019;2020
83182099999,-11.3,-41.8666666,1,2020
83184099999,-11.2166666,-41.2166666,1,2020
83186099999,-11.1833333,-40.4666666,6,2015;2016;2017;2018;2019;2020
83192099999,-11.0833333,-38.5166666,6,2015;2016;2017;2018;2019;2020
83195099999,-11.1166666,-37.8166666,2,2016;2020
83208099999,-12.694375,-60.098269,6,2015;2016;2017;2018;2019;2020
83214099999,-10.25,-54.9166666,1,2020
83222099999,-12.6666666,-39.0833333,1,2020
83228099999,-12.05,-48.5333333,6,2015;2016;2017;2018;2019;2020
83229099999,-13.0166666,-38.5166666,1,2020
83231599999,-12.482289,-41.276969,6,2015;2016;2017;2018;2019;2020
83235099999,-12.4,-46.4333333,6,2015;2016;2017;2018;2019;2020
83236099999,-12.15,-45.0,6,2015;2016;2017;2018;2019;2020
83242099999,-12.5666666,-41.3833333,6,2015;2016;2017;2018;2019;2020
83244099999,-12.55,-40.4333333,1,2018
83248099999,-12.910994,-38.331044,6,2015;2016;2017;2018;2019;2020
83264099999,-12.2,-56.5,1,2016
83270099999,-13.5,-52.5,6,2015;2016;2017;2018;2019;2020
83288099999,-13.262086,-43.408114,6,2015;2016;2017;2018;2019;2020
83292099999,-13.8166666,-41.3,1,2020
83309099999,-14.4,-56.45,6,2015;2016;2017;2018;2019;2020
83319099999,-14.7,-52.35,6,2015;2016;2017;2018;2019;2020
83332099999,-14.1,-46.3666666,6,2015;2016;2017;2018;2019;2020
83334099999,-14.9333333,-46.25,1,2020
83339099999,-14.05,-42.6166666,5,2015;2016;2017;2018;2019
83344099999,-14.862761,-40.863106,6,2015;2016;2017;2018;2019;2020
83349099999,-14.815964,-39.033197,6,2015;2016;2017;2018;2019;2020
83358099999,-15.8333333,-54.3833333,6,2015;2016;2017;2018;2019;2020
83359099999,-15.861344,-52.388894,6,2015;2016;2017;2018;2019;2020
83361099999,-15.55,-56.1166666,1,2020
83362099999,-15.652931,-56.116719,6,2015;2016;2017;2018;2019;2020
83363099999,-15.8166666,-55.4166666,1,2020
83364099999,-15.7833333,-56.0666666,1,2020
83368099999,-15.9,-52.2333333,6,2015;2016;2017;2018;2019;2020
83374099999,-15.9166666,-50.1333333,3,2015;2016;2017
83376099999,-15.85,-48.9666666,1,2020
83377099999,-15.7833333,-47.9333333,1,2020
83378099999,-15.862583,-47.912666,6,2015;2016;2017;2018;2019;2020
83379099999,-15.5333333,-47.3333333,1,2020
83384099999,-15.9,-46.05,6,2015;2016;2017;2018;2019;2020
83386099999,-15.4333333,-44.3666666,6,2015;2016;2017;2018;2019;2020
83388099999,-15.0833333,-42.75,2,2015;2016
83393099999,-16.0,-41.2833333,6,2015;2016;2017;2018;2019;2020
83398099999,-15.6666666,-38.95,2,2016;2020
83405099999,-16.05,-57.6833333,1,2016
83408099999,-14.1666666,-43.9166666,1,2019
83419099999,-16.229153,-48.964267,6,2015;2016;2017;2018;2019;2020
83423099999,-16.6666666,-49.25,6,2015;2016;2017;2018;2019;2020
83424099999,-16.632033,-49.220686,6,2015;2016;2017;2018;2019;2020
83428099999,-16.3666666,-46.55,1,2020
83437099999,-16.706925,-43.8189,6,2015;2016;2017;2018;2019;2020
83441099999,-16.1833333,-42.2833333,1,2020
83442099999,-16.8666666,-42.0666666,6,2015;2016;2017;2018;2019;2020
83446099999,-16.7333333,-39.55,1,2020
83460099999,-16.438639,-39.080917,6,2015;2016;2017;2018;2019;2020
83464099999,-17.8833333,-51.7166666,1,2020
83470099999,-17.9166666,-50.9166666,6,2015;2016;2017;2018;2019;2020
83479099999,-17.2166666,-46.8666666,6,2015;2016;2017;2018;2019;2020
83483099999,-17.3333333,-44.95,5,2015;2016;2017;2018;2019
83488099999,-17.85,-42.85,1,2020
83497099999,-17.652283,-39.253069,2,2016;2017
83498099999,-17.7333333,-39.25,6,2015;2016;2017;2018;2019;2020
83499099999,-17.9666666,-38.7,2,2016;2020
83521099999,-18.9666666,-49.5166666,1,2020
83522099999,-17.7166666,-48.1666666,1,2020
83525099999,-18.8833333,-48.22,6,2015;2016;2017;2018;2019;2020
83526099999,-18.1833333,-47.95,6,2015;2016;2017;2018;2019;2020
83531099999,-18.6,-46.5166666,4,2015;2016;2017;2018
83538099999,-18.25,-43.6,6,2015;2016;2017;2018;2019;2020
83550099999,-18.7,-39.85,6,2015;2016;2017;2018;2019;2020
83552099999,-19.011931,-57.673053,6,2015;2016;2017;2018;2019;2020
83554099999,-19.0,-57.6666666,1,2020
83565099999,-19.7,-51.1833333,6,2015;2016;2017;2018;2019;2020
83566099999,-19.6166667,-43.9666667,6,2015;2016;2017;2018;2019;2020
83576099999,-19.765,-47.964778,6,2015;2016;2017;2018;2019;2020
83579099999,-19.5666666,-46.9333333,6,2015;2016;2017;2018;2019;2020
83582099999,-20.0,-45.9833333,4,2015;2016;2017;2018
83583099999,-19.851181,-43.950628,6,2015;2016;2017;2018;2019;2020
83587099999,-19.63375,-43.968856,6,2015;2016;2017;2018;2019;2020
83588099999,-19.65,-43.8833333,6,2015;2016;2017;2018;2019;2020
83589099999,-19.0333333,-43.4333333,1,2020
83592099999,-19.8,-42.15,6,2015;2016;2017;2018;2019;2020
83599099999,-24.05,-46.2666666,4,2015;2016;2017;2018
83612099999,-20.468667,-54.6725,6,2015;2016;2017;2018;2019;2020
83616099999,-22.1666666,-51.4166666,1,2020
83623099999,-20.4166666,-49.9833333,6,2015;2016;2017;2018;2019;2020
83630099999,-20.55,-47.4333333,6,2015;2016;2017;2018;2019;2020
83631099999,-20.9166666,-47.1166666,4,2016;2017;2018;2019
83635099999,-20.1666666,-44.8666666,1,2020
83639099999,-20.5166666,-41.8666666,1,2020
83644099999,-21.843014,-46.567917,6,2015;2016;2017;2018;2019;2020
83648099999,-20.3166666,-40.3333333,3,2016;2017;2020
83649099999,-20.258056,-40.286389,6,2015;2016;2017;2018;2019;2020
83650099999,-20.5,-29.3166666,6,2015;2016;2017;2018;2019;2020
83652099999,-21.134167,-47.774189,6,2015;2016;2017;2018;2019;2020
83669099999,-21.4833333,-47.55,1,2020
83671099999,-21.984561,-47.334764,6,2015;2016;2017;2018;2019;2020
83672499999,-19.90925,-43.99075,6,2015;2016;2017;2018;2019;2020
83672599999,-21.812,-48.133028,6,2015;2016;2017;2018;2019;2020
83672699999,-25.000339,-53.500764,6,2015;2016;2017;2018;2019;2020
83672799999,-28.7333333,-49.4166666,3,2015;2016;2017
83672899999,-10.786375,-65.284792,6,2015;2016;2017;2018;2019;2020
83672999999,-25.387461,-51.520172,1,2015
83676099999,-21.1333333,-48.9666666,6,2015;2016;2017;2018;2019;2020
83682099999,-21.367,-46.517,1,2020
83683099999,-21.6666666,-45.9166666,1,2020
83687099999,-21.2333333,-45.0,6,2015;2016;2017;2018;2019;2020
83689099999,-21.267167,-43.761056,6,2015;2016;2017;2018;2019;2020
83692099999,-21.7915,-43.386778,6,2015;2016;2017;2018;2019;2020
83695099999,-21.2,-41.8833333,6,2015;2016;2017;2018;2019;2020
83698099999,-21.698333,-41.301669,6,2015;2016;2017;2018;2019;2020
83700099999,-22.05,-41.05,1,2020
83702099999,-22.5333333,-55.7,2,2015;2016
83703099999,-22.549639,-55.702614,6,2015;2016;2017;2018;2019;2020
83708099999,-22.791608,-45.204778,6,2015;2016;2017;2018;2019;2020
83708699999,-23.1833333,-46.9333333,2,2015;2016
83716099999,-22.175056,-51.424639,6,2015;2016;2017;2018;2019;2020
83718099999,-22.0333333,-42.3666666,6,2015;2016;2017;2018;2019;2020
83721099999,-23.007383,-47.134522,6,2015;2016;2017;2018;2019;2020
83722099999,-22.345042,-49.0538,6,2015;2016;2017;2018;2019;2020
83726099999,-22.0166666,-47.8833333,6,2015;2016;2017;2018;2019;2020
83736099999,-22.1,-45.0166666,1,2020
83738099999,-22.4833333,-44.4666666,6,2015;2016;2017;2018;2019;2020
83741099999,-22.93235,-43.719092,6,2015;2016;2017;2018;2019;2020
83743099999,-22.9166666,-43.1666666,2,2015;2016
83746099999,-22.808903,-43.243647,6,2015;2016;2017;2018;2019;2020
83748099999,-22.875083,-43.384708,6,2015;2016;2017;2018;2019;2020
83749099999,-22.3333333,-41.75,1,2020
83755099999,-22.910461,-43.163133,6,2015;2016;2017;2018;2019;2020
83759099999,-22.812872,-42.092633,6,2015;2016;2017;2018;2019;2020
83766099999,-23.3833333,-51.1833333,6,2015;2016;2017;2018;2019;2020
83767099999,-23.476392,-52.016406,6,2015;2016;2017;2018;2019;2020
83768099999,-23.333625,-51.130072,6,2015;2016;2017;2018;2019;2020
83778099999,-22.921681,-42.074269,6,2015;2016;2017;2018;2019;2020
83779099999,-23.509119,-46.637753,6,2015;2016;2017;2018;2019;2020
83780099999,-23.626692,-46.655375,6,2015;2016;2017;2018;2019;2020
83784099999,-23.0166666,-45.5666666,6,2015;2016;2017;2018;2019;2020
83809399999,-23.229172,-45.861508,6,2015;2016;2017;2018;2019;2020
83811099999,-24.4,-50.8333333,6,2015;2016;2017;2018;2019;2020
83813099999,-24.7833333,-50.0,1,2020
83814099999,-24.25,-49.7,1,2019
83818099999,-23.925206,-46.2875,6,2015;2016;2017;2018;2019;2020
83825099999,-25.4833333,-48.3166666,1,2020
83827099999,-25.59615,-54.487206,6,2015;2016;2017;2018;2019;2020
83829099999,-23.2166666,-45.8666666,1,2020
83836099999,-25.4666666,-50.6333333,6,2015;2016;2017;2018;2019;2020
83840099999,-25.528475,-49.175775,6,2015;2016;2017;2018;2019;2020
83842099999,-25.405078,-49.232036,6,2015;2016;2017;2018;2019;2020
83844099999,-25.5166666,-48.5166666,6,2015;2016;2017;2018;2019;2020
83851099999,-23.4833333,-47.4333333,1,2020
83881099999,-27.1833333,-53.2333333,4,2015;2016;2017;2018
83883099999,-27.1166666,-52.6166666,6,2015;2016;2017;2018;2019;2020
83887099999,-27.4,-51.2,3,2015;2016;2017
83899099999,-27.670489,-48.547181,6,2015;2016;2017;2018;2019;2020
83905099999,-26.2166666,-48.7833333,1,2020
83907099999,-28.4,-55.0166666,6,2015;2016;2017;2018;2019;2020
83912099999,-28.6333333,-53.6,1,2020
83914099999,-28.243989,-52.326558,6,2015;2016;2017;2018;2019;2020
83916099999,-28.4166666,-51.5833333,1,2020
83919099999,-28.6666666,-50.4333333,6,2015;2016;2017;2018;2019;2020
83925099999,-28.6,-48.8166666,6,2015;2016;2017;2018;2019;2020
83926099999,-26.8666666,-48.6333333,1,2020
83927099999,-29.75,-57.0833333,5,2015;2016;2017;2018;2019
83928099999,-29.782178,-57.038189,6,2015;2016;2017;2018;2019;2020
83936099999,-29.7,-53.7,6,2015;2016;2017;2018;2019;2020
83937099999,-29.711358,-53.688153,6,2015;2016;2017;2018;2019;2020
83942099999,-29.1666666,-51.2,6,2015;2016;2017;2018;2019;2020
83948099999,-29.3333333,-49.7333333,6,2015;2016;2017;2018;2019;2020
83952099999,-29.9333333,-51.1333333,1,2020
83964099999,-30.5333333,-52.5166666,6,2015;2016;2017;2018;2019;2020
83967099999,-29.945944,-51.144367,6,2015;2016;2017;2018;2019;2020
83970099999,-31.25,-50.9,6,2015;2016;2017;2018;2019;2020
83971099999,-29.994428,-51.171428,6,2015;2016;2017;2018;2019;2020
83980099999,-31.3333333,-54.1,6,2015;2016;2017;2018;2019;2020
83981099999,-31.390528,-54.112244,6,2015;2016;2017;2018;2019;2020
83985099999,-31.718353,-52.327689,6,2015;2016;2017;2018;2019;2020
83995099999,-32.0166666,-52.0833333,2,2015;2019
83997099999,-33.5166666,-53.35,6,2015;2016;2017;2018;2019;2020
83998099999,-33.75,-53.3666666,1,2020
84001099999,-0.453758,-90.265914,6,2015;2016;2017;2018;2019;2020
84006099999,-1.5,-78.067,6,2015;2016;2017;2018;2019;2020
84008099999,-0.9166666,-89.6166666,6,2015;2016;2017;2018;2019;2020
84010099999,-0.9,-89.6166666,6,2015;2016;2017;2018;2019;2020
84025099999,-0.083,-76.867,6,2015;2016;2017;2018;2019;2020
84026099999,-0.983,-79.633,6,2015;2016;2017;2018;2019;2020
84027099999,0.809506,-77.708056,6,2015;2016;2017;2018;2019;2020
84035099999,0.617,-77.933,1,2017
84036099999,0.6,-77.8166666,6,2015;2016;2017;2018;2019;2020
84043099999,0.338419,-78.136422,4,2015;2016;2017;2018
84045099999,0.25,-78.7333333,6,2015;2016;2017;2018;2019;2020
84050099999,0.0166666,-79.3666666,6,2015;2016;2017;2018;2019;2020
84056099999,0.033,-78.233,6,2015;2016;2017;2018;2019;2020
84069099999,-0.248222,-79.214447,6,2015;2016;2017;2018;2019;2020
84071099999,-0.141144,-78.488214,6,2015;2016;2017;2018;2019;2020
84072099999,-0.1666666,-78.4833333,6,2015;2016;2017;2018;2019;2020
84072599999,-0.1166666,-78.3666666,6,2015;2016;2017;2018;2019;2020
84075099999,-0.4,-76.6,6,2015;2016;2017;2018;2019;2020
84076099999,-0.2166666,-78.3666666,6,2015;2016;2017;2018;2019;2020
84088099999,-0.35,-78.55,6,2015;2016;2017;2018;2019;2020
84099099999,-0.45,-76.95,1,2016
84100099999,-0.462886,-76.986842,6,2015;2016;2017;2018;2019;2020
84101099999,-0.5833333,-80.4166666,4,2015;2016;2017;2018
84102099999,-0.7166667,-80.1333333,2,2017;2018
84105099999,-0.4666666,-79.3333333,6,2015;2016;2017;2018;2019;2020
84117099999,-0.95,-80.6833333,6,2015;2016;2017;2018;2019;2020
84123099999,-0.906833,-78.615756,6,2015;2016;2017;2018;2019;2020
84132099999,-0.9166666,-75.4166666,6,2015;2016;2017;2018;2019;2020
84135099999,-1.0333333,-80.45,6,2015;2016;2017;2018;2019;2020
84140099999,-1.1,-79.4833333,6,2015;2016;2017;2018;2019;2020
84142099999,-1.1333333,-79.0833333,5,2015;2016;2017;2018;2019
84143099999,-1.0166666,-78.5833333,6,2015;2016;2017;2018;2019;2020
84147099999,-1.212067,-78.574636,6,2015;2016;2017;2018;2019;2020
84160099999,-1.35,-78.6,6,2015;2016;2017;2018;2019;2020
84176099999,-1.653433,-78.656142,6,2015;2016;2017;2018;2019;2020
84177099999,-1.75,-78.6666666,1,2020
84179099999,-1.5,-77.9,6,2015;2016;2017;2018;2019;2020
84190099999,-1.8833333,-79.5166666,2,2016;2017
84200099999,-2.204994,-80.988878,6,2015;2016;2017;2018;2019;2020
84202099999,-2.1166666,-79.6,6,2015;2016;2017;2018;2019;2020
84203099999,-2.157419,-79.883558,6,2015;2016;2017;2018;2019;2020
84204099999,-2.15,-79.8833333,3,2015;2016;2017
84217099999,-2.299167,-78.12075,6,2015;2016;2017;2018;2019;2020
84226099999,-2.55,-78.9333333,6,2015;2016;2017;2018;2019;2020
84235099999,-2.7666666,-78.75,1,2018
84239099999,-2.889467,-78.984397,6,2015;2016;2017;2018;2019;2020
84252099999,-3.4333333,-79.9833333,1,2016
84253099999,-3.423214,-78.566994,1,2015
84265099999,-4.0,-79.3666666,6,2015;2016;2017;2018;2019;2020
84270099999,-4.0333333,-79.2,6,2015;2016;2017;2018;2019;2020
84370099999,-3.552528,-80.381356,6,2015;2016;2017;2018;2019;2020
84377099999,-3.784739,-73.308806,6,2015;2016;2017;2018;2019;2020
84390099999,-4.576639,-81.254139,6,2015;2016;2017;2018;2019;2020
84401099999,-5.20575,-80.616444,6,2015;2016;2017;2018;2019;2020
84410099999,-5.5833333,-78.7666666,5,2016;2017;2018;2019;2020
84425099999,-5.893772,-76.118211,6,2015;2016;2017;2018;2019;2020
84440099999,-6.067864,-77.159983,4,2017;2018;2019;2020
84444099999,-6.201806,-77.856064,6,2015;2016;2017;2018;2019;2020
84452099999,-6.787475,-79.828097,6,2015;2016;2017;2018;2019;2020
84455099999,-6.508742,-76.373247,6,2015;2016;2017;2018;2019;2020
84472099999,-7.139183,-78.4894,6,2015;2016;2017;2018;2019;2020
84474099999,-7.1691,-76.728561,6,2015;2016;2017;2018;2019;2020
84501099999,-8.081411,-79.108761,6,2015;2016;2017;2018;2019;2020
84515099999,-8.377939,-74.574297,6,2015;2016;2017;2018;2019;2020
84531099999,-9.149614,-78.52385,6,2015;2016;2017;2018;2019;2020
84534099999,-9.1333333,-75.95,6,2015;2016;2017;2018;2019;2020
84542099999,-9.347444,-77.598392,6,2015;2016;2017;2018;2019;2020
84564099999,-9.878811,-76.204797,6,2015;2016;2017;2018;2019;2020
84572099999,-10.6666667,-77.8333333,2,2018;2019
84580099999,-11.3333333,-74.55,6,2015;2016;2017;2018;2019;2020
84593099999,-10.729117,-73.766503,6,2015;2016;2017;2018;2019;2020
84600099999,-11.8391,-76.3779,2,2019;2020
84623199999,-11.783144,-75.473394,6,2015;2016;2017;2018;2019;2020
84628099999,-12.021889,-77.114319,6,2015;2016;2017;2018;2019;2020
84658099999,-12.613611,-69.228611,6,2015;2016;2017;2018;2019;2020
84673099999,-13.154819,-74.204417,6,2015;2016;2017;2018;2019;2020
84686099999,-13.535722,-71.938781,6,2015;2016;2017;2018;2019;2020
84688099999,-13.706408,-73.350378,6,2015;2016;2017;2018;2019;2020
84691099999,-13.744864,-76.220284,6,2015;2016;2017;2018;2019;2020
84720099999,-14.853953,-74.961542,6,2015;2016;2017;2018;2019;2020
84735099999,-15.467103,-70.158169,6,2015;2016;2017;2018;2019;2020
84746199999,-15.8263,-70.0121,2,2019;2020
84752099999,-16.341072,-71.583083,6,2015;2016;2017;2018;2019;2020
84761099999,-17.0333333,-72.0166667,3,2018;2019;2020
84773099999,-17.695036,-71.343964,6,2015;2016;2017;2018;2019;2020
84782099999,-18.053333,-70.275833,6,2015;2016;2017;2018;2019;2020
85033599999,-10.5333333,-65.2333333,6,2015;2016;2017;2018;2019;2020
85041099999,-11.040436,-68.782972,6,2015;2016;2017;2018;2019;2020
85043099999,-11.0166667,-66.1166667,6,2015;2016;2017;2018;2019;2020
85104099999,-13.0666667,-64.6666667,6,2015;2016;2017;2018;2019;2020
85109099999,-13.3,-64.7,6,2015;2016;2017;2018;2019;2020
85114099999,-13.3333333,-64.15,6,2015;2016;2017;2018;2019;2020
85116099999,-13.75,-65.4333333,6,2015;2016;2017;2018;2019;2020
85123099999,-13.762208,-65.435158,6,2015;2016;2017;2018;2019;2020
85139099999,-14.0666666,-66.7833333,6,2015;2016;2017;2018;2019;2020
85140099999,-14.3,-67.3666667,6,2015;2016;2017;2018;2019;2020
85141099999,-14.4833333,-67.4833333,6,2015;2016;2017;2018;2019;2020
85151099999,-14.7333333,-68.4166667,3,2018;2019;2020
85151599999,-13.583,-63.583,5,2015;2016;2017;2018;2020
85152099999,-14.8666667,-66.75,6,2015;2016;2017;2018;2019;2020
85153099999,-14.9666667,-65.6333333,6,2015;2016;2017;2018;2019;2020
85154099999,-14.818739,-64.918019,6,2015;2016;2017;2018;2019;2020
85175099999,-15.7166667,-63.1,6,2015;2016;2017;2018;2019;2020
85195099999,-16.2666667,-62.4666667,6,2015;2016;2017;2018;2019;2020
85196099999,-16.25,-62.1,6,2015;2016;2017;2018;2019;2020
85200199999,-16.5167,-68.3,2,2018;2019
85201099999,-16.513339,-68.192256,6,2015;2016;2017;2018;2019;2020
85207099999,-16.3666667,-60.95,6,2015;2016;2017;2018;2019;2020
85210099999,-16.3333333,-58.3833333,6,2015;2016;2017;2018;2019;2020
85223099999,-17.421058,-66.177114,6,2015;2016;2017;2018;2019;2020
85242099999,-17.962589,-67.076236,6,2015;2016;2017;2018;2019;2020
85244099999,-17.644756,-63.135364,6,2015;2016;2017;2018;2019;2020
85245099999,-17.811581,-63.171481,6,2015;2016;2017;2018;2019;2020
85247099999,-17.8333333,-60.75,6,2015;2016;2017;2018;2019;2020
85264099999,-18.4666666,-64.1,6,2015;2016;2017;2018;2019;2020
85268099999,-18.3166667,-59.75,6,2015;2016;2017;2018;2019;2020
85283099999,-19.007083,-65.288747,2,2015;2016
85289099999,-18.975281,-57.820586,6,2015;2016;2017;2018;2019;2020
85293099999,-19.543069,-65.723706,6,2015;2016;2017;2018;2019;2020
85312099999,-19.7833333,-63.9166666,6,2015;2016;2017;2018;2019;2020
85315099999,-20.05,-63.5666667,6,2015;2016;2017;2018;2019;2020
85345099999,-21.255231,-63.405611,6,2015;2016;2017;2018;2019;2020
85364099999,-21.555736,-64.701325,6,2015;2016;2017;2018;2019;2020
85365099999,-21.960925,-63.651669,6,2015;2016;2017;2018;2019;2020
85373099999,-22.1166666,-65.55,1,2018
85394099999,-22.7666666,-64.3166666,6,2015;2016;2017;2018;2019;2020
85405099999,-18.467,-70.317,1,2017
85406099999,-18.348514,-70.33875,6,2015;2016;2017;2018;2019;2020
85417099999,-20.533,-70.183,1,2017
85418099999,-20.535222,-70.181275,6,2015;2016;2017;2018;2019;2020
85432099999,-22.5,-68.9,6,2015;2016;2017;2018;2019;2020
85442099999,-23.444478,-70.4451,6,2015;2016;2017;2018;2019;2020
85452099999,-26.293864,-80.096214,4,2017;2018;2019;2020
85459099999,-40.611208,-73.061042,6,2015;2016;2017;2018;2019;2020
85459199999,-43.89389,-73.739723,4,2015;2016;2017;2019
85459599999,-27.261247,-70.779222,6,2015;2016;2017;2018;2019;2020
85464099999,-32.85,-70.15,2,2019;2020
85467099999,-27.25,-70.77,6,2015;2016;2017;2018;2019;2020
85469099999,-27.164792,-109.421831,6,2015;2016;2017;2018;2019;2020
85488099999,-29.916233,-71.199522,6,2015;2016;2017;2018;2019;2020
85500199999,-29.95,-71.3667,3,2017;2018;2019
85558099999,-33.0333333,-71.6333333,6,2015;2016;2017;2018;2019;2020
85561099999,-33.05,-71.5833333,4,2015;2016;2017;2019
85574099999,-33.392975,-70.785803,6,2015;2016;2017;2018;2019;2020
85577099999,-33.4333333,-70.6833333,6,2015;2016;2017;2018;2019;2020
85580099999,-33.456278,-70.546667,3,2015;2016;2017
85585099999,-33.6333333,-78.8333333,6,2015;2016;2017;2018;2019;2020
85586099999,-33.65,-71.6166666,6,2015;2016;2017;2018;2019;2020
85629099999,-34.9666667,-71.2166667,6,2015;2016;2017;2018;2019;2020
85631099999,-35.017,-70.5,1,2017
85672099999,-36.582497,-72.031367,6,2015;2016;2017;2018;2019;2020
85682099999,-36.77265,-73.063106,6,2015;2016;2017;2018;2019;2020
85703099999,-37.401731,-72.425444,6,2015;2016;2017;2018;2019;2020
85732199999,-38.36,-73.9,4,2017;2018;2019;2020
85743099999,-38.766819,-72.637097,4,2017;2018;2019;2020
85757199999,-39.292794,-71.915856,2,2015;2016
85766099999,-39.649956,-73.086111,6,2015;2016;2017;2018;2019;2020
85782099999,-40.6,-73.05,6,2015;2016;2017;2018;2019;2020
85782599999,-42.3333333,-73.7166666,6,2015;2016;2017;2018;2019;2020
85799099999,-41.438886,-73.093953,6,2015;2016;2017;2018;2019;2020
85832099999,-43.2,-71.8166666,6,2015;2016;2017;2018;2019;2020
85832599999,-54.9333333,-67.6333333,4,2015;2016;2017;2018
85832699999,-43.1166666,-73.6333333,3,2015;2016;2017
85832799999,-34.1666666,-70.7833333,3,2015;2016;2017
85834099999,-43.5666666,-74.8333333,6,2015;2016;2017;2018;2019;2020
85836099999,-43.6166667,-71.8166667,3,2015;2016;2017
85862099999,-45.4,-72.7,5,2015;2016;2017;2018;2019
85864099999,-45.594211,-72.106133,6,2015;2016;2017;2018;2019;2020
85874099999,-45.916058,-71.689475,6,2015;2016;2017;2018;2019;2020
85886099999,-46.583341,-71.687405,6,2015;2016;2017;2018;2019;2020
85889099999,-46.8,-75.6333333,6,2015;2016;2017;2018;2019;2020
85892099999,-47.243847,-72.588417,6,2015;2016;2017;2018;2019;2020
85896099999,-52.3833333,-75.1166666,6,2015;2016;2017;2018;2019;2020
85921099999,-51.671475,-72.52835,6,2015;2016;2017;2018;2019;2020
85921199999,-22.498175,-68.903575,6,2015;2016;2017;2018;2019;2020
85921299999,-32.949611,-71.478583,6,2015;2016;2017;2018;2019;2020
85930099999,-52.4,-75.1,6,2015;2016;2017;2018;2019;2020
85931199999,-52.4,-68.43,3,2017;2018;2019
85934099999,-53.002642,-70.854586,6,2015;2016;2017;2018;2019;2020
85935199999,-53.15,-70.9,4,2017;2018;2019;2020
85936399999,-53.2537,-70.319228,3,2015;2016;2017
85968099999,-54.9333333,-67.6166666,5,2015;2016;2018;2019;2020
85969199999,-54.9333,-68.5333,2,2017;2018
85970099999,-55.95,-67.2833333,4,2016;2017;2018;2019
85972099999,-56.4747222,-68.7297222,5,2015;2016;2017;2018;2019
85987199999,-62.9833333,-60.6833333,3,2018;2019;2020
86033099999,-20.2333333,-58.1666666,4,2017;2018;2019;2020
86033599999,-26.881467,-58.318036,6,2015;2016;2017;2018;2019;2020
86033699999,-22.641989,-55.829522,6,2015;2016;2017;2018;2019;2020
86068099999,-22.044986,-60.621694,6,2015;2016;2017;2018;2019;2020
86086099999,-22.2833333,-57.9333333,6,2015;2016;2017;2018;2019;2020
86097099999,-23.6333333,-55.8333333,6,2015;2016;2017;2018;2019;2020
86128099999,-23.5,-58.7833333,6,2015;2016;2017;2018;2019;2020
86134099999,-23.44175,-57.427122,6,2015;2016;2017;2018;2019;2020
86170099999,-24.75,-58.8333333,6,2015;2016;2017;2018;2019;2020
86185099999,-24.0666666,-57.0833333,6,2015;2016;2017;2018;2019;2020
86192099999,-24.6666666,-56.4333333,6,2015;2016;2017;2018;2019;2020
86210099999,-24.0333333,-54.35,6,2015;2016;2017;2018;2019;2020
86218099999,-25.23985,-57.519133,6,2015;2016;2017;2018;2019;2020
86218399999,-25.45,-54.833,6,2015;2016;2017;2018;2019;2020
86221099999,-25.6333333,-57.1333333,6,2015;2016;2017;2018;2019;2020
86233099999,-25.7666666,-56.4333333,6,2015;2016;2017;2018;2019;2020
86234099999,-25.4666666,-56.4,6,2015;2016;2017;2018;2019;2020
86251099999,-26.2166666,-56.9833333,6,2015;2016;2017;2018;2019;2020
86255099999,-26.85,-58.3166666,6,2015;2016;2017;2018;2019;2020
86260099999,-26.6666666,-57.15,6,2015;2016;2017;2018;2019;2020
86268099999,-26.1833333,-56.3666666,6,2015;2016;2017;2018;2019;2020
86285099999,-26.8333333,-55.3333333,6,2015;2016;2017;2018;2019;2020
86297099999,-27.3166667,-55.8333333,6,2015;2016;2017;2018;2019;2020
86315099999,-30.2666666,-57.5833333,1,2016
86330099999,-30.400706,-56.507869,6,2015;2016;2017;2018;2019;2020
86350099999,-30.974569,-55.476189,6,2015;2016;2017;2018;2019;2020
86360099999,-31.4333333,-57.9833333,6,2015;2016;2017;2018;2019;2020
86370099999,-31.749031,-55.925758,4,2015;2016;2017;2018
86430099999,-32.365114,-58.061192,6,2015;2016;2017;2018;2019;2020
86440099999,-32.337883,-54.216678,6,2015;2016;2017;2018;2019;2020
86450099999,-32.6833333,-57.6333333,6,2015;2016;2017;2018;2019;2020
86460099999,-32.8,-56.5166666,6,2015;2016;2017;2018;2019;2020
86490099999,-33.25,-58.0666667,6,2015;2016;2017;2018;2019;2020
86500099999,-33.2166667,-54.3833333,6,2015;2016;2017;2018;2019;2020
86530099999,-33.358867,-56.499172,6,2015;2016;2017;2018;2019;2020
86545099999,-34.0833333,-56.2333333,6,2015;2016;2017;2018;2019;2020
86550199999,-34.3519,-56.7497,2,2019;2020
86560099999,-34.456408,-57.770617,6,2015;2016;2017;2018;2019;2020
86565099999,-34.4833333,-54.3,6,2015;2016;2017;2018;2019;2020
86575099999,-34.789208,-56.264703,6,2015;2016;2017;2018;2019;2020
86580099999,-34.838417,-56.030806,6,2015;2016;2017;2018;2019;2020
86582399999,-34.855139,-55.094278,6,2015;2016;2017;2018;2019;2020
86585099999,-34.85,-56.2,6,2015;2016;2017;2018;2019;2020
86586099999,-34.8666666,-55.1,6,2015;2016;2017;2018;2019;2020
86595099999,-34.9666666,-54.95,6,2015;2016;2017;2018;2019;2020
86606099999,-10.65,-51.5666666,2,2016;2017
86607099999,-10.1833333,-48.3,5,2016;2017;2018;2019;2020
86609099999,-10.7166666,-43.65,5,2016;2017;2018;2019;2020
86610099999,-10.45,-41.2,5,2016;2017;2018;2019;2020
86611099999,-10.45,-40.15,5,2016;2017;2018;2019;2020
86612099999,-10.9833333,-39.6166666,5,2016;2017;2018;2019;2020
86613099999,-10.5333333,-39.0,5,2016;2017;2018;2019;2020
86614099999,-10.7333333,-38.1,5,2016;2017;2018;2019;2020
86615099999,-10.4,-37.75,5,2016;2017;2018;2019;2020
86616099999,-10.95,-37.05,5,2016;2017;2018;2019;2020
86618099999,-10.4666666,-36.4833333,5,2016;2017;2018;2019;2020
86619099999,-10.1333333,-36.2833333,5,2016;2017;2018;2019;2020
86620099999,-11.0166666,-68.7333333,5,2016;2017;2018;2019;2020
86622099999,-11.45,-61.4333333,5,2016;2017;2018;2019;2020
86624099999,-11.3833333,-58.7833333,5,2016;2017;2018;2019;2020
86625099999,-11.2833333,-57.5333333,5,2016;2017;2018;2019;2020
86626099999,-11.9833333,-55.5666666,5,2016;2017;2018;2019;2020
86628099999,-11.6166666,-50.7333333,5,2016;2017;2018;2019;2020
86629099999,-11.8833333,-49.6,5,2016;2017;2018;2019;2020
86630099999,-11.75,-49.05,5,2016;2017;2018;2019;2020
86632099999,-11.6,-46.85,5,2016;2017;2018;2019;2020
86633099999,-11.0166666,-44.5333333,4,2016;2017;2018;2019
86634099999,-11.0833333,-43.1333333,5,2016;2017;2018;2019;2020
86635099999,-11.3333333,-41.8666666,5,2016;2017;2018;2019;2020
86636099999,-11.2,-40.4666666,5,2016;2017;2018;2019;2020
86637099999,-11.6666666,-39.0166666,5,2016;2017;2018;2019;2020
86638099999,-11.2666666,-37.8,5,2016;2017;2018;2019;2020
86639099999,-11.8166666,-37.6166666,5,2016;2017;2018;2019;2020
86642099999,-12.7333333,-60.15,5,2016;2017;2018;2019;2020
86643099999,-12.5166666,-58.2333333,5,2016;2017;2018;2019;2020
86645099999,-12.55,-55.7166666,5,2016;2017;2018;2019;2020
86647099999,-12.6333333,-52.2166666,5,2016;2017;2018;2019;2020
86649099999,-12.0166666,-48.55,5,2016;2017;2018;2019;2020
86650099999,-12.6166666,-47.9833333,5,2016;2017;2018;2019;2020
86651099999,-12.15,-45.8166666,5,2016;2017;2018;2019;2020
86652099999,-12.15,-45.0,5,2016;2017;2018;2019;2020
86653099999,-12.2,-43.2166666,5,2016;2017;2018;2019;2020
86654099999,-12.5666666,-41.3833333,5,2016;2017;2018;2019;2020
86655099999,-12.1166666,-40.35,5,2016;2017;2018;2019;2020
86656099999,-12.5166666,-40.2833333,5,2016;2017;2018;2019;2020
86657099999,-12.6666666,-39.15,5,2016;2017;2018;2019;2020
86658099999,-12.2,-38.9666666,5,2016;2017;2018;2019;2020
86661099999,-13.7166666,-59.7666666,5,2016;2017;2018;2019;2020
86662099999,-13.7833333,-57.8333333,5,2016;2017;2018;2019;2020
86663099999,-13.0333333,-57.1,5,2016;2017;2018;2019;2020
86664099999,-13.45,-56.6666666,5,2016;2017;2018;2019;2020
86665099999,-13.4166666,-54.75,4,2016;2017;2018;2019
86666099999,-13.1833333,-53.25,5,2016;2017;2018;2019;2020
86670099999,-13.25,-46.8833333,4,2016;2017;2018;2019
86671099999,-13.3333333,-44.6166666,5,2016;2017;2018;2019;2020
86672099999,-13.2666666,-43.4166666,5,2016;2017;2018;2019;2020
86673099999,-13.15,-41.7666666,4,2016;2017;2018;2019
86674099999,-13.5333333,-40.1166666,5,2016;2017;2018;2019;2020
86675099999,-13.0166666,-39.6166666,5,2016;2017;2018;2019;2020
86677099999,-13.9072222,-38.9722222,5,2016;2017;2018;2019;2020
86678099999,-13.0,-38.5,5,2016;2017;2018;2019;2020
86682099999,-14.65,-57.4333333,5,2016;2017;2018;2019;2020
86684099999,-14.4166666,-54.0333333,5,2016;2017;2018;2019;2020
86685099999,-14.9333333,-53.8833333,4,2016;2017;2018;2019
86686099999,-14.0166666,-52.2166666,5,2016;2017;2018;2019;2020
86689099999,-14.9833333,-49.5333333,5,2016;2017;2018;2019;2020
86690099999,-14.4666666,-48.45,3,2016;2017;2018
86691099999,-14.1333333,-47.5166666,5,2016;2017;2018;2019;2020
86692099999,-14.0833333,-46.3666666,5,2016;2017;2018;2019;2020
86693099999,-14.4,-44.4,5,2016;2017;2018;2019;2020
86694099999,-14.2,-42.75,5,2016;2017;2018;2019;2020
86695099999,-14.9166666,-42.8,4,2016;2017;2018;2019
86696099999,-14.1833333,-41.6666666,5,2016;2017;2018;2019;2020
86697099999,-14.8833333,-40.8,5,2016;2017;2018;2019;2020
86698099999,-14.1666666,-39.7,5,2016;2017;2018;2019;2020
86699099999,-14.65,-39.1666667,5,2016;2017;2018;2019;2020
86701099999,-15.0666666,-59.8666666,4,2016;2017;2018;2019
86702099999,-15.25,-59.35,4,2016;2017;2018;2019
86703099999,-15.1247222,-58.1275,5,2016;2017;2018;2019;2020
86704099999,-15.3247222,-57.2263889,5,2016;2017;2018;2019;2020
86705099999,-15.6166666,-56.1,5,2016;2017;2018;2019;2020
86707099999,-15.5333333,-55.1333333,5,2016;2017;2018;2019;2020
86709099999,-15.9,-52.25,5,2016;2017;2018;2019;2020
86712099999,-15.9333333,-50.1333333,5,2016;2017;2018;2019;2020
86713099999,-15.2166666,-48.9833333,5,2016;2017;2018;2019;2020
86714099999,-15.9,-48.1166666,4,2016;2017;2018;2019
86715099999,-15.7833333,-47.9333333,5,2016;2017;2018;2019;2020
86716099999,-15.6,-47.6333333,5,2016;2017;2018;2019;2020
86718099999,-15.5166666,-46.4333333,5,2016;2017;2018;2019;2020
86719099999,-15.3,-45.6166666,5,2016;2017;2018;2019;2020
86720099999,-15.0833333,-44.0166666,5,2016;2017;2018;2019;2020
86721099999,-15.7166666,-42.4333333,5,2016;2017;2018;2019;2020
86722099999,-15.75,-41.45,5,2016;2017;2018;2019;2020
86723099999,-15.25,-40.2333333,5,2016;2017;2018;2019;2020
86728099999,-16.45,-54.5666666,5,2016;2017;2018;2019;2020
86729099999,-16.35,-53.7666666,5,2016;2017;2018;2019;2020
86730099999,-16.9666666,-51.8166666,5,2016;2017;2018;2019;2020
86732099999,-16.9625,-50.4252778,5,2016;2017;2018;2019;2020
86734099999,-16.65,-49.2166666,5,2016;2017;2018;2019;2020
86735099999,-16.6833333,-48.6166666,5,2016;2017;2018;2019;2020
86736099999,-16.2666666,-47.9666666,5,2016;2017;2018;2019;2020
86737099999,-16.7833333,-47.6166666,5,2016;2017;2018;2019;2020
86738099999,-16.55,-46.8833333,5,2016;2017;2018;2019;2020
86739099999,-16.3666666,-45.1166666,5,2016;2017;2018;2019;2020
86740099999,-16.7166666,-43.8666666,5,2016;2017;2018;2019;2020
86741099999,-16.1666666,-42.3166666,5,2016;2017;2018;2019;2020
86742099999,-16.5833333,-41.4833333,5,2016;2017;2018;2019;2020
86743099999,-16.1666666,-40.6833333,5,2016;2017;2018;2019;2020
86744099999,-16.0833333,-39.2166666,5,2016;2017;2018;2019;2020
86745099999,-16.3833333,-39.1833333,5,2016;2017;2018;2019;2020
86748099999,-17.1833333,-54.5,4,2016;2017;2018;2019
86750099999,-17.8166666,-53.2833333,5,2016;2017;2018;2019;2020
86751099999,-17.5666666,-52.6,5,2016;2017;2018;2019;2020
86752099999,-17.9166666,-51.7166666,5,2016;2017;2018;2019;2020
86753099999,-17.7833333,-50.9666666,5,2016;2017;2018;2019;2020
86755099999,-17.7166666,-49.1,5,2016;2017;2018;2019;2020
86756099999,-17.3,-48.2833333,5,2016;2017;2018;2019;2020
86757099999,-17.5666666,-47.2,5,2016;2017;2018;2019;2020
86758099999,-17.7833333,-46.1166666,5,2016;2017;2018;2019;2020
86759099999,-17.25,-44.8333333,5,2016;2017;2018;2019;2020
86761099999,-17.7,-42.3833333,5,2016;2017;2018;2019;2020
86762099999,-17.9,-41.5166666,5,2016;2017;2018;2019;2020
86763099999,-17.8,-40.25,5,2016;2017;2018;2019;2020
86764099999,-17.7333333,-39.25,5,2016;2017;2018;2019;2020
86765099999,-17.9666666,-38.7,5,2016;2017;2018;2019;2020
86767099999,-19.0,-57.6333333,5,2016;2017;2018;2019;2020
86768099999,-18.9833333,-56.6166666,5,2016;2017;2018;2019;2020
86770099999,-18.5166666,-54.7333333,4,2017;2018;2019;2020
86772099999,-18.8,-52.6,5,2016;2017;2018;2019;2020
86773099999,-18.9666666,-50.6333333,5,2016;2017;2018;2019;2020
86774099999,-18.4166666,-49.2,5,2016;2017;2018;2019;2020
86775099999,-18.95,-49.5333333,5,2016;2017;2018;2019;2020
86776099999,-18.9166666,-48.25,5,2016;2017;2018;2019;2020
86777099999,-18.15,-47.9333333,5,2016;2017;2018;2019;2020
86778099999,-19.0,-46.9833333,5,2016;2017;2018;2019;2020
86779099999,-18.2,-45.4666666,5,2016;2017;2018;2019;2020
86780099999,-18.75,-44.45,5,2016;2017;2018;2019;2020
86781099999,-18.2333333,-43.65,5,2016;2017;2018;2019;2020
86782099999,-18.7833333,-42.95,5,2016;2017;2018;2019;2020
86783099999,-18.7833333,-41.9833333,5,2016;2017;2018;2019;2020
86784099999,-18.7833333,-40.9833333,5,2016;2017;2018;2019;2020
86785099999,-18.7,-40.3833333,5,2016;2017;2018;2019;2020
86786099999,-18.7166666,-39.85,5,2016;2017;2018;2019;2020
86789099999,-19.4166666,-54.55,5,2016;2017;2018;2019;2020
86791099999,-19.1166666,-51.7166666,5,2016;2017;2018;2019;2020
86792099999,-19.7,-51.1833333,5,2016;2017;2018;2019;2020
86793099999,-19.5333333,-49.5333333,5,2016;2017;2018;2019;2020
86794099999,-19.9858333,-48.1525,5,2016;2017;2018;2019;2020
86795099999,-19.8833333,-47.4333333,5,2016;2017;2018;2019;2020
86796099999,-19.6,-46.9333333,5,2016;2017;2018;2019;2020
86798099999,-19.8833333,-44.4166666,5,2016;2017;2018;2019;2020
86800099999,-19.8833333,-43.9666666,5,2016;2017;2018;2019;2020
86801099999,-19.5833333,-42.6333333,5,2016;2017;2018;2019;2020
86802099999,-19.7333333,-42.1333333,5,2016;2017;2018;2019;2020
86803099999,-19.5,-41.0666666,5,2016;2017;2018;2019;2020
86804099999,-19.9833333,-40.5833333,5,2016;2017;2018;2019;2020
86805099999,-19.35,-40.0666666,5,2016;2017;2018;2019;2020
86807099999,-20.4,-56.4333333,5,2016;2017;2018;2019;2020
86808099999,-20.4833333,-55.7833333,5,2016;2017;2018;2019;2020
86809099999,-20.9833333,-54.9666666,5,2016;2017;2018;2019;2020
86810099999,-20.45,-54.6166666,5,2016;2017;2018;2019;2020
86812099999,-20.4166666,-52.8833333,5,2016;2017;2018;2019;2020
86813099999,-20.7833333,-51.7,5,2016;2017;2018;2019;2020
86814099999,-20.1666666,-50.6,5,2016;2017;2018;2019;2020
86815099999,-20.4166666,-49.9666666,5,2016;2017;2018;2019;2020
86816099999,-20.5666666,-48.55,5,2016;2017;2018;2019;2020
86817099999,-20.3594444,-47.775,5,2016;2017;2018;2019;2020
86818099999,-20.5833333,-47.3833333,5,2016;2017;2018;2019;2020
86819099999,-20.75,-46.6333333,5,2016;2017;2018;2019;2020
86820099999,-20.45,-45.45,5,2016;2017;2018;2019;2020
86821099999,-20.0333333,-44.0166666,4,2016;2017;2018;2019
86823099999,-20.55,-43.75,5,2016;2017;2018;2019;2020
86824099999,-20.7666666,-42.8666666,5,2016;2017;2018;2019;2020
86825099999,-20.2666666,-42.1833333,5,2016;2017;2018;2019;2020
86828099999,-20.75,-41.4833333,5,2016;2017;2018;2019;2020
86829099999,-20.6333333,-40.7333333,5,2016;2017;2018;2019;2020
86830099999,-20.3166666,-40.3166666,5,2016;2017;2018;2019;2020
86833099999,-21.7,-57.55,5,2016;2017;2018;2019;2020
86834099999,-21.617,-55.183,4,2016;2017;2018;2019
86836099999,-21.7833333,-54.5333333,5,2016;2017;2018;2019;2020
86838099999,-21.3166666,-50.9333333,5,2016;2017;2018;2019;2020
86839099999,-21.0833333,-49.9166666,5,2016;2017;2018;2019;2020
86840099999,-21.667,-49.733,5,2016;2017;2018;2019;2020
86841099999,-21.1333333,-48.8333333,5,2016;2017;2018;2019;2020
86842099999,-21.3383333,-48.1138889,5,2016;2017;2018;2019;2020
86843099999,-21.8555556,-48.8,5,2016;2017;2018;2019;2020
86844099999,-21.7833333,-47.0833333,5,2016;2017;2018;2019;2020
86845099999,-21.9833333,-47.8833333,5,2016;2017;2018;2019;2020
86846099999,-21.9166666,-46.3833333,5,2016;2017;2018;2019;2020
86848099999,-21.5666666,-45.4,5,2016;2017;2018;2019;2020
86849099999,-21.1,-44.25,5,2016;2017;2018;2019;2020
86850099999,-21.2166666,-43.7666666,5,2016;2017;2018;2019;2020
86851099999,-21.7666666,-43.3666666,5,2016;2017;2018;2019;2020
86852099999,-21.1,-42.3833333,5,2016;2017;2018;2019;2020
86853099999,-21.1,-41.0333333,5,2016;2017;2018;2019;2020
86854099999,-21.5833333,-41.95,5,2016;2017;2018;2019;2020
86855099999,-21.7166666,-41.35,5,2016;2017;2018;2019;2020
86857099999,-22.5333333,-55.5333333,5,2016;2017;2018;2019;2020
86858099999,-22.2,-54.9166666,5,2016;2017;2018;2019;2020
86859099999,-22.85,-54.6,5,2016;2017;2018;2019;2020
86860099999,-22.3,-53.8166666,5,2016;2017;2018;2019;2020
86861099999,-22.6333333,-52.8833333,5,2016;2017;2018;2019;2020
86862099999,-22.65,-52.1333333,5,2016;2017;2018;2019;2020
86863099999,-22.1166666,-51.4,5,2016;2017;2018;2019;2020
86864099999,-22.3666666,-50.9666666,5,2016;2017;2018;2019;2020
86865099999,-22.3166667,-49.0666667,5,2016;2017;2018;2019;2020
86866099999,-22.95,-49.9,5,2016;2017;2018;2019;2020
86867099999,-22.4666666,-48.55,5,2016;2017;2018;2019;2020
86868099999,-22.7,-47.45,5,2016;2017;2018;2019;2020
86869099999,-22.4166666,-46.8,5,2016;2017;2018;2019;2020
86870099999,-22.8666666,-46.05,5,2016;2017;2018;2019;2020
86871099999,-22.3166666,-45.3666666,5,2016;2017;2018;2019;2020
86872099999,-22.75,-45.6,5,2016;2017;2018;2019;2020
86873099999,-22.4,-44.9666666,5,2016;2017;2018;2019;2020
86874099999,-22.4511111,-44.4447222,5,2016;2017;2018;2019;2020
86876099999,-22.4666666,-43.2833333,4,2016;2017;2018;2019
86877099999,-22.5833333,-43.2666667,4,2016;2017;2018;2019
86878099999,-22.8,-43.6833333,4,2016;2017;2018;2019
86879099999,-22.8608333,-43.4111111,4,2016;2017;2018;2019
86887099999,-22.9833333,-43.1833333,4,2016;2017;2018;2019
86888099999,-22.4488889,-42.9872222,4,2016;2017;2018;2019
86889099999,-22.3330556,-42.6772222,5,2016;2017;2018;2019;2020
86890099999,-22.0416667,-41.0519444,4,2016;2017;2018;2019
86890599999,-22.1,-39.9166666,6,2015;2016;2017;2018;2019;2020
86891099999,-22.343031,-41.766033,6,2015;2016;2017;2018;2019;2020
86892099999,-22.9761111,-42.0213889,5,2016;2017;2018;2019;2020
86894099999,-23.0,-55.3333333,5,2016;2017;2018;2019;2020
86895099999,-23.9669444,-55.0241667,5,2016;2017;2018;2019;2020
86896099999,-23.45,-54.1833333,5,2016;2017;2018;2019;2020
86897099999,-23.3902778,-53.6597222,5,2016;2017;2018;2019;2020
86898099999,-23.3591667,-52.9319444,5,2016;2017;2018;2019;2020
86899099999,-23.405,-51.9327778,5,2016;2017;2018;2019;2020
86901099999,-23.4166666,-50.5833333,5,2016;2017;2018;2019;2020
86902099999,-23.7666666,-50.1833333,5,2016;2017;2018;2019;2020
86903099999,-23.5052778,-49.9463889,5,2016;2017;2018;2019;2020
86904099999,-23.1,-48.95,5,2016;2017;2018;2019;2020
86905099999,-23.9833333,-48.8833333,5,2016;2017;2018;2019;2020
86906099999,-23.85,-48.1666666,4,2016;2017;2018;2019
86907099999,-23.4333333,-47.5833333,5,2016;2017;2018;2019;2020
86910099999,-23.4963889,-46.62,5,2016;2017;2018;2019;2020
86911099999,-23.0419444,-45.5202778,5,2016;2017;2018;2019;2020
86912099999,-23.2333333,-45.4166666,4,2016;2017;2018;2019
86913099999,-23.2233333,-44.7266667,5,2016;2017;2018;2019;2020
86914099999,-23.05,-43.6,4,2016;2017;2018;2019
86916099999,-24.5333333,-54.0166666,4,2016;2017;2018;2019
86917099999,-24.1833333,-53.0333333,4,2016;2017;2019;2020
86919099999,-24.4333333,-51.9666666,5,2016;2017;2018;2019;2020
86921099999,-24.7833333,-49.9833333,5,2016;2017;2018;2019;2020
86922099999,-24.9666666,-48.4166666,4,2016;2017;2018;2019
86923099999,-24.6666666,-47.55,5,2016;2017;2018;2019;2020
86925099999,-25.6,-54.4833333,5,2016;2017;2018;2019;2020
86926099999,-25.7166666,-53.75,5,2016;2017;2018;2019;2020
86927099999,-25.7,-53.1,5,2016;2017;2018;2019;2020
86929099999,-25.5666666,-51.0833333,5,2016;2017;2018;2019;2020
86930099999,-25.0166666,-50.85,5,2016;2017;2018;2019;2020
86933099999,-25.4486111,-49.23,5,2016;2017;2018;2019;2020
86934099999,-25.5166666,-48.8166666,5,2016;2017;2018;2019;2020
86935099999,-25.4944444,-48.3258333,3,2016;2017;2018
86936099999,-26.2833333,-53.6333333,5,2016;2017;2018;2019;2020
86937099999,-26.7833333,-53.5,4,2016;2017;2018;2019
86938099999,-26.4,-52.85,5,2016;2017;2018;2019;2020
86939099999,-26.4166666,-52.35,5,2016;2017;2018;2019;2020
86940099999,-26.9333333,-52.4,5,2016;2017;2018;2019;2020
86941099999,-26.4,-51.35,5,2016;2017;2018;2019;2020
86942099999,-26.4,-50.3666666,5,2016;2017;2018;2019;2020
86943099999,-26.8166666,-50.8333333,5,2016;2017;2018;2019;2020
86944099999,-26.9333333,-50.15,5,2016;2017;2018;2019;2020
86945099999,-26.25,-49.5833333,5,2016;2017;2018;2019;2020
86946099999,-26.9166666,-49.2666666,5,2016;2017;2018;2019;2020
86947099999,-26.0833333,-48.65,5,2016;2017;2018;2019;2020
86948099999,-26.9508333,-48.7619444,5,2016;2017;2018;2019;2020
86950099999,-27.8833333,-54.4833333,5,2016;2017;2018;2019;2020
86951099999,-27.3955556,-53.4294444,5,2016;2017;2018;2019;2020
86952099999,-27.85,-53.7833333,5,2016;2017;2018;2019;2020
86953099999,-27.9166666,-53.3166666,5,2016;2017;2018;2019;2020
86954099999,-27.6666666,-52.3,5,2016;2017;2018;2019;2020
86955099999,-27.1694444,-51.5588889,5,2016;2017;2018;2019;2020
86956099999,-27.2833333,-50.6,5,2016;2017;2018;2019;2020
86957099999,-27.4183333,-49.6466667,5,2016;2017;2018;2019;2020
86958099999,-27.6,-48.6166666,4,2016;2017;2018;2019
86960099999,-28.65,-56.0166666,5,2016;2017;2018;2019;2020
86961099999,-28.4166666,-54.9666666,5,2016;2017;2018;2019;2020
86962099999,-28.6,-53.6666666,5,2016;2017;2018;2019;2020
86963099999,-28.2294444,-52.4038889,5,2016;2017;2018;2019;2020
86964099999,-28.8536111,-52.5416667,5,2016;2017;2018;2019;2020
86965099999,-28.2219444,-51.5122222,5,2016;2017;2018;2019;2020
86966099999,-28.5136111,-50.882778,5,2016;2017;2018;2019;2020
86967099999,-28.7513889,-50.0583333,5,2016;2017;2018;2019;2020
86968099999,-28.1263889,-49.4791667,5,2016;2017;2018;2019;2020
86969099999,-28.2833333,-49.9333333,5,2016;2017;2018;2019;2020
86970099999,-28.5333333,-49.3166666,5,2016;2017;2018;2019;2020
86971099999,-28.9333333,-49.5,5,2016;2017;2018;2019;2020
86972099999,-28.6,-48.817,5,2016;2017;2018;2019;2020
86973099999,-29.85,-57.0833333,5,2016;2017;2018;2019;2020
86975099999,-29.7166666,-55.5333333,5,2016;2017;2018;2019;2020
86976099999,-29.1833333,-54.8833333,5,2016;2017;2018;2019;2020
86977099999,-29.7,-53.7,5,2016;2017;2018;2019;2020
86978099999,-29.8666666,-52.3833333,5,2016;2017;2018;2019;2020
86979099999,-29.1672222,-51.5347222,5,2016;2017;2018;2019;2020
86980099999,-29.3688889,-50.8275,5,2016;2017;2018;2019;2020
86981099999,-29.3502778,-49.7330556,5,2016;2017;2018;2019;2020
86982099999,-30.3686111,-56.4372222,5,2016;2017;2018;2019;2020
86983099999,-30.8333333,-55.6,5,2016;2017;2018;2019;2020
86984099999,-30.3413889,-54.3108333,5,2016;2017;2018;2019;2020
86985099999,-30.9833333,-54.8166666,5,2016;2017;2018;2019;2020
86986099999,-30.5477778,-53.4675,5,2016;2017;2018;2019;2020
86988099999,-30.05,-51.166667,5,2016;2017;2018;2019;2020
86989099999,-30.8105556,-51.8347222,5,2016;2017;2018;2019;2020
86990099999,-30.0097222,-50.1352778,5,2016;2017;2018;2019;2020
86992099999,-31.3477778,-54.0133333,5,2016;2017;2018;2019;2020
86993099999,-31.4058333,-52.7011111,5,2016;2017;2018;2019;2020
86994099999,-31.2477778,-50.9055556,5,2016;2017;2018;2019;2020
86995099999,-32.0333333,-52.1,5,2016;2017;2018;2019;2020
86996099999,-32.5541667,-53.3763889,5,2016;2017;2018;2019;2020
86998099999,-33.7416667,-53.3713889,5,2016;2017;2018;2019;2020
87007099999,-22.150556,-65.5775,6,2015;2016;2017;2018;2019;2020
87016099999,-23.152779,-64.32917,6,2015;2016;2017;2018;2019;2020
87022099999,-22.619647,-63.793672,6,2015;2016;2017;2018;2019;2020
87022199999,-29.210278,-59.68,6,2015;2016;2017;2018;2019;2020
87046099999,-24.392778,-65.097778,6,2015;2016;2017;2018;2019;2020
87047099999,-24.855978,-65.486169,6,2015;2016;2017;2018;2019;2020
87065099999,-24.1666667,-62.9,3,2017;2019;2020
87078099999,-24.721367,-60.548836,6,2015;2016;2017;2018;2019;2020
87097099999,-25.737281,-54.473444,6,2015;2016;2017;2018;2019;2020
87121099999,-26.840861,-65.104944,6,2015;2016;2017;2018;2019;2020
87127199999,-27.5,-64.9333333,5,2016;2017;2018;2019;2020
87129099999,-27.765617,-64.310122,6,2015;2016;2017;2018;2019;2020
87148099999,-26.7333333,-60.4833333,6,2015;2016;2017;2018;2019;2020
87155099999,-27.449986,-59.056125,6,2015;2016;2017;2018;2019;2020
87162099999,-26.212722,-58.228111,6,2015;2016;2017;2018;2019;2020
87163099999,-26.25,-53.8166667,2,2017;2020
87166099999,-27.445503,-58.761864,6,2015;2016;2017;2018;2019;2020
87173099999,-27.5833333,-56.6666666,1,2017
87178099999,-27.385839,-55.970728,6,2015;2016;2017;2018;2019;2020
87187099999,-27.4833333,-55.1333333,1,2017
87211099999,-28.03775,-67.580314,1,2017
87213099999,-29.2333333,-67.4333333,1,2017
87217099999,-29.381636,-66.795839,6,2015;2016;2017;2018;2019;2020
87222099999,-28.595556,-65.751667,6,2015;2016;2017;2018;2019;2020
87244099999,-29.9,-63.6833333,6,2015;2016;2017;2018;2019;2020
87257099999,-29.8833333,-61.95,6,2015;2016;2017;2018;2019;2020
87270099999,-29.1833333,-59.7,6,2015;2016;2017;2018;2019;2020
87289099999,-29.689425,-57.152078,6,2015;2016;2017;2018;2019;2020
87305099999,-30.25,-68.75,2,2017;2020
87311099999,-31.571472,-68.418194,6,2015;2016;2017;2018;2019;2020
87320099999,-30.3666666,-66.2833333,6,2015;2016;2017;2018;2019;2020
87322099999,-31.3333333,-66.6,1,2017
87328099999,-31.945183,-65.146283,6,2015;2016;2017;2018;2019;2020
87329099999,-32.384669,-65.186522,5,2015;2016;2017;2018;2019
87344099999,-31.323619,-64.207953,6,2015;2016;2017;2018;2019;2020
87345099999,-31.4,-64.1833333,3,2017;2018;2020
87347099999,-31.444744,-64.283061,6,2015;2016;2017;2018;2019;2020
87349099999,-31.6666667,-63.8833333,6,2015;2016;2017;2018;2019;2020
87371099999,-31.711666,-60.811668,6,2015;2016;2017;2018;2019;2020
87374099999,-31.794778,-60.480361,6,2015;2016;2017;2018;2019;2020
87393099999,-30.271922,-57.640231,6,2015;2016;2017;2018;2019;2020
87395099999,-31.296944,-57.996631,6,2015;2016;2017;2018;2019;2020
87405099999,-32.6,-69.3333333,3,2017;2019;2020
87412099999,-33.7666667,-69.0333333,3,2017;2019;2020
87416099999,-33.0833333,-68.4166667,6,2015;2016;2017;2018;2019;2020
87418099999,-32.831717,-68.792856,6,2015;2016;2017;2018;2019;2020
87420099999,-32.8833333,-68.85,4,2017;2018;2019;2020
87436099999,-33.273192,-66.356422,6,2015;2016;2017;2018;2019;2020
87444099999,-32.3833333,-65.1833333,2,2017;2020
87448099999,-33.729942,-65.387419,6,2015;2016;2017;2018;2019;2020
87453099999,-33.085128,-64.261314,6,2015;2016;2017;2018;2019;2020
87467099999,-32.683639,-62.157792,6,2015;2016;2017;2018;2019;2020
87468099999,-33.6666666,-61.9666666,1,2017
87470099999,-32.5,-61.6666666,3,2017;2019;2020
87480099999,-32.903611,-60.785,6,2015;2016;2017;2018;2019;2020
87497099999,-33.010278,-58.613056,6,2015;2016;2017;2018;2019;2020
87506099999,-35.493597,-69.574267,6,2015;2016;2017;2018;2019;2020
87509099999,-34.588089,-68.402678,6,2015;2016;2017;2018;2019;2020
87532099999,-35.696183,-63.758286,6,2015;2016;2017;2018;2019;2020
87534099999,-34.135444,-63.36225,6,2015;2016;2017;2018;2019;2020
87544099999,-35.844592,-61.857553,4,2016;2017;2019;2020
87548099999,-34.545889,-60.930556,6,2015;2016;2017;2018;2019;2020
87553099999,-34.453189,-58.589644,6,2015;2016;2017;2018;2019;2020
87563099999,-36.0666666,-59.1,6,2015;2016;2017;2018;2019;2020
87569099999,-34.55,-58.7333333,1,2017
87571099999,-34.609939,-58.612592,6,2015;2016;2017;2018;2019;2020
87576099999,-34.822222,-58.535833,6,2015;2016;2017;2018;2019;2020
87582099999,-34.559175,-58.415606,6,2015;2016;2017;2018;2019;2020
87585099999,-34.5833333,-58.4833333,6,2015;2016;2017;2018;2019;2020
87593099999,-34.972222,-57.894694,6,2015;2016;2017;2018;2019;2020
87596099999,-35.3666666,-57.2833333,3,2017;2019;2020
87623099999,-36.588322,-64.275694,6,2015;2016;2017;2018;2019;2020
87637099999,-37.4333333,-61.8833333,1,2020
87639099999,-36.187061,-61.076144,1,2015
87640099999,-36.2,-61.0666666,6,2015;2016;2017;2018;2019;2020
87641099999,-36.8333333,-59.8833333,6,2015;2016;2017;2018;2019;2020
87642099999,-36.75,-59.8333333,6,2015;2016;2017;2018;2019;2020
87643099999,-36.8833333,-60.2166666,3,2017;2019;2020
87645099999,-37.237392,-59.227922,6,2015;2016;2017;2018;2019;2020
87648099999,-36.35,-57.7333333,6,2015;2016;2017;2018;2019;2020
87649099999,-37.7166666,-59.7833333,1,2020
87679099999,-37.6,-62.3833333,1,2020
87688099999,-38.386911,-60.329711,6,2015;2016;2017;2018;2019;2020
87692099999,-37.934167,-57.573333,6,2015;2016;2017;2018;2019;2020
87715099999,-38.949,-68.155711,6,2015;2016;2017;2018;2019;2020
87750099999,-38.724967,-62.169317,6,2015;2016;2017;2018;2019;2020
87761099999,-40.075383,-71.137294,6,2015;2016;2017;2018;2019;2020
87765099999,-41.151172,-71.157542,6,2015;2016;2017;2018;2019;2020
87774099999,-41.25,-68.7333333,6,2015;2016;2017;2018;2019;2020
87784099999,-40.7833333,-65.1,6,2015;2016;2017;2018;2019;2020
87789599999,-42.759161,-65.102725,6,2015;2016;2017;2018;2019;2020
87791099999,-40.869222,-63.000389,6,2015;2016;2017;2018;2019;2020
87800099999,-41.943189,-71.532289,6,2015;2016;2017;2018;2019;2020
87803099999,-42.90795,-71.139472,6,2015;2016;2017;2018;2019;2020
87814099999,-43.8166667,-68.8833333,1,2020
87823099999,-42.7333333,-65.0666666,3,2016;2017;2020
87828099999,-43.2105,-65.270319,6,2015;2016;2017;2018;2019;2020
87852099999,-46.5166667,-71.0166667,6,2015;2016;2017;2018;2019;2020
87852699999,-45.5752,-69.077,1,2018
87860099999,-45.785347,-67.465508,6,2015;2016;2017;2018;2019;2020
87880099999,-48.7833333,-70.1666667,2,2017;2020
87896099999,-47.735292,-65.904097,6,2015;2016;2017;2018;2019;2020
87903599999,-50.280322,-72.053103,6,2015;2016;2017;2018;2019;2020
87904099999,-50.2666666,-72.05,6,2015;2016;2017;2018;2019;2020
87909099999,-49.306775,-67.802589,6,2015;2016;2017;2018;2019;2020
87912099999,-50.01655,-68.579197,3,2015;2019;2020
87917499999,-51.6,-72.2166667,6,2015;2016;2017;2018;2019;2020
87925099999,-51.608875,-69.312636,6,2015;2016;2017;2018;2019;2020
87934099999,-53.777667,-67.749389,6,2015;2016;2017;2018;2019;2020
87938099999,-54.843278,-68.29575,6,2015;2016;2017;2018;2019;2020
88870099999,-51.4166666,-60.5666666,6,2015;2016;2017;2018;2019;2020
88878099999,-51.3166666,-59.6,5,2016;2017;2018;2019;2020
88881099999,-51.6666666,-58.1,6,2015;2016;2017;2018;2019;2020
88883099999,-51.9,-60.9166666,5,2016;2017;2018;2019;2020
88884099999,-51.937,-60.062,2,2019;2020
88889099999,-51.822777,-58.447222,6,2015;2016;2017;2018;2019;2020
88891099999,-51.685672,-57.777644,6,2015;2016;2017;2018;2019;2020
88894099999,-52.15,-60.6,6,2015;2016;2017;2018;2019;2020
88897099999,-52.4333333,-59.0833333,5,2016;2017;2018;2019;2020
88900099999,-54.0,-38.05,6,2015;2016;2017;2018;2019;2020
88903099999,-54.2833333,-36.5,5,2016;2017;2018;2019;2020
88963099999,-63.4,-56.9833333,6,2015;2016;2017;2018;2019;2020
88968099999,-60.7333333,-44.7333333,6,2015;2016;2017;2018;2019;2020
89002099999,-70.6666666,-8.25,6,2015;2016;2017;2018;2019;2020
89003099999,-71.15,-6.6833333,3,2015;2019;2020
89004099999,-71.7,-2.8,6,2015;2016;2017;2018;2019;2020
89009090001,-90.0,0.0,6,2015;2016;2017;2018;2019;2020
89013099999,-82.7666666,-13.05,6,2015;2016;2017;2018;2019;2020
89014099999,-73.05,-13.3833333,6,2015;2016;2017;2018;2019;2020
89022099999,-75.61,-26.2722222,6,2015;2016;2017;2018;2019;2020
89034099999,-77.8666666,-34.6166666,6,2015;2016;2017;2018;2019;2020
89050099999,-62.1833333,-58.8833333,6,2015;2016;2017;2018;2019;2020
89053099999,-62.2333333,-58.6333333,6,2015;2016;2017;2018;2019;2020
89054099999,-62.1833333,-58.85,2,2015;2016
89055099999,-64.2333333,-56.7166666,6,2015;2016;2017;2018;2019;2020
89056099999,-62.1833333,-58.9833333,6,2015;2016;2017;2018;2019;2020
89057099999,-62.5,-59.6833333,6,2015;2016;2017;2018;2019;2020
89058099999,-62.2166666,-58.9666666,6,2015;2016;2017;2018;2019;2020
89059099999,-63.3166666,-56.6833333,6,2015;2016;2017;2018;2019;2020
89061089061,-64.766,-64.083,6,2015;2016;2017;2018;2019;2020
89062099999,-67.5666666,-68.1166666,6,2015;2016;2017;2018;2019;2020
89063099999,-65.25,-64.2666666,6,2015;2016;2017;2018;2019;2020
89064099999,-62.6666666,-60.3833333,5,2015;2016;2018;2019;2020
89065099999,-71.3166666,-68.2833333,4,2016;2018;2019;2020
89066099999,-68.1166666,-67.1333333,6,2015;2016;2017;2018;2019;2020
89087099999,-85.2,-87.8833333,1,2016
89108099999,-89.0,-1.0166666,6,2015;2016;2017;2018;2019;2020
89132099999,-74.7666666,-136.8,3,2015;2016;2017
89175099999,-78.8,-174.6666666,1,2019
89251099999,-62.2166666,-58.75,6,2015;2016;2017;2018;2019;2020
89257099999,-75.8666666,-59.15,4,2016;2018;2019;2020
89262099999,-67.0166666,-61.4666666,4,2016;2018;2019;2020
89266099999,-72.2,-60.1666666,4,2016;2018;2019;2020
89269099999,-64.7833333,-64.0666666,1,2016
89272099999,-74.8,-71.4833333,4,2016;2018;2019;2020
89314099999,-84.6,-115.8166666,6,2015;2016;2017;2018;2019;2020
89324099999,-80.0,-119.4,5,2015;2016;2018;2019;2020
89327099999,-73.2,-127.05,5,2015;2016;2017;2018;2019
89329099999,-83.0,-121.3833333,5,2016;2017;2018;2019;2020
89332099999,-82.6166666,-137.0833333,6,2015;2016;2017;2018;2019;2020
89345099999,-81.65,-148.7833333,4,2016;2018;2019;2020
89376099999,-79.9833333,-178.6,4,2016;2018;2019;2020
89377099999,-82.5166666,-174.45,5,2016;2017;2018;2019;2020
89504099999,-72.0166666,2.5333333,6,2015;2016;2017;2018;2019;2020
89507099999,-75.0,0.0,6,2015;2016;2017;2018;2019;2020
89512099999,-70.7666666,11.8333333,6,2015;2016;2017;2018;2019;2020
89514099999,-70.7666666,11.75,6,2015;2016;2017;2018;2019;2020
89532099999,-69.0,39.5833333,6,2015;2016;2017;2018;2019;2020
89536099999,-78.65,35.6333333,2,2015;2016
89542099999,-67.6666666,45.85,5,2015;2017;2018;2019;2020
89558099999,-82.1166666,55.0333333,2,2015;2016
89564099999,-67.6,62.8666666,6,2015;2016;2017;2018;2019;2020
89570099999,-68.4666666,78.8166666,6,2015;2016;2017;2018;2019;2020
89571099999,-68.5833333,77.9666666,6,2015;2016;2017;2018;2019;2020
89573099999,-69.3666666,76.3666666,6,2015;2016;2017;2018;2019;2020
89574099999,-69.3833333,76.3833333,6,2015;2016;2017;2018;2019;2020
89575099999,-69.75,73.7,4,2015;2016;2019;2020
89577099999,-80.37,77.37,6,2015;2016;2017;2018;2019;2020
89578099999,-76.42,77.02,6,2015;2016;2017;2018;2019;2020
89592099999,-66.55,93.0166666,6,2015;2016;2017;2018;2019;2020
89598099999,-82.0166666,96.7666666,4,2016;2018;2019;2020
89600099999,-66.25,100.6,4,2016;2017;2018;2019
89601099999,-66.2666666,100.75,4,2017;2018;2019;2020
89606099999,-78.45,106.8666666,6,2015;2016;2017;2018;2019;2020
89610099999,-65.85,113.0666666,5,2015;2016;2017;2018;2020
89611099999,-66.2833333,110.5333333,6,2015;2016;2017;2018;2019;2020
89614099999,-66.7,111.5,6,2015;2016;2017;2018;2019;2020
89615099999,-66.6833333,111.5333333,5,2015;2016;2017;2018;2019
89625099999,-75.1,123.4,6,2015;2016;2017;2018;2019;2020
89642099999,-66.6666666,140.0166666,6,2015;2016;2017;2018;2019;2020
89643099999,-66.8166666,141.3833333,2,2019;2020
89646099999,-71.65,148.65,5,2015;2016;2017;2018;2019
89648099999,-75.5333333,145.8666666,6,2015;2016;2017;2018;2019;2020
89657099999,-69.5,159.3833333,2,2015;2016
89659099999,-73.6333333,160.65,6,2015;2016;2017;2018;2019;2020
89661099999,-73.5166666,169.75,6,2015;2016;2017;2018;2019;2020
89662099999,-74.7,164.1,6,2015;2016;2017;2018;2019;2020
89664087601,-77.88333,166.73333,6,2015;2016;2017;2018;2019;2020
89666099999,-76.7166666,162.9666666,6,2015;2016;2017;2018;2019;2020
89667099999,-77.95,166.5,6,2015;2016;2017;2018;2019;2020
89668000414,-77.95,166.517,3,2015;2016;2017
89674099999,-77.867358,167.056572,6,2015;2016;2017;2018;2019;2020
89734099999,-77.3166666,39.7,6,2015;2016;2017;2018;2019;2020
89744099999,-74.0166666,43.05,6,2015;2016;2017;2018;2019;2020
89767099999,-70.9,69.8666666,6,2015;2016;2017;2018;2019;2020
89768099999,-78.55,166.65,5,2015;2016;2017;2018;2019
89769099999,-78.4666666,168.3833333,4,2016;2018;2019;2020
89799099999,-89.0,89.6666666,5,2015;2016;2018;2019;2020
89807099999,-66.55,107.75,5,2015;2016;2017;2018;2019
89809099999,-66.2833333,110.7666666,6,2015;2016;2017;2018;2019;2020
89811099999,-66.7333333,112.8333333,6,2015;2016;2017;2018;2019;2020
89815099999,-66.5833333,110.7,6,2015;2016;2017;2018;2019;2020
89828099999,-75.1166666,123.3666666,6,2015;2016;2017;2018;2019;2020
89832099999,-66.7166666,139.8333333,4,2016;2018;2019;2020
89834099999,-67.4,138.7333333,4,2016;2018;2019;2020
89864099999,-74.95,163.6833333,5,2015;2016;2018;2019;2020
89865099999,-76.1333333,168.3833333,4,2016;2018;2019;2020
89866099999,-77.4333333,163.75,6,2015;2016;2017;2018;2019;2020
89868099999,-79.9,169.9833333,5,2015;2016;2018;2019;2020
89869099999,-79.95,165.1166666,5,2015;2016;2018;2019;2020
89872099999,-77.9,170.8166666,4,2016;2018;2019;2020
89873099999,-83.1333333,174.1666666,6,2015;2016;2017;2018;2019;2020
89879099999,-71.8833333,171.2,6,2015;2016;2017;2018;2019;2020
91066022701,28.2,-177.38333,6,2015;2016;2017;2018;2019;2020
91162022501,22.03333,-159.78333,6,2015;2016;2017;2018;2019;2020
91165022536,21.98389,-159.34056,6,2015;2016;2017;2018;2019;2020
91170022508,21.48722,-158.02806,6,2015;2016;2017;2018;2019;2020
91176022519,21.45045,-157.76794,6,2015;2016;2017;2018;2019;2020
91178022551,21.31667,-158.06667,6,2015;2016;2017;2018;2019;2020
91180399999,21.31605,-157.92668,2,2015;2016
91182022521,21.324,-157.9294,6,2015;2016;2017;2018;2019;2020
91186022534,21.1545,-157.0961,6,2015;2016;2017;2018;2019;2020
91190022516,20.89972,-156.42861,6,2015;2016;2017;2018;2019;2020
91190422552,20.9625,-156.6753,6,2015;2016;2017;2018;2019;2020
91190522524,20.7895,-156.9485,6,2015;2016;2017;2018;2019;2020
91190799999,20.795636,-156.014439,1,2020
91197521510,19.73556,-156.04889,6,2015;2016;2017;2018;2019;2020
91197721508,19.76,-155.55361,6,2015;2016;2017;2018;2019;2020
91202099999,10.2,139.8,1,2015
91203099999,10.0333333,139.8,6,2015;2016;2017;2018;2019;2020
91204099999,10.0333333,139.8,1,2016
91212041415,13.48333,144.8,6,2015;2016;2017;2018;2019;2020
91218041414,13.58333,144.91667,6,2015;2016;2017;2018;2019;2020
91221041419,14.1717,145.2428,6,2015;2016;2017;2018;2019;2020
91231041420,14.99917,145.62111,6,2015;2016;2017;2018;2019;2020
91232041418,15.11667,145.71667,6,2015;2016;2017;2018;2019;2020
91233341420,14.99917,145.62111,6,2015;2016;2017;2018;2019;2020
91234099999,20.05,145.2166666,1,2015
91246041606,19.28333,166.65,6,2015;2016;2017;2018;2019;2020
91258099999,11.2333333,169.85,5,2015;2016;2017;2018;2019
91259099999,11.2333333,169.6833333,1,2016
91285021504,19.7191,-155.053,6,2015;2016;2017;2018;2019;2020
91314099999,5.3333333,132.3833333,1,2020
91317099999,7.3833333,143.9166666,6,2015;2016;2017;2018;2019;2020
91320099999,8.5833333,149.65,5,2015;2016;2017;2019;2020
91324099999,7.35,149.2,6,2015;2016;2017;2018;2019;2020
91325099999,6.7,149.3,1,2015
91329099999,8.55,151.9,6,2015;2016;2017;2018;2019;2020
91334040505,7.46666,151.85,6,2015;2016;2017;2018;2019;2020
91336099999,6.8833333,152.7166667,6,2015;2016;2017;2018;2019;2020
91339099999,5.5,153.8166666,6,2015;2016;2017;2018;2019;2020
91343099999,7.6333333,155.1666666,4,2015;2016;2019;2020
91348099999,6.9851,158.208989,6,2015;2016;2017;2018;2019;2020
91348199999,6.9666667,158.2166667,6,2015;2016;2017;2018;2019;2020
91350099999,6.6666667,159.7833333,6,2015;2016;2017;2018;2019;2020
91353099999,6.2166666,160.7,6,2015;2016;2017;2018;2019;2020
91354099999,9.7666666,160.9833333,2,2017;2018
91355540509,6.98333,158.2,2,2019;2020
91356000493,5.35444,162.95333,6,2015;2016;2017;2018;2019;2020
91364099999,9.4,167.4666666,1,2016
91366040604,8.73333,167.73333,6,2015;2016;2017;2018;2019;2020
91367099999,7.2666666,168.8333333,6,2015;2016;2017;2018;2019;2020
91368099999,7.2666666,168.8333333,1,2015
91369099999,5.9166666,169.65,6,2015;2016;2017;2018;2019;2020
91369199999,7.0833333,171.1333333,6,2015;2016;2017;2018;2019;2020
91371099999,9.4666666,170.25,6,2015;2016;2017;2018;2019;2020
91376000492,7.06472,171.27194,6,2015;2016;2017;2018;2019;2020
91378099999,6.0833333,171.7333333,6,2015;2016;2017;2018;2019;2020
91408040310,7.36722,134.54417,6,2015;2016;2017;2018;2019;2020
91408140309,7.33333,134.48333,4,2015;2016;2017;2018
91410099999,3.0166666,131.1833333,1,2019
91413040308,9.48333,138.08333,6,2015;2016;2017;2018;2019;2020
91425099999,3.85,155.0166666,6,2015;2016;2017;2018;2019;2020
91434099999,1.0833333,154.7666666,6,2015;2016;2017;2018;2019;2020
91487099999,3.85,-159.3666667,1,2015
91490099999,1.986161,-157.349778,6,2015;2016;2017;2018;2019;2020
91492099999,2.0,-157.4,1,2018
91502099999,-6.7,156.3833333,6,2015;2016;2017;2018;2019;2020
91503099999,-8.327969,157.263092,6,2015;2016;2017;2018;2019;2020
91507099999,-8.7833333,160.7333333,6,2015;2016;2017;2018;2019;2020
91517099999,-9.4166666,159.9666666,6,2015;2016;2017;2018;2019;2020
91520099999,-9.428,160.054789,6,2015;2016;2017;2018;2019;2020
91533099999,-0.9,169.5333333,1,2015
91541099999,-10.7,165.8,6,2015;2016;2017;2018;2019;2020
91550099999,-13.3166666,166.6166666,3,2017;2018;2019
91551099999,-13.85,167.55,6,2015;2016;2017;2018;2019;2020
91551599999,-15.3,167.9666666,6,2015;2016;2017;2018;2019;2020
91554099999,-15.501253,167.222603,6,2015;2016;2017;2018;2019;2020
91555099999,-16.4166667,167.8,6,2015;2016;2017;2018;2019;2020
91557099999,-17.699325,168.319794,6,2015;2016;2017;2018;2019;2020
91562099999,-18.783,168.817,4,2017;2018;2019;2020
91565099999,-19.455103,169.223928,6,2015;2016;2017;2018;2019;2020
91568099999,-20.2333333,169.7666666,6,2015;2016;2017;2018;2019;2020
91570099999,-18.4833333,163.0833333,6,2015;2016;2017;2018;2019;2020
91571099999,-20.4597222,164.215,3,2016;2017;2018
91573099999,-19.7166666,163.65,6,2015;2016;2017;2018;2019;2020
91574099999,-19.9666666,158.4833333,6,2015;2016;2017;2018;2019;2020
91577099999,-20.546314,164.255625,6,2015;2016;2017;2018;2019;2020
91579099999,-20.640556,166.572778,6,2015;2016;2017;2018;2019;2020
91582099999,-20.7748,167.239864,6,2015;2016;2017;2018;2019;2020
91583099999,-20.9333333,165.3166666,6,2015;2016;2017;2018;2019;2020
91587099999,-21.481678,168.037508,6,2015;2016;2017;2018;2019;2020
91590099999,-22.014553,166.212972,6,2015;2016;2017;2018;2019;2020
91592099999,-22.2666667,166.45,6,2015;2016;2017;2018;2019;2020
91592599999,-20.790028,165.259486,4,2017;2018;2019;2020
91596099999,-22.588856,167.455969,6,2015;2016;2017;2018;2019;2020
91598099999,-22.3333333,171.3333333,1,2020
91601099999,3.0333333,172.7833333,6,2015;2016;2017;2018;2019;2020
91602099999,-0.8833333,169.5333333,6,2015;2016;2017;2018;2019;2020
91610099999,1.381636,173.147036,6,2015;2016;2017;2018;2019;2020
91612099999,1.3833333,173.15,6,2015;2016;2017;2018;2019;2020
91623099999,-1.35,176.0,6,2015;2016;2017;2018;2019;2020
91629099999,-2.6666667,176.8333333,4,2016;2017;2018;2020
91631099999,-5.6666667,176.1333333,6,2015;2016;2017;2018;2019;2020
91636099999,-7.2333333,177.15,6,2015;2016;2017;2018;2019;2020
91642099999,-8.5,179.2166666,1,2017
91643080705,-8.517,179.217,6,2015;2016;2017;2018;2019;2020
91648099999,-10.75,179.5,6,2015;2016;2017;2018;2019;2020
91650099999,-12.5,177.05,6,2015;2016;2017;2018;2019;2020
91652099999,-16.1333333,-179.9833333,6,2015;2016;2017;2018;2019;2020
91656099999,-16.4333333,179.4166666,3,2018;2019;2020
91657099999,-16.466749,179.33986,6,2015;2016;2017;2018;2019;2020
91659099999,-17.0,178.7,6,2015;2016;2017;2018;2019;2020
91660099999,-16.7,177.5833333,6,2015;2016;2017;2018;2019;2020
91663099999,-16.8166667,179.35,5,2016;2017;2018;2019;2020
91665099999,-16.6833333,-179.8666667,5,2016;2017;2018;2019;2020
91669099999,-17.35,178.2166666,6,2015;2016;2017;2018;2019;2020
91670099999,-17.15,176.9,6,2015;2016;2017;2018;2019;2020
91676099999,-17.2333333,-178.95,6,2015;2016;2017;2018;2019;2020
91680099999,-17.755392,177.443378,6,2015;2016;2017;2018;2019;2020
91682099999,-18.15,177.4166667,6,2015;2016;2017;2018;2019;2020
91683099999,-18.043267,178.559228,6,2015;2016;2017;2018;2019;2020
91690099999,-18.15,178.45,5,2015;2016;2017;2018;2020
91691099999,-18.2333333,-178.8,6,2015;2016;2017;2018;2019;2020
91693099999,-19.05,178.1666666,6,2015;2016;2017;2018;2019;2020
91697099999,-19.1333333,179.75,6,2015;2016;2017;2018;2019;2020
91699099999,-20.6666666,-178.7166666,6,2015;2016;2017;2018;2019;2020
91701099999,-2.7666666,-171.7166666,6,2015;2016;2017;2018;2019;2020
91723099999,-9.1833333,-171.883333,2,2019;2020
91735099999,-13.45,-172.4,6,2015;2016;2017;2018;2019;2020
91736099999,-13.75,-172.25,6,2015;2016;2017;2018;2019;2020
91737099999,-13.5333333,-172.7166666,6,2015;2016;2017;2018;2019;2020
91738099999,-13.8333333,-172.0,6,2015;2016;2017;2018;2019;2020
91739099999,-13.8333333,-172.0166666,6,2015;2016;2017;2018;2019;2020
91740099999,-13.85,-172.1166666,6,2015;2016;2017;2018;2019;2020
91741099999,-13.8833333,-171.6,6,2015;2016;2017;2018;2019;2020
91742099999,-14.0333333,-171.7666666,6,2015;2016;2017;2018;2019;2020
91743099999,-13.95,-171.6,5,2015;2016;2017;2018;2019
91753099999,-13.238281,-176.199228,6,2015;2016;2017;2018;2019;2020
91754099999,-14.3166667,-178.1166667,6,2015;2016;2017;2018;2019;2020
91757099999,-13.6,-172.2166666,1,2017
91759099999,-13.829969,-172.008336,6,2015;2016;2017;2018;2019;2020
91760099999,-13.5,-172.6333333,2,2015;2017
91762099999,-13.8,-171.7833333,6,2015;2016;2017;2018;2019;2020
91765061705,-14.33056,-170.71361,5,2016;2017;2018;2019;2020
91768099999,-14.1833333,-169.5,1,2017
91772099999,-15.5666666,-175.6166666,6,2015;2016;2017;2018;2019;2020
91776099999,-15.95,-173.7666666,6,2015;2016;2017;2018;2019;2020
91779099999,-18.5833333,-173.9666666,6,2015;2016;2017;2018;2019;2020
91783099999,-18.585336,-173.961717,6,2015;2016;2017;2018;2019;2020
91784099999,-19.777006,-174.341319,6,2015;2016;2017;2018;2019;2020
91789099999,-21.1333333,-175.1833333,1,2017
91792000487,-21.23,-175.15,6,2015;2016;2017;2018;2019;2020
91802099999,-9.0333333,-158.05,5,2015;2016;2017;2018;2020
91809099999,-10.3767,-161.00199,6,2015;2016;2017;2018;2019;2020
91811099999,-10.9145,-165.8393,3,2018;2019;2020
91822099999,-19.0666666,-169.9166666,6,2015;2016;2017;2018;2019;2020
91824099999,-19.0833333,-169.9333333,2,2015;2016
91830099999,-18.830922,-159.764233,6,2015;2016;2017;2018;2019;2020
91831099999,-18.8333333,-159.7666666,5,2015;2016;2017;2018;2020
91841099999,-20.1666666,-157.35,2,2018;2020
91843099999,-21.202739,-159.805556,6,2015;2016;2017;2018;2019;2020
91844099999,-21.2,-159.7833333,1,2018
91848099999,-21.895833,-157.90666,4,2017;2018;2019;2020
91925099999,-9.8,-139.0333333,6,2015;2016;2017;2018;2019;2020
91929099999,-16.4333333,-151.75,6,2015;2016;2017;2018;2019;2020
91930099999,-16.444378,-151.751286,1,2017
91936099999,-17.75,-149.167,4,2017;2018;2019;2020
91938099999,-17.55375,-149.607236,6,2015;2016;2017;2018;2019;2020
91943099999,-14.4833333,-145.0333333,6,2015;2016;2017;2018;2019;2020
91944099999,-18.074814,-140.945886,6,2015;2016;2017;2018;2019;2020
91945099999,-19.9,-144.949444,3,2015;2016;2018
91948099999,-23.1333333,-134.9666666,6,2015;2016;2017;2018;2019;2020
91954099999,-23.365353,-149.524072,6,2015;2016;2017;2018;2019;2020
91958099999,-27.6166666,-144.3333333,6,2015;2016;2017;2018;2019;2020
91962099999,-25.0666666,-130.1,3,2016;2017;2019
91964099999,-25.0666666,-130.1,3,2015;2019;2020
92001099999,-6.0833333,141.1833333,6,2015;2016;2017;2018;2019;2020
92004099999,-3.583828,143.669186,6,2015;2016;2017;2018;2019;2020
92005099999,-5.8333333,144.3,1,2017
92010099999,-6.0666666,145.3833333,6,2015;2016;2017;2018;2019;2020
92014099999,-5.207083,145.7887,6,2015;2016;2017;2018;2019;2020
92014599999,-5.826789,144.295861,4,2017;2018;2019;2020
92014899999,-2.061889,147.42415,6,2015;2016;2017;2018;2019;2020
92022099999,-2.7,141.3166666,6,2015;2016;2017;2018;2019;2020
92035099999,-9.443383,147.22005,6,2015;2016;2017;2018;2019;2020
92044099999,-2.05,147.4166666,5,2015;2016;2017;2018;2020
92047099999,-6.569828,146.726242,6,2015;2016;2017;2018;2019;2020
92072099999,-5.4666666,150.4,1,2015
92076099999,-2.5666666,150.8166666,6,2015;2016;2017;2018;2019;2020
92077099999,-10.3166666,150.3333333,6,2015;2016;2017;2018;2019;2020
92087099999,-10.6833333,152.8333333,6,2015;2016;2017;2018;2019;2020
92100099999,-4.3333333,152.3666666,6,2015;2016;2017;2018;2019;2020
93004099999,-34.4333333,172.6833333,6,2015;2016;2017;2018;2019;2020
93021099999,-35.25,173.9,1,2020
93023099999,-35.1166666,174.0166666,6,2015;2016;2017;2018;2019;2020
93057099999,-35.7666666,174.3666666,1,2020
93069099999,-35.9,175.1,6,2015;2016;2017;2018;2019;2020
93110099999,-37.0,174.8,6,2015;2016;2017;2018;2019;2020
93112099999,-36.787777,174.630278,6,2015;2016;2017;2018;2019;2020
93119099999,-37.008056,174.791667,6,2015;2016;2017;2018;2019;2020
93129099999,-36.8666666,175.6666666,1,2020
93186099999,-37.671944,176.19611,6,2015;2016;2017;2018;2019;2020
93196099999,-37.55,178.3,6,2015;2016;2017;2018;2019;2020
93201099999,-38.1666666,174.7,4,2017;2018;2019;2020
93245099999,-38.7333333,176.0666666,6,2015;2016;2017;2018;2019;2020
93292099999,-38.663333,177.978333,6,2015;2016;2017;2018;2019;2020
93309099999,-39.0166666,174.1833333,6,2015;2016;2017;2018;2019;2020
93339099999,-39.4333333,175.65,6,2015;2016;2017;2018;2019;2020
93373099999,-39.4666666,176.8666666,6,2015;2016;2017;2018;2019;2020
93393099999,-39.1166666,177.95,2,2019;2020
93401099999,-40.206039,175.387808,6,2015;2016;2017;2018;2019;2020
93404099999,-40.3166666,175.6,6,2015;2016;2017;2018;2019;2020
93420099999,-40.9,174.9833333,6,2015;2016;2017;2018;2019;2020
93436000488,-41.3,174.8,6,2015;2016;2017;2018;2019;2020
93439099999,-41.3333333,174.8,6,2015;2016;2017;2018;2019;2020
93441099999,-40.0333333,176.2666666,2,2019;2020
93479099999,-41.5833333,175.2333333,2,2019;2020
93498099999,-40.9,176.2,6,2015;2016;2017;2018;2019;2020
93515099999,-41.7333333,171.5666666,6,2015;2016;2017;2018;2019;2020
93527099999,-40.55,173.0,6,2015;2016;2017;2018;2019;2020
93546099999,-41.3,173.2,6,2015;2016;2017;2018;2019;2020
93562099999,-40.65,173.9833333,2,2019;2020
93597099999,-41.7166666,174.2666666,6,2015;2016;2017;2018;2019;2020
93614099999,-42.7166666,170.9833333,6,2015;2016;2017;2018;2019;2020
93678099999,-42.4166666,173.7,6,2015;2016;2017;2018;2019;2020
93709099999,-43.8666666,169.0,6,2015;2016;2017;2018;2019;2020
93721099999,-44.6666666,167.9166666,2,2019;2020
93738099999,-43.7666666,170.1333333,2,2019;2020
93747099999,-44.5166666,169.9,4,2017;2018;2019;2020
93773099999,-44.3,171.2333333,6,2015;2016;2017;2018;2019;2020
93780099999,-43.489358,172.532225,6,2015;2016;2017;2018;2019;2020
93781099999,-43.4833333,172.5166666,6,2015;2016;2017;2018;2019;2020
93792099999,-43.7333333,173.1166666,2,2019;2020
93796099999,-44.9666666,171.0833333,2,2019;2020
93800099999,-45.2166666,166.8833333,6,2015;2016;2017;2018;2019;2020
93805099999,-46.15,166.6,6,2015;2016;2017;2018;2019;2020
93831099999,-45.0166666,168.7333333,6,2015;2016;2017;2018;2019;2020
93845099999,-46.4166666,168.3333333,6,2015;2016;2017;2018;2019;2020
93887099999,-46.45,169.8166666,2,2019;2020
93891099999,-45.9166666,170.1833333,6,2015;2016;2017;2018;2019;2020
93909099999,-47.2666666,167.45,6,2015;2016;2017;2018;2019;2020
93929099999,-50.4833333,166.3,6,2015;2016;2017;2018;2019;2020
93945099999,-52.55,169.167,3,2015;2016;2017
93947099999,-52.55,169.15,6,2015;2016;2017;2018;2019;2020
93985099999,-43.8166666,-176.4833333,6,2015;2016;2017;2018;2019;2020
93994099999,-29.25,-177.9333333,6,2015;2016;2017;2018;2019;2020
94100099999,-14.3,126.6333333,6,2015;2016;2017;2018;2019;2020
94102099999,-13.75,126.15,6,2015;2016;2017;2018;2019;2020
94103099999,-14.1166666,123.5333333,6,2015;2016;2017;2018;2019;2020
94105099999,-12.6166666,131.05,6,2015;2016;2017;2018;2019;2020
94106099999,-14.7166666,134.75,6,2015;2016;2017;2018;2019;2020
94108099999,-11.1666666,132.4833333,6,2015;2016;2017;2018;2019;2020
94109099999,-11.55,132.9266667,6,2015;2016;2017;2018;2019;2020
94110099999,-12.3333333,133.0072222,6,2015;2016;2017;2018;2019;2020
94116099999,-12.6333333,130.3666666,6,2015;2016;2017;2018;2019;2020
94117099999,-13.7333333,130.6833333,1,2015
94119099999,-11.4,130.4166666,6,2015;2016;2017;2018;2019;2020
94120099999,-12.414722,130.876667,6,2015;2016;2017;2018;2019;2020
94121099999,-13.1666666,130.1166666,6,2015;2016;2017;2018;2019;2020
94122099999,-11.7833333,130.0166666,6,2015;2016;2017;2018;2019;2020
94125099999,-13.05,131.0166666,6,2015;2016;2017;2018;2019;2020
94127099999,-12.2333333,131.8833333,6,2015;2016;2017;2018;2019;2020
94128099999,-13.8333333,131.1833333,6,2015;2016;2017;2018;2019;2020
94129099999,-11.3166666,131.7666666,1,2015
94130099999,-14.95,130.8,6,2015;2016;2017;2018;2019;2020
94131099999,-14.521111,132.377778,6,2015;2016;2017;2018;2019;2020
94132099999,-14.4666666,132.2666666,5,2015;2016;2017;2018;2019
94134099999,-11.15,132.1333333,6,2015;2016;2017;2018;2019;2020
94135099999,-11.05,132.9833333,6,2015;2016;2017;2018;2019;2020
94137099999,-12.6666666,132.9,6,2015;2016;2017;2018;2019;2020
94139099999,-11.65,133.3833333,6,2015;2016;2017;2018;2019;2020
94140099999,-12.1166666,134.9,6,2015;2016;2017;2018;2019;2020
94141099999,-13.3333333,133.0833333,6,2015;2016;2017;2018;2019;2020
94143099999,-13.6666666,134.3333333,6,2015;2016;2017;2018;2019;2020
94147099999,-11.0166666,136.75,6,2015;2016;2017;2018;2019;2020
94150099999,-12.2833333,136.8166666,6,2015;2016;2017;2018;2019;2020
94152099999,-16.0833333,136.3,6,2015;2016;2017;2018;2019;2020
94153099999,-13.975,136.46,6,2015;2016;2017;2018;2019;2020
94170099999,-12.6833333,141.9166666,6,2015;2016;2017;2018;2019;2020
94171099999,-12.678611,141.925278,6,2015;2016;2017;2018;2019;2020
94174099999,-10.5833333,142.2833333,6,2015;2016;2017;2018;2019;2020
94182099999,-10.05,143.0666666,6,2015;2016;2017;2018;2019;2020
94183099999,-13.7666666,143.1166666,6,2015;2016;2017;2018;2019;2020
94186099999,-12.7833333,143.3,6,2015;2016;2017;2018;2019;2020
94188099999,-14.9666666,145.3166666,6,2015;2016;2017;2018;2019;2020
94200099999,-19.7333333,120.85,6,2015;2016;2017;2018;2019;2020
94201099999,-16.45,123.0,6,2015;2016;2017;2018;2019;2020
94202099999,-18.6833333,121.7833333,6,2015;2016;2017;2018;2019;2020
94203099999,-17.944722,122.231667,6,2015;2016;2017;2018;2019;2020
94204099999,-17.5833333,123.8166666,5,2015;2016;2017;2018;2020
94206099999,-18.1833333,125.5666666,6,2015;2016;2017;2018;2019;2020
94207099999,-17.5333333,118.95,6,2015;2016;2017;2018;2019;2020
94210099999,-15.5166666,123.15,6,2015;2016;2017;2018;2019;2020
94211099999,-16.4166666,126.1,6,2015;2016;2017;2018;2019;2020
94212099999,-18.2333333,127.6666666,6,2015;2016;2017;2018;2019;2020
94213099999,-17.0166666,128.2166666,6,2015;2016;2017;2018;2019;2020
94214099999,-15.4833333,128.1166666,1,2015
94215099999,-15.3833333,126.3166666,6,2015;2016;2017;2018;2019;2020
94216099999,-15.778056,128.7075,6,2015;2016;2017;2018;2019;2020
94217099999,-16.6333333,128.45,6,2015;2016;2017;2018;2019;2020
94220099999,-15.65,130.4666666,1,2015
94225099999,-15.75,131.9166666,6,2015;2016;2017;2018;2019;2020
94229099999,-17.3833333,131.1166666,6,2015;2016;2017;2018;2019;2020
94231099999,-18.3333333,130.6333333,6,2015;2016;2017;2018;2019;2020
94232099999,-16.4,131.0166666,6,2015;2016;2017;2018;2019;2020
94234099999,-16.25,133.3666666,6,2015;2016;2017;2018;2019;2020
94236099999,-17.55,133.5333333,6,2015;2016;2017;2018;2019;2020
94238099999,-19.6333333,134.1833333,6,2015;2016;2017;2018;2019;2020
94239099999,-16.4333333,136.0666666,6,2015;2016;2017;2018;2019;2020
94242099999,-18.65,135.95,6,2015;2016;2017;2018;2019;2020
94248099999,-15.75,136.8,6,2015;2016;2017;2018;2019;2020
94255099999,-19.9166666,138.1166666,6,2015;2016;2017;2018;2019;2020
94257099999,-17.1166666,139.6,6,2015;2016;2017;2018;2019;2020
94258099999,-17.2,137.9333333,1,2015
94260099999,-17.75,139.5333333,6,2015;2016;2017;2018;2019;2020
94261099999,-18.75,138.7,6,2015;2016;2017;2018;2019;2020
94266099999,-17.6833333,141.0666666,4,2015;2016;2017;2018
94268099999,-15.4833333,141.75,6,2015;2016;2017;2018;2019;2020
94274099999,-18.3,143.5333333,6,2015;2016;2017;2018;2019;2020
94276099999,-16.0,144.0666666,6,2015;2016;2017;2018;2019;2020
94284099999,-16.7166666,146.1166666,6,2015;2016;2017;2018;2019;2020
94285099999,-16.3833333,145.5666666,6,2015;2016;2017;2018;2019;2020
94287099999,-16.885833,145.755278,6,2015;2016;2017;2018;2019;2020
94288099999,-16.95,145.75,1,2020
94289099999,-16.4666666,147.8666666,6,2015;2016;2017;2018;2019;2020
94290099999,-17.7166666,148.45,6,2015;2016;2017;2018;2019;2020
94291099999,-17.5166666,146.0333333,6,2015;2016;2017;2018;2019;2020
94292099999,-18.3,146.0333333,6,2015;2016;2017;2018;2019;2020
94293099999,-17.1333333,152.15,6,2015;2016;2017;2018;2019;2020
94294099999,-19.2525,146.765278,6,2015;2016;2017;2018;2019;2020
94295099999,-18.5166666,146.3833333,6,2015;2016;2017;2018;2019;2020
94297099999,-19.28,147.06,1,2020
94298099999,-19.0833333,152.3833333,6,2015;2016;2017;2018;2019;2020
94299099999,-16.2878,149.9653,6,2015;2016;2017;2018;2019;2020
94300099999,-24.8877777,113.67,6,2015;2016;2017;2018;2019;2020
94302099999,-22.235556,114.088611,6,2015;2016;2017;2018;2019;2020
94303099999,-21.45,115.0166666,6,2015;2016;2017;2018;2019;2020
94306099999,-21.1833333,115.9666666,6,2015;2016;2017;2018;2019;2020
94307099999,-20.3666666,116.85,6,2015;2016;2017;2018;2019;2020
94308099999,-20.75,117.15,6,2015;2016;2017;2018;2019;2020
94309099999,-20.7833333,117.15,1,2015
94310099999,-19.5833333,119.1,1,2020
94311099999,-20.1,119.5833333,6,2015;2016;2017;2018;2019;2020
94312099999,-20.377778,118.626389,6,2015;2016;2017;2018;2019;2020
94313099999,-22.25,118.3333333,5,2015;2016;2017;2018;2019
94316099999,-23.1666666,117.75,6,2015;2016;2017;2018;2019;2020
94317099999,-23.4166666,119.8,6,2015;2016;2017;2018;2019;2020
94318099999,-23.0333333,115.0333333,6,2015;2016;2017;2018;2019;2020
94319099999,-21.7166666,122.2166666,1,2015
94320099999,-20.15,127.9833333,2,2015;2016
94321099999,-23.2666666,129.3666666,6,2015;2016;2017;2018;2019;2020
94323099999,-24.3,131.55,6,2015;2016;2017;2018;2019;2020
94324099999,-22.25,131.8,5,2015;2016;2017;2018;2019
94325099999,-21.0,134.4,1,2015
94326099999,-23.806667,133.902222,6,2015;2016;2017;2018;2019;2020
94327099999,-22.95,136.15,6,2015;2016;2017;2018;2019;2020
94328099999,-22.45,133.6333333,6,2015;2016;2017;2018;2019;2020
94332099999,-20.663889,139.488611,6,2015;2016;2017;2018;2019;2020
94333099999,-22.9166666,139.9,6,2015;2016;2017;2018;2019;2020
94334099999,-24.3666666,139.4666666,6,2015;2016;2017;2018;2019;2020
94335099999,-20.6666666,140.5,6,2015;2016;2017;2018;2019;2020
94336099999,-21.8,139.9166666,6,2015;2016;2017;2018;2019;2020
94337099999,-20.6666666,141.7333333,6,2015;2016;2017;2018;2019;2020
94338099999,-21.8333333,140.8833333,6,2015;2016;2017;2018;2019;2020
94340099999,-20.7333333,143.1333333,6,2015;2016;2017;2018;2019;2020
94341099999,-20.701944,143.114722,6,2015;2016;2017;2018;2019;2020
94342099999,-22.3666666,143.0833333,6,2015;2016;2017;2018;2019;2020
94343099999,-20.8166666,144.2333333,6,2015;2016;2017;2018;2019;2020
94344099999,-21.6,138.3666666,6,2015;2016;2017;2018;2019;2020
94345099999,-24.2666666,144.4333333,6,2015;2016;2017;2018;2019;2020
94346099999,-23.4333333,144.2833333,6,2015;2016;2017;2018;2019;2020
94350099999,-23.55,145.2833333,6,2015;2016;2017;2018;2019;2020
94355099999,-24.8833333,146.25,6,2015;2016;2017;2018;2019;2020
94356099999,-20.0333333,146.2666666,6,2015;2016;2017;2018;2019;2020
94360099999,-20.55,147.8333333,6,2015;2016;2017;2018;2019;2020
94363099999,-23.5666666,148.1833333,6,2015;2016;2017;2018;2019;2020
94365099999,-20.495,148.552222,6,2015;2016;2017;2018;2019;2020
94366099999,-20.02,148.21,2,2015;2020
94367099999,-21.1166666,149.2166666,6,2015;2016;2017;2018;2019;2020
94368099999,-20.35,148.95,6,2015;2016;2017;2018;2019;2020
94370099999,-22.7333333,150.65,6,2015;2016;2017;2018;2019;2020
94371099999,-20.5333333,150.3833333,6,2015;2016;2017;2018;2019;2020
94372099999,-21.6666666,150.2666666,6,2015;2016;2017;2018;2019;2020
94373099999,-23.1333333,150.75,6,2015;2016;2017;2018;2019;2020
94374099999,-23.381944,150.475278,6,2015;2016;2017;2018;2019;2020
94376099999,-24.4833333,150.5666666,6,2015;2016;2017;2018;2019;2020
94377099999,-24.9,151.1,6,2015;2016;2017;2018;2019;2020
94378099999,-23.5333333,151.2833333,6,2015;2016;2017;2018;2019;2020
94379099999,-21.9666666,152.4666666,6,2015;2016;2017;2018;2019;2020
94380099999,-23.85,151.2666666,6,2015;2016;2017;2018;2019;2020
94381099999,-23.8666666,151.2166666,6,2015;2016;2017;2018;2019;2020
94384099999,-24.15,151.8833333,6,2015;2016;2017;2018;2019;2020
94386099999,-23.45,151.9166666,6,2015;2016;2017;2018;2019;2020
94387099999,-24.9,152.3166666,6,2015;2016;2017;2018;2019;2020
94388099999,-24.1166666,152.7166666,6,2015;2016;2017;2018;2019;2020
94390099999,-24.7166666,153.2,6,2015;2016;2017;2018;2019;2020
94393099999,-20.9333333,154.4,6,2015;2016;2017;2018;2019;2020
94394099999,-23.25,155.5333333,6,2015;2016;2017;2018;2019;2020
94395099999,-22.7833333,147.6166666,6,2015;2016;2017;2018;2019;2020
94396099999,-24.4666666,148.6333333,6,2015;2016;2017;2018;2019;2020
94397099999,-22.057778,148.0775,1,2020
94398099999,-23.603056,148.806944,1,2020
94399099999,-23.9333333,147.5166666,6,2015;2016;2017;2018;2019;2020
94401099999,-27.7166666,114.1666666,6,2015;2016;2017;2018;2019;2020
94402099999,-25.9166666,113.5166666,6,2015;2016;2017;2018;2019;2020
94403099999,-28.796111,114.7075,6,2015;2016;2017;2018;2019;2020
94404099999,-29.2666666,117.6833333,6,2015;2016;2017;2018;2019;2020
94405099999,-28.3,113.6,1,2020
94406099999,-26.8166666,114.6166666,1,2020
94410099999,-25.05,115.2166666,6,2015;2016;2017;2018;2019;2020
94411099999,-28.5333333,115.5166666,6,2015;2016;2017;2018;2019;2020
94414099999,-29.8166666,115.2666666,3,2015;2016;2017
94415099999,-29.6833333,115.8833333,6,2015;2016;2017;2018;2019;2020
94417099999,-29.2,116.0166666,6,2015;2016;2017;2018;2019;2020
94422099999,-26.8833333,115.95,6,2015;2016;2017;2018;2019;2020
94429099999,-28.1166666,117.8333333,6,2015;2016;2017;2018;2019;2020
94430099999,-26.6136,118.53722,1,2015
94439099999,-26.5833333,120.2166666,5,2015;2016;2017;2018;2019
94440099999,-27.2833333,120.1,3,2015;2016;2017
94444099999,-28.5,119.75,6,2015;2016;2017;2018;2019;2020
94449099999,-28.6166666,122.4166666,6,2015;2016;2017;2018;2019;2020
94450099999,-28.8833333,121.3166666,6,2015;2016;2017;2018;2019;2020
94451099999,-25.7833333,122.9666666,6,2015;2016;2017;2018;2019;2020
94457099999,-26.1333333,126.5833333,6,2015;2016;2017;2018;2019;2020
94461099999,-25.0333333,128.3,6,2015;2016;2017;2018;2019;2020
94463099999,-25.3166666,131.75,6,2015;2016;2017;2018;2019;2020
94466099999,-25.85,133.3,6,2015;2016;2017;2018;2019;2020
94474099999,-26.2666666,132.1833333,6,2015;2016;2017;2018;2019;2020
94476099999,-27.55,135.45,6,2015;2016;2017;2018;2019;2020
94477099999,-27.3,133.6166666,1,2015
94480099999,-29.65,138.0666666,1,2015
94485099999,-29.4333333,142.0,1,2015
94497099999,-29.7,144.15,6,2015;2016;2017;2018;2019;2020
94498099999,-29.4333333,147.9833333,6,2015;2016;2017;2018;2019;2020
94500099999,-28.0666666,145.6833333,6,2015;2016;2017;2018;2019;2020
94510099999,-26.413334,146.2625,6,2015;2016;2017;2018;2019;2020
94511099999,-25.85,148.5666666,6,2015;2016;2017;2018;2019;2020
94513099999,-28.0333333,147.4833333,6,2015;2016;2017;2018;2019;2020
94514099999,-26.4833333,147.9666666,6,2015;2016;2017;2018;2019;2020
94515099999,-26.55,148.7833333,6,2015;2016;2017;2018;2019;2020
94517099999,-28.05,148.6,6,2015;2016;2017;2018;2019;2020
94520099999,-28.9833333,148.9833333,6,2015;2016;2017;2018;2019;2020
94521099999,-27.15,149.0666666,6,2015;2016;2017;2018;2019;2020
94525099999,-25.6333333,149.7833333,6,2015;2016;2017;2018;2019;2020
94530099999,-28.5166666,150.3166666,1,2015
94541099999,-29.7833333,151.0833333,6,2015;2016;2017;2018;2019;2020
94542099999,-27.15,151.2666666,6,2015;2016;2017;2018;2019;2020
94544099999,-29.4,151.2333333,6,2015;2016;2017;2018;2019;2020
94547099999,-26.75,152.85,2,2015;2016
94549099999,-26.5666666,151.8333333,6,2015;2016;2017;2018;2019;2020
94550099999,-28.6666666,151.9333333,6,2015;2016;2017;2018;2019;2020
94552099999,-27.411389,151.735278,6,2015;2016;2017;2018;2019;2020
94553099999,-28.6166666,151.95,6,2015;2016;2017;2018;2019;2020
94555099999,-28.2,152.1,6,2015;2016;2017;2018;2019;2020
94556099999,-29.05,152.0166666,6,2015;2016;2017;2018;2019;2020
94557099999,-26.6666666,152.4666666,3,2015;2016;2017
94558099999,-25.9666666,152.8666666,1,2015
94562099999,-27.55,152.3333333,6,2015;2016;2017;2018;2019;2020
94564099999,-25.9,153.0833333,6,2015;2016;2017;2018;2019;2020
94566099999,-26.1833333,152.6333333,6,2015;2016;2017;2018;2019;2020
94567099999,-25.5166666,152.7166666,6,2015;2016;2017;2018;2019;2020
94568099999,-10.950833,142.459444,5,2015;2016;2017;2018;2020
94569099999,-26.6,153.1,6,2015;2016;2017;2018;2019;2020
94570099999,-26.3833333,153.0333333,6,2015;2016;2017;2018;2019;2020
94571099999,-29.6833333,152.9166666,1,2015
94572099999,-28.8333333,153.26,6,2015;2016;2017;2018;2019;2020
94573099999,-28.8833333,153.05,6,2015;2016;2017;2018;2019;2020
94575099999,-27.570278,153.008056,6,2015;2016;2017;2018;2019;2020
94576099999,-27.4833333,153.0333333,6,2015;2016;2017;2018;2019;2020
94578099999,-27.4166666,153.0666666,6,2015;2016;2017;2018;2019;2020
94580099999,-27.9333333,153.4333333,6,2015;2016;2017;2018;2019;2020
94581099999,-27.05,153.2666666,6,2015;2016;2017;2018;2019;2020
94582099999,-28.35,153.3833333,6,2015;2016;2017;2018;2019;2020
94584099999,-25.9333333,153.1833333,6,2015;2016;2017;2018;2019;2020
94585099999,-29.7,151.7,6,2015;2016;2017;2018;2019;2020
94586099999,-28.8,153.3333333,1,2015
94587099999,-28.75,152.45,6,2015;2016;2017;2018;2019;2020
94588099999,-29.6833333,151.7,6,2015;2016;2017;2018;2019;2020
94589099999,-29.4333333,153.3666666,6,2015;2016;2017;2018;2019;2020
94590099999,-27.25,153.25,1,2020
94591099999,-27.5333333,153.3333333,1,2020
94592099999,-28.164444,153.504722,6,2015;2016;2017;2018;2019;2020
94593099999,-27.4333333,153.55,6,2015;2016;2017;2018;2019;2020
94594099999,-27.0333333,153.4666666,6,2015;2016;2017;2018;2019;2020
94595199999,-27.640556,152.711944,6,2015;2016;2017;2018;2019;2020
94595299999,-20.358056,148.951667,6,2015;2016;2017;2018;2019;2020
94595399999,-17.581389,123.828333,6,2015;2016;2017;2018;2019;2020
94595599999,-12.269444,136.818333,6,2015;2016;2017;2018;2019;2020
94595699999,-21.715,122.228611,6,2015;2016;2017;2018;2019;2020
94595799999,-19.634444,134.183333,6,2015;2016;2017;2018;2019;2020
94595899999,-31.888611,152.513889,6,2015;2016;2017;2018;2019;2020
94595999999,-36.415833,146.306944,6,2015;2016;2017;2018;2019;2020
94596099999,-28.8333333,153.55,6,2015;2016;2017;2018;2019;2020
94598099999,-29.1833333,153.4,6,2015;2016;2017;2018;2019;2020
94599099999,-28.6333333,153.6333333,6,2015;2016;2017;2018;2019;2020
94600099999,-33.5333333,115.0166666,6,2015;2016;2017;2018;2019;2020
94601099999,-34.3666666,115.1333333,6,2015;2016;2017;2018;2019;2020
94602099999,-32.0166666,115.5,6,2015;2016;2017;2018;2019;2020
94603099999,-30.3333333,115.5333333,6,2015;2016;2017;2018;2019;2020
94604099999,-33.35,115.65,6,2015;2016;2017;2018;2019;2020
94605099999,-32.5166666,115.7166666,6,2015;2016;2017;2018;2019;2020
94607099999,-31.75,115.7166666,6,2015;2016;2017;2018;2019;2020
94608099999,-31.9166666,115.8666666,6,2015;2016;2017;2018;2019;2020
94609099999,-32.1,115.8833333,6,2015;2016;2017;2018;2019;2020
94610099999,-31.940278,115.966944,6,2015;2016;2017;2018;2019;2020
94612099999,-31.667778,116.015,6,2015;2016;2017;2018;2019;2020
94614099999,-31.95,115.7666666,6,2015;2016;2017;2018;2019;2020
94615099999,-31.95,116.05,6,2015;2016;2017;2018;2019;2020
94617099999,-34.25,116.15,6,2015;2016;2017;2018;2019;2020
94620099999,-32.7166666,116.05,6,2015;2016;2017;2018;2019;2020
94621099999,-31.65,116.6666666,6,2015;2016;2017;2018;2019;2020
94622099999,-30.9,116.7166666,6,2015;2016;2017;2018;2019;2020
94623099999,-31.9,116.7666666,6,2015;2016;2017;2018;2019;2020
94625099999,-32.3666666,117.0,6,2015;2016;2017;2018;2019;2020
94627099999,-32.9333333,117.1666666,6,2015;2016;2017;2018;2019;2020
94628099999,-33.1166666,118.8333333,6,2015;2016;2017;2018;2019;2020
94630099999,-34.6333333,117.6333333,6,2015;2016;2017;2018;2019;2020
94631099999,-34.5666666,117.0166666,6,2015;2016;2017;2018;2019;2020
94632099999,-30.8166666,117.8666666,6,2015;2016;2017;2018;2019;2020
94633099999,-32.3333333,117.8666666,6,2015;2016;2017;2018;2019;2020
94636099999,-33.5833333,120.05,6,2015;2016;2017;2018;2019;2020
94637099999,-30.789444,121.461667,6,2015;2016;2017;2018;2019;2020
94638099999,-33.8333333,121.8925,6,2015;2016;2017;2018;2019;2020
94640099999,-34.8333333,116.0333333,6,2015;2016;2017;2018;2019;2020
94641099999,-33.6833333,117.6,6,2015;2016;2017;2018;2019;2020
94642099999,-32.45,123.8666666,6,2015;2016;2017;2018;2019;2020
94643099999,-31.0833333,125.65,2,2016;2019
94644099999,-32.2,127.5333333,6,2015;2016;2017;2018;2019;2020
94645099999,-32.2333333,126.3,6,2015;2016;2017;2018;2019;2020
94647099999,-31.6797,128.8792,6,2015;2016;2017;2018;2019;2020
94651099999,-31.45,130.9,6,2015;2016;2017;2018;2019;2020
94653099999,-32.1333333,133.7,6,2015;2016;2017;2018;2019;2020
94654099999,-32.8,134.2166666,6,2015;2016;2017;2018;2019;2020
94655099999,-30.7166666,134.5833333,6,2015;2016;2017;2018;2019;2020
94656099999,-33.65,134.8833333,6,2015;2016;2017;2018;2019;2020
94657099999,-33.1333333,135.55,6,2015;2016;2017;2018;2019;2020
94658099999,-34.3833333,135.3666666,3,2015;2016;2017
94659099999,-31.144167,136.816944,6,2015;2016;2017;2018;2019;2020
94661099999,-33.7,136.4833333,6,2015;2016;2017;2018;2019;2020
94662099999,-33.7166666,136.5,6,2015;2016;2017;2018;2019;2020
94663099999,-34.9833333,137.4,6,2015;2016;2017;2018;2019;2020
94665099999,-34.3833333,137.6666666,6,2015;2016;2017;2018;2019;2020
94666099999,-34.0,137.5333333,6,2015;2016;2017;2018;2019;2020
94668099999,-33.15,136.4166666,6,2015;2016;2017;2018;2019;2020
94672099999,-34.945,138.530556,6,2015;2016;2017;2018;2019;2020
94673099999,-31.8833333,138.4333333,6,2015;2016;2017;2018;2019;2020
94674099999,-34.605278,135.880278,6,2015;2016;2017;2018;2019;2020
94675099999,-34.9166666,138.6166666,6,2015;2016;2017;2018;2019;2020
94676099999,-30.3166666,139.3333333,6,2015;2016;2017;2018;2019;2020
94677099999,-35.5166666,138.8166666,6,2015;2016;2017;2018;2019;2020
94678099999,-34.7333333,138.9333333,6,2015;2016;2017;2018;2019;2020
94679099999,-33.0333333,138.75,6,2015;2016;2017;2018;2019;2020
94680099999,-34.1833333,139.0833333,6,2015;2016;2017;2018;2019;2020
94681099999,-34.4833333,139.0,6,2015;2016;2017;2018;2019;2020
94682099999,-34.4333333,140.6,6,2015;2016;2017;2018;2019;2020
94683099999,-35.1666666,138.6666666,6,2015;2016;2017;2018;2019;2020
94684099999,-32.5666666,139.5666666,6,2015;2016;2017;2018;2019;2020
94685099999,-33.97,137.67,6,2015;2016;2017;2018;2019;2020
94686099999,-31.0833333,141.7,6,2015;2016;2017;2018;2019;2020
94688099999,-35.3333333,140.5166666,1,2015
94689099999,-31.9833333,141.4666666,1,2015
94690099999,-35.3777778,140.5377778,6,2015;2016;2017;2018;2019;2020
94691099999,-32.0,141.4666666,6,2015;2016;2017;2018;2019;2020
94692099999,-34.05,141.2666666,6,2015;2016;2017;2018;2019;2020
94694099999,-32.4,142.4166666,6,2015;2016;2017;2018;2019;2020
94695099999,-31.5666666,143.3666666,1,2015
94696099999,-34.6333333,143.55,6,2015;2016;2017;2018;2019;2020
94698099999,-34.5166666,144.85,1,2015
94700099999,-33.4833333,145.5166666,6,2015;2016;2017;2018;2019;2020
94702099999,-34.5333333,144.8333333,6,2015;2016;2017;2018;2019;2020
94703099999,-30.0333333,145.95,6,2015;2016;2017;2018;2019;2020
94707099999,-33.0666666,147.2333333,6,2015;2016;2017;2018;2019;2020
94708099999,-31.55,147.1833333,5,2015;2016;2017;2018;2019
94709099999,-33.9166666,147.2333333,1,2015
94710099999,-31.5333333,145.8,6,2015;2016;2017;2018;2019;2020
94711099999,-31.4833333,145.8333333,6,2015;2016;2017;2018;2019;2020
94712099999,-34.25,148.25,6,2015;2016;2017;2018;2019;2020
94714099999,-34.6333333,148.0333333,6,2015;2016;2017;2018;2019;2020
94715099999,-33.3666666,147.9166666,6,2015;2016;2017;2018;2019;2020
94716099999,-34.7166666,149.7333333,6,2015;2016;2017;2018;2019;2020
94719099999,-32.216667,148.574722,6,2015;2016;2017;2018;2019;2020
94721099999,-32.7166666,148.1833333,6,2015;2016;2017;2018;2019;2020
94723099999,-32.5666666,148.95,6,2015;2016;2017;2018;2019;2020
94725099999,-33.9,148.15,6,2015;2016;2017;2018;2019;2020
94727099999,-32.5666666,149.6166666,6,2015;2016;2017;2018;2019;2020
94728099999,-31.2666666,149.2666666,6,2015;2016;2017;2018;2019;2020
94729099999,-33.4166666,149.65,6,2015;2016;2017;2018;2019;2020
94730099999,-33.4333333,149.5666666,6,2015;2016;2017;2018;2019;2020
94732099999,-32.3666666,149.5333333,6,2015;2016;2017;2018;2019;2020
94733099999,-32.5833333,151.1666666,5,2015;2016;2017;2018;2019
94735099999,-34.4,149.8166666,6,2015;2016;2017;2018;2019;2020
94736099999,-33.8166666,150.9166666,4,2015;2016;2017;2018
94738099999,-32.0666666,150.9333333,4,2015;2016;2017;2018
94740099999,-31.0333333,150.2666666,5,2015;2016;2017;2018;2019
94741099999,-33.4833333,150.1333333,6,2015;2016;2017;2018;2019;2020
94743099999,-33.6166666,150.2666666,6,2015;2016;2017;2018;2019;2020
94744099999,-33.7166666,150.2833333,6,2015;2016;2017;2018;2019;2020
94746099999,-34.5166666,150.4166666,6,2015;2016;2017;2018;2019;2020
94747099999,-34.4833333,150.4,1,2015
94749099999,-34.3833333,150.9333333,6,2015;2016;2017;2018;2019;2020
94750099999,-34.948889,150.536944,6,2015;2016;2017;2018;2019;2020
94752099999,-33.9,150.7333333,6,2015;2016;2017;2018;2019;2020
94753099999,-33.600556,150.780833,6,2015;2016;2017;2018;2019;2020
94754099999,-32.7333333,150.2333333,6,2015;2016;2017;2018;2019;2020
94755099999,-34.040278,150.687222,6,2015;2016;2017;2018;2019;2020
94756099999,-31.7666666,150.8333333,5,2015;2016;2017;2018;2019
94757099999,-34.0666666,150.7666666,6,2015;2016;2017;2018;2019;2020
94759099999,-33.6833333,151.2333333,6,2015;2016;2017;2018;2019;2020
94760099999,-33.85,150.85,6,2015;2016;2017;2018;2019;2020
94761099999,-30.3833333,150.6166666,6,2015;2016;2017;2018;2019;2020
94762099999,-33.9833333,150.9166666,6,2015;2016;2017;2018;2019;2020
94763099999,-33.7166666,150.6833333,6,2015;2016;2017;2018;2019;2020
94764099999,-33.8,151.0166666,6,2015;2016;2017;2018;2019;2020
94765099999,-33.924444,150.988333,6,2015;2016;2017;2018;2019;2020
94766099999,-33.9,151.1166666,6,2015;2016;2017;2018;2019;2020
94767099999,-33.946111,151.177222,6,2015;2016;2017;2018;2019;2020
94768099999,-33.85,151.2,6,2015;2016;2017;2018;2019;2020
94772099999,-30.2166666,151.6833333,6,2015;2016;2017;2018;2019;2020
94773099999,-30.5333333,151.6666666,6,2015;2016;2017;2018;2019;2020
94774099999,-32.9166666,151.7833333,6,2015;2016;2017;2018;2019;2020
94775099999,-32.6333333,151.5833333,6,2015;2016;2017;2018;2019;2020
94776099999,-32.795,151.834444,6,2015;2016;2017;2018;2019;2020
94780099999,-33.9833333,151.25,6,2015;2016;2017;2018;2019;2020
94781099999,-32.9,151.7,6,2015;2016;2017;2018;2019;2020
94782099999,-33.4333333,151.3666666,6,2015;2016;2017;2018;2019;2020
94783099999,-31.3833333,152.25,6,2015;2016;2017;2018;2019;2020
94785099999,-31.0666666,152.7666666,6,2015;2016;2017;2018;2019;2020
94786099999,-31.4333333,152.85,6,2015;2016;2017;2018;2019;2020
94788099999,-31.0833333,152.8166666,1,2015
94789099999,-30.35,152.7166666,6,2015;2016;2017;2018;2019;2020
94790099999,-30.9166666,153.0833333,6,2015;2016;2017;2018;2019;2020
94791099999,-30.3205556,153.1163889,6,2015;2016;2017;2018;2019;2020
94792099999,-30.9666666,151.35,6,2015;2016;2017;2018;2019;2020
94801099999,-35.0333333,117.8833333,6,2015;2016;2017;2018;2019;2020
94802099999,-34.9414,117.8022,6,2015;2016;2017;2018;2019;2020
94804099999,-35.3333333,136.1166666,6,2015;2016;2017;2018;2019;2020
94806099999,-35.0666666,138.85,6,2015;2016;2017;2018;2019;2020
94807099999,-35.8,137.25,6,2015;2016;2017;2018;2019;2020
94808099999,-35.1666666,138.5,6,2015;2016;2017;2018;2019;2020
94809099999,-35.1166666,137.7333333,6,2015;2016;2017;2018;2019;2020
94810099999,-35.25,138.883,1,2016
94811099999,-35.5666666,138.2833333,6,2015;2016;2017;2018;2019;2020
94812099999,-37.1666666,139.75,6,2015;2016;2017;2018;2019;2020
94813099999,-36.9666666,139.7166666,6,2015;2016;2017;2018;2019;2020
94814099999,-35.2833333,138.9,6,2015;2016;2017;2018;2019;2020
94816099999,-36.1,140.35,6,2015;2016;2017;2018;2019;2020
94817099999,-37.3,140.8166666,6,2015;2016;2017;2018;2019;2020
94820099999,-36.9833333,140.7333333,6,2015;2016;2017;2018;2019;2020
94821099999,-37.7333333,140.7833333,6,2015;2016;2017;2018;2019;2020
94822099999,-35.85,138.1333333,6,2015;2016;2017;2018;2019;2020
94826099999,-38.4333333,141.55,6,2015;2016;2017;2018;2019;2020
94827099999,-36.3166666,141.6333333,6,2015;2016;2017;2018;2019;2020
94828099999,-38.3166666,141.4666666,6,2015;2016;2017;2018;2019;2020
94829099999,-37.65,142.0666666,6,2015;2016;2017;2018;2019;2020
94830099999,-38.4,142.2333333,6,2015;2016;2017;2018;2019;2020
94831099999,-35.0666666,142.3166666,6,2015;2016;2017;2018;2019;2020
94833099999,-37.3,142.6,6,2015;2016;2017;2018;2019;2020
94834099999,-37.2833333,142.9833333,6,2015;2016;2017;2018;2019;2020
94835099999,-37.2333333,143.2,6,2015;2016;2017;2018;2019;2020
94836099999,-37.0666666,142.7333333,6,2015;2016;2017;2018;2019;2020
94837099999,-38.2833333,142.45,6,2015;2016;2017;2018;2019;2020
94838099999,-35.7166666,142.35,6,2015;2016;2017;2018;2019;2020
94839099999,-36.2833333,143.35,6,2015;2016;2017;2018;2019;2020
94840099999,-38.0666666,142.7666666,6,2015;2016;2017;2018;2019;2020
94841099999,-36.25,142.4,5,2015;2016;2017;2018;2019
94842099999,-38.85,143.5166666,6,2015;2016;2017;2018;2019;2020
94843099999,-35.3833333,143.5333333,6,2015;2016;2017;2018;2019;2020
94844099999,-35.7333333,143.9166666,6,2015;2016;2017;2018;2019;2020
94846099999,-38.45,144.1,6,2015;2016;2017;2018;2019;2020
94847099999,-38.1,144.5333333,6,2015;2016;2017;2018;2019;2020
94849099999,-37.05,143.7333333,6,2015;2016;2017;2018;2019;2020
94850099999,-39.8833333,143.8833333,6,2015;2016;2017;2018;2019;2020
94852099999,-37.5166666,143.7833333,6,2015;2016;2017;2018;2019;2020
94854099999,-38.0333333,144.4666666,6,2015;2016;2017;2018;2019;2020
94855099999,-36.7333333,144.3166666,6,2015;2016;2017;2018;2019;2020
94856099999,-38.083,144.333,1,2020
94857099999,-38.1666666,144.3666666,6,2015;2016;2017;2018;2019;2020
94859099999,-37.0166666,144.5333333,6,2015;2016;2017;2018;2019;2020
94860099999,-37.3833333,144.9666666,6,2015;2016;2017;2018;2019;2020
94861099999,-36.15,144.7666666,6,2015;2016;2017;2018;2019;2020
94862099999,-36.0166666,146.0333333,6,2015;2016;2017;2018;2019;2020
94863099999,-37.9,144.1166666,6,2015;2016;2017;2018;2019;2020
94864099999,-37.728056,144.901944,6,2015;2016;2017;2018;2019;2020
94865099999,-37.8666666,144.75,6,2015;2016;2017;2018;2019;2020
94866099999,-37.673333,144.843333,6,2015;2016;2017;2018;2019;2020
94868099999,-37.8166666,144.9666666,1,2015
94870099999,-37.975833,145.102222,6,2015;2016;2017;2018;2019;2020
94871099999,-38.15,145.1166666,6,2015;2016;2017;2018;2019;2020
94872099999,-37.8666666,145.3333333,6,2015;2016;2017;2018;2019;2020
94873199999,-36.94,145.05,1,2020
94874099999,-36.8833333,145.1833333,6,2015;2016;2017;2018;2019;2020
94875099999,-36.4333333,145.4,6,2015;2016;2017;2018;2019;2020
94877099999,-35.8166666,145.6,6,2015;2016;2017;2018;2019;2020
94878099999,-36.2166666,147.5333333,6,2015;2016;2017;2018;2019;2020
94879099999,-38.1333333,145.2666666,6,2015;2016;2017;2018;2019;2020
94881099999,-37.2166666,145.8333333,6,2015;2016;2017;2018;2019;2020
94882099999,-37.2333333,145.9166666,6,2015;2016;2017;2018;2019;2020
94883099999,-38.5,145.15,4,2015;2016;2017;2018
94884099999,-36.55,145.9666666,6,2015;2016;2017;2018;2019;2020
94886099999,-38.6333333,145.8108333,6,2015;2016;2017;2018;2019;2020
94888099999,-36.5333333,147.5,6,2015;2016;2017;2018;2019;2020
94889099999,-36.4166666,146.3,6,2015;2016;2017;2018;2019;2020
94890099999,-35.05,148.1,6,2015;2016;2017;2018;2019;2020
94891099999,-38.2166666,146.4666666,6,2015;2016;2017;2018;2019;2020
94892099999,-38.45,145.3,6,2015;2016;2017;2018;2019;2020
94893099999,-39.1166666,146.4166666,6,2015;2016;2017;2018;2019;2020
94894099999,-37.15,146.4333333,6,2015;2016;2017;2018;2019;2020
94895599999,-38.039444,144.469444,6,2015;2016;2017;2018;2019;2020
94896099999,-36.067778,146.958056,6,2015;2016;2017;2018;2019;2020
94898099999,-38.35,145.1666666,6,2015;2016;2017;2018;2019;2020
94899099999,-36.2,147.8833333,6,2015;2016;2017;2018;2019;2020
94900099999,-38.0833333,146.2166666,5,2015;2016;2017;2018;2019
94901099999,-36.1,147.0333333,6,2015;2016;2017;2018;2019;2020
94903099999,-36.8666666,147.2666666,6,2015;2016;2017;2018;2019;2020
94905099999,-37.05,147.3333333,6,2015;2016;2017;2018;2019;2020
94906099999,-36.9666666,147.1333333,6,2015;2016;2017;2018;2019;2020
94907099999,-38.098889,147.149444,6,2015;2016;2017;2018;2019;2020
94908099999,-37.1,147.6,6,2015;2016;2017;2018;2019;2020
94909099999,-35.0,148.6,6,2015;2016;2017;2018;2019;2020
94910099999,-35.165278,147.466389,6,2015;2016;2017;2018;2019;2020
94911099999,-38.8,146.2,6,2015;2016;2017;2018;2019;2020
94912099999,-37.8833333,147.5666666,6,2015;2016;2017;2018;2019;2020
94913099999,-37.2166666,148.2666666,6,2015;2016;2017;2018;2019;2020
94914099999,-37.3333333,149.0166666,6,2015;2016;2017;2018;2019;2020
94915099999,-36.4,148.4,6,2015;2016;2017;2018;2019;2020
94918099999,-35.7666666,148.0,6,2015;2016;2017;2018;2019;2020
94919099999,-36.2333333,148.1333333,6,2015;2016;2017;2018;2019;2020
94921099999,-36.3,148.9666666,6,2015;2016;2017;2018;2019;2020
94923099999,-36.2333333,149.1166666,6,2015;2016;2017;2018;2019;2020
94925099999,-35.4166666,149.1,6,2015;2016;2017;2018;2019;2020
94926099999,-35.306944,149.195,6,2015;2016;2017;2018;2019;2020
94927099999,-35.4333333,149.7833333,6,2015;2016;2017;2018;2019;2020
94928099999,-36.9166666,149.2333333,6,2015;2016;2017;2018;2019;2020
94929099999,-37.0,149.2333333,6,2015;2016;2017;2018;2019;2020
94930099999,-37.7,148.0833333,6,2015;2016;2017;2018;2019;2020
94932099999,-37.8,149.2666666,5,2015;2016;2017;2018;2019
94933099999,-37.5666666,149.9,6,2015;2016;2017;2018;2019;2020
94934099999,-37.25,150.05,6,2015;2016;2017;2018;2019;2020
94935099999,-37.6,149.7333333,6,2015;2016;2017;2018;2019;2020
94937099999,-35.9166666,150.15,6,2015;2016;2017;2018;2019;2020
94938099999,-35.35,150.4833333,6,2015;2016;2017;2018;2019;2020
94939099999,-36.25,150.2166666,6,2015;2016;2017;2018;2019;2020
94941099999,-35.7333333,150.1833333,6,2015;2016;2017;2018;2019;2020
94943099999,-35.1166666,150.0833333,6,2015;2016;2017;2018;2019;2020
94949099999,-39.2166666,146.9833333,6,2015;2016;2017;2018;2019;2020
94950099999,-40.9166666,144.7,6,2015;2016;2017;2018;2019;2020
94951099999,-42.9,147.7833333,6,2015;2016;2017;2018;2019;2020
94953099999,-40.8333333,145.0833333,6,2015;2016;2017;2018;2019;2020
94954099999,-40.6666666,144.6833333,6,2015;2016;2017;2018;2019;2020
94955099999,-41.3833333,146.3166666,6,2015;2016;2017;2018;2019;2020
94956099999,-42.15,145.2833333,6,2015;2016;2017;2018;2019;2020
94957099999,-42.4833333,146.7166666,6,2015;2016;2017;2018;2019;2020
94958099999,-41.0833333,145.95,4,2015;2016;2017;2018
94959099999,-42.2833333,146.2833333,6,2015;2016;2017;2018;2019;2020
94960099999,-42.45,147.4666666,6,2015;2016;2017;2018;2019;2020
94961099999,-43.3166666,147.0166666,6,2015;2016;2017;2018;2019;2020
94962099999,-43.65,146.2666666,6,2015;2016;2017;2018;2019;2020
94963099999,-42.75,146.6166666,6,2015;2016;2017;2018;2019;2020
94964099999,-42.7166666,146.9,6,2015;2016;2017;2018;2019;2020
94966099999,-43.1666666,146.9166666,1,2015
94967099999,-43.5,147.15,6,2015;2016;2017;2018;2019;2020
94968099999,-41.545278,147.214167,6,2015;2016;2017;2018;2019;2020
94969099999,-41.4166666,147.1166666,6,2015;2016;2017;2018;2019;2020
94970099999,-42.8833333,147.3333333,6,2015;2016;2017;2018;2019;2020
94971099999,-42.5,147.2,6,2015;2016;2017;2018;2019;2020
94972099999,-41.1666666,147.4833333,6,2015;2016;2017;2018;2019;2020
94974099999,-42.1986111,145.17,6,2015;2016;2017;2018;2019;2020
94975099999,-42.836111,147.510278,6,2015;2016;2017;2018;2019;2020
94976099999,-42.1166666,146.1666666,6,2015;2016;2017;2018;2019;2020
94977099999,-43.2,146.7666666,6,2015;2016;2017;2018;2019;2020
94979099999,-42.0,147.7833333,6,2015;2016;2017;2018;2019;2020
94980099999,-40.1,148.0,6,2015;2016;2017;2018;2019;2020
94981099999,-42.1333333,148.0666666,6,2015;2016;2017;2018;2019;2020
94983099999,-41.0,148.35,6,2015;2016;2017;2018;2019;2020
94985099999,-42.0333333,147.5,6,2015;2016;2017;2018;2019;2020
94987099999,-42.0,148.2833333,6,2015;2016;2017;2018;2019;2020
94988099999,-43.0666666,147.35,6,2015;2016;2017;2018;2019;2020
94995099999,-31.54222,159.07861,6,2015;2016;2017;2018;2019;2020
94996099999,-29.041625,167.938742,6,2015;2016;2017;2018;2019;2020
94997099999,-53.1,73.7166666,1,2015
94998099999,-54.4994,158.9369,6,2015;2016;2017;2018;2019;2020
95101099999,-14.0833333,126.3833333,6,2015;2016;2017;2018;2019;2020
95111099999,-14.25,129.5333333,6,2015;2016;2017;2018;2019;2020
95121099999,-12.6,131.3,6,2015;2016;2017;2018;2019;2020
95142099999,-12.05,134.2333333,6,2015;2016;2017;2018;2019;2020
95146099999,-12.0,135.5666666,6,2015;2016;2017;2018;2019;2020
95204099999,-17.9,122.3166666,6,2015;2016;2017;2018;2019;2020
95205099999,-17.3666666,123.6666666,6,2015;2016;2017;2018;2019;2020
95214099999,-15.5,128.15,6,2015;2016;2017;2018;2019;2020
95283099999,-15.45,145.1833333,6,2015;2016;2017;2018;2019;2020
95284099999,-17.1333333,145.4333333,6,2015;2016;2017;2018;2019;2020
95286099999,-17.0666666,145.4333333,6,2015;2016;2017;2018;2019;2020
95288099999,-15.5,147.1166666,6,2015;2016;2017;2018;2019;2020
95291099999,-18.65,146.1833333,6,2015;2016;2017;2018;2019;2020
95292099999,-17.6,146.0,6,2015;2016;2017;2018;2019;2020
95293099999,-19.4166666,146.5333333,6,2015;2016;2017;2018;2019;2020
95295099999,-19.6166666,147.3833333,6,2015;2016;2017;2018;2019;2020
95296099999,-19.45,147.4833333,6,2015;2016;2017;2018;2019;2020
95303099999,-20.65,115.5666666,6,2015;2016;2017;2018;2019;2020
95304099999,-20.8833333,115.4,6,2015;2016;2017;2018;2019;2020
95305099999,-21.6666666,115.1166666,6,2015;2016;2017;2018;2019;2020
95307099999,-20.7166666,116.7666666,6,2015;2016;2017;2018;2019;2020
95317099999,-21.1833333,119.75,6,2015;2016;2017;2018;2019;2020
95322099999,-20.1833333,130.0166666,6,2015;2016;2017;2018;2019;2020
95323099999,-23.4666666,134.6833333,6,2015;2016;2017;2018;2019;2020
95351099999,-24.4166666,145.4333333,6,2015;2016;2017;2018;2019;2020
95362099999,-24.1166666,148.0833333,6,2015;2016;2017;2018;2019;2020
95367099999,-21.1666666,149.1833333,2,2015;2017
95369099999,-22.35,149.5166666,6,2015;2016;2017;2018;2019;2020
95370099999,-22.47,150.18,6,2015;2016;2017;2018;2019;2020
95402099999,-25.9,113.5833333,6,2015;2016;2017;2018;2019;2020
95448099999,-27.85,120.7,6,2015;2016;2017;2018;2019;2020
95458099999,-29.0333333,134.7166666,6,2015;2016;2017;2018;2019;2020
95480099999,-29.6666666,138.0666666,6,2015;2016;2017;2018;2019;2020
95481099999,-28.1,140.2,6,2015;2016;2017;2018;2019;2020
95482099999,-25.8975,139.3475,6,2015;2016;2017;2018;2019;2020
95485099999,-29.451111,142.057778,6,2015;2016;2017;2018;2019;2020
95487099999,-27.4166666,141.8166666,6,2015;2016;2017;2018;2019;2020
95492099999,-27.986389,143.810833,6,2015;2016;2017;2018;2019;2020
95512099999,-29.95,146.85,6,2015;2016;2017;2018;2019;2020
95520099999,-29.55,148.5833333,6,2015;2016;2017;2018;2019;2020
95527099999,-29.4914,149.8458,6,2015;2016;2017;2018;2019;2020
95529099999,-26.65,150.1833333,6,2015;2016;2017;2018;2019;2020
95533099999,-28.85,151.1666666,6,2015;2016;2017;2018;2019;2020
95541099999,-29.7833333,151.1166666,6,2015;2016;2017;2018;2019;2020
95543099999,-25.6166666,151.6166666,6,2015;2016;2017;2018;2019;2020
95551099999,-27.55,151.9166666,6,2015;2016;2017;2018;2019;2020
95565099999,-25.3166666,152.8833333,6,2015;2016;2017;2018;2019;2020
95566099999,-26.95,152.9666666,6,2015;2016;2017;2018;2019;2020
95570099999,-29.75,153.0333333,6,2015;2016;2017;2018;2019;2020
95571099999,-29.6166666,152.9666666,6,2015;2016;2017;2018;2019;2020
95572099999,-26.65,152.9333333,6,2015;2016;2017;2018;2019;2020
95575099999,-27.9666666,152.9833333,6,2015;2016;2017;2018;2019;2020
95581099999,-27.7,153.2,6,2015;2016;2017;2018;2019;2020
95591099999,-27.2166666,153.1,6,2015;2016;2017;2018;2019;2020
95600099999,-30.3,115.0333333,6,2015;2016;2017;2018;2019;2020
95602099999,-33.6333333,115.3333333,6,2015;2016;2017;2018;2019;2020
95603099999,-31.6166666,117.7166666,6,2015;2016;2017;2018;2019;2020
95604099999,-32.05,115.9833333,6,2015;2016;2017;2018;2019;2020
95606099999,-31.0166666,115.3166666,6,2015;2016;2017;2018;2019;2020
95607099999,-32.2333333,115.6833333,6,2015;2016;2017;2018;2019;2020
95608099999,-32.2166666,115.8,4,2015;2016;2017;2018
95610099999,-32.0166666,116.1333333,6,2015;2016;2017;2018;2019;2020
95611099999,-33.6833333,115.4,6,2015;2016;2017;2018;2019;2020
95612099999,-31.4666666,115.8666666,6,2015;2016;2017;2018;2019;2020
95613099999,-34.45,116.0333333,6,2015;2016;2017;2018;2019;2020
95614099999,-32.4333333,116.0666666,6,2015;2016;2017;2018;2019;2020
95615099999,-32.1,116.9166666,6,2015;2016;2017;2018;2019;2020
95616099999,-32.5333333,117.0833333,6,2015;2016;2017;2018;2019;2020
95617099999,-34.5833333,116.35,6,2015;2016;2017;2018;2019;2020
95618099999,-33.3,117.3333333,6,2015;2016;2017;2018;2019;2020
95621099999,-33.3666666,116.1666666,6,2015;2016;2017;2018;2019;2020
95622099999,-33.5666666,115.8166666,6,2015;2016;2017;2018;2019;2020
95623099999,-33.8,115.65,6,2015;2016;2017;2018;2019;2020
95624099999,-31.4666666,118.2666666,6,2015;2016;2017;2018;2019;2020
95625099999,-31.6166666,117.2166666,6,2015;2016;2017;2018;2019;2020
95626099999,-32.0666666,118.4,6,2015;2016;2017;2018;2019;2020
95627099999,-32.45,118.9,6,2015;2016;2017;2018;2019;2020
95628099999,-33.95,118.4833333,6,2015;2016;2017;2018;2019;2020
95629099999,-30.2833333,116.6666666,6,2015;2016;2017;2018;2019;2020
95631099999,-31.3,116.8333333,6,2015;2016;2017;2018;2019;2020
95632099999,-33.95,116.1333333,6,2015;2016;2017;2018;2019;2020
95634099999,-31.2333333,119.35,6,2015;2016;2017;2018;2019;2020
95635099999,-33.9333333,120.1333333,6,2015;2016;2017;2018;2019;2020
95636099999,-33.8833333,119.1,6,2015;2016;2017;2018;2019;2020
95637099999,-33.1,118.4666666,6,2015;2016;2017;2018;2019;2020
95638099999,-33.6833333,121.8333333,6,2015;2016;2017;2018;2019;2020
95639099999,-32.9833333,121.6166666,6,2015;2016;2017;2018;2019;2020
95640099999,-32.6666666,116.6666666,6,2015;2016;2017;2018;2019;2020
95641099999,-34.0333333,115.1,6,2015;2016;2017;2018;2019;2020
95642099999,-32.2166666,121.75,6,2015;2016;2017;2018;2019;2020
95644099999,-33.55,120.7,6,2015;2016;2017;2018;2019;2020
95645099999,-32.2652778,125.4894444,2,2019;2020
95646099999,-30.8333333,128.1166666,6,2015;2016;2017;2018;2019;2020
95647099999,-34.95,116.7166666,6,2015;2016;2017;2018;2019;2020
95654099999,-33.05,135.45,6,2015;2016;2017;2018;2019;2020
95657099999,-33.2333333,138.0,1,2015
95658099999,-30.4833333,136.8833333,6,2015;2016;2017;2018;2019;2020
95659099999,-34.75,137.5166666,6,2015;2016;2017;2018;2019;2020
95660099999,-30.45,137.1666666,6,2015;2016;2017;2018;2019;2020
95662099999,-32.85,135.15,6,2015;2016;2017;2018;2019;2020
95663099999,-34.25,135.7166666,6,2015;2016;2017;2018;2019;2020
95664099999,-33.058889,137.514444,6,2015;2016;2017;2018;2019;2020
95666099999,-32.5166666,137.7166666,6,2015;2016;2017;2018;2019;2020
95667099999,-33.8166666,138.6,6,2015;2016;2017;2018;2019;2020
95668099999,-33.7666666,140.1166666,6,2015;2016;2017;2018;2019;2020
95669099999,-34.3,138.0,6,2015;2016;2017;2018;2019;2020
95670099999,-33.7833333,138.2166666,6,2015;2016;2017;2018;2019;2020
95671099999,-34.5166666,138.6833333,6,2015;2016;2017;2018;2019;2020
95674099999,-34.55,138.8333333,6,2015;2016;2017;2018;2019;2020
95675099999,-34.7333333,138.4666666,6,2015;2016;2017;2018;2019;2020
95676099999,-34.7025,138.620833,6,2015;2016;2017;2018;2019;2020
95677099999,-34.793333,138.633056,6,2015;2016;2017;2018;2019;2020
95678099999,-34.9666666,138.7,6,2015;2016;2017;2018;2019;2020
95679099999,-35.3333333,138.5,1,2020
95687099999,-34.2,140.6833333,6,2015;2016;2017;2018;2019;2020
95692099999,-33.3833333,142.5666666,6,2015;2016;2017;2018;2019;2020
95695099999,-31.5166666,143.3833333,6,2015;2016;2017;2018;2019;2020
95697099999,-32.8833333,144.3166666,6,2015;2016;2017;2018;2019;2020
95699099999,-30.85,143.07,6,2015;2016;2017;2018;2019;2020
95704099999,-34.25,146.0666666,6,2015;2016;2017;2018;2019;2020
95705099999,-34.6166666,146.4333333,6,2015;2016;2017;2018;2019;2020
95706099999,-34.702222,146.512222,6,2015;2016;2017;2018;2019;2020
95707099999,-33.2833333,146.3666666,6,2015;2016;2017;2018;2019;2020
95708099999,-33.0666666,147.2166666,6,2015;2016;2017;2018;2019;2020
95709099999,-33.9333333,147.2,6,2015;2016;2017;2018;2019;2020
95710099999,-31.9833333,147.95,6,2015;2016;2017;2018;2019;2020
95715099999,-30.0333333,148.1166666,6,2015;2016;2017;2018;2019;2020
95716099999,-34.8166666,149.7333333,6,2015;2016;2017;2018;2019;2020
95717099999,-33.1333333,148.2333333,6,2015;2016;2017;2018;2019;2020
95718099999,-30.9833333,148.3833333,6,2015;2016;2017;2018;2019;2020
95719099999,-32.2166666,148.5666666,6,2015;2016;2017;2018;2019;2020
95721099999,-33.85,148.65,6,2015;2016;2017;2018;2019;2020
95722099999,-34.4333333,147.5166666,6,2015;2016;2017;2018;2019;2020
95723099999,-34.8166666,148.9,4,2015;2016;2017;2018
95725099999,-33.3166666,149.0833333,6,2015;2016;2017;2018;2019;2020
95726099999,-33.3833333,149.1333333,6,2015;2016;2017;2018;2019;2020
95727099999,-32.0166666,149.3833333,6,2015;2016;2017;2018;2019;2020
95728099999,-31.3166666,149.2666666,6,2015;2016;2017;2018;2019;2020
95734099999,-30.3166666,149.8166666,6,2015;2016;2017;2018;2019;2020
95735099999,-33.6833333,149.8333333,6,2015;2016;2017;2018;2019;2020
95740099999,-30.95,150.25,6,2015;2016;2017;2018;2019;2020
95744099999,-33.7,150.5666666,6,2015;2016;2017;2018;2019;2020
95746099999,-31.5,150.6666666,6,2015;2016;2017;2018;2019;2020
95747099999,-31.7333333,150.8,6,2015;2016;2017;2018;2019;2020
95748099999,-34.5666666,150.7833333,6,2015;2016;2017;2018;2019;2020
95749099999,-34.65,150.85,6,2015;2016;2017;2018;2019;2020
95752099999,-34.1333333,151.1166666,6,2015;2016;2017;2018;2019;2020
95753099999,-33.6,150.7833333,6,2015;2016;2017;2018;2019;2020
95754099999,-32.1833333,150.1666666,6,2015;2016;2017;2018;2019;2020
95756099999,-34.0,151.2,6,2015;2016;2017;2018;2019;2020
95758099999,-32.0333333,150.8333333,6,2015;2016;2017;2018;2019;2020
95761099999,-33.9833333,150.95,1,2020
95764099999,-33.8333333,151.15,1,2015
95765099999,-33.8333333,151.0666666,6,2015;2016;2017;2018;2019;2020
95767099999,-33.0833333,151.4666666,6,2015;2016;2017;2018;2019;2020
95770099999,-33.2666666,151.5666666,6,2015;2016;2017;2018;2019;2020
95771099999,-32.7833333,151.3333333,6,2015;2016;2017;2018;2019;2020
95772099999,-32.3333333,151.45,6,2015;2016;2017;2018;2019;2020
95773099999,-30.5333333,151.6166666,6,2015;2016;2017;2018;2019;2020
95774099999,-33.2833333,151.2166666,6,2015;2016;2017;2018;2019;2020
95775099999,-32.75,151.5666666,2,2015;2016
95778099999,-32.1833333,152.5,6,2015;2016;2017;2018;2019;2020
95779099999,-32.7,152.15,6,2015;2016;2017;2018;2019;2020
95784099999,-31.8833333,152.5166666,6,2015;2016;2017;2018;2019;2020
95805099999,-35.75,136.6,6,2015;2016;2017;2018;2019;2020
95806099999,-35.2833333,136.9333333,6,2015;2016;2017;2018;2019;2020
95807099999,-35.7166666,137.5166666,6,2015;2016;2017;2018;2019;2020
95811099999,-35.55,138.6,6,2015;2016;2017;2018;2019;2020
95812099999,-35.1166666,139.2666666,6,2015;2016;2017;2018;2019;2020
95813099999,-35.0833333,139.8833333,6,2015;2016;2017;2018;2019;2020
95814099999,-35.7,139.3333333,6,2015;2016;2017;2018;2019;2020
95815099999,-36.1,140.3166666,6,2015;2016;2017;2018;2019;2020
95816099999,-37.1833333,139.8,6,2015;2016;2017;2018;2019;2020
95818099999,-35.0666666,139.2333333,6,2015;2016;2017;2018;2019;2020
95822099999,-37.9166666,141.2666666,6,2015;2016;2017;2018;2019;2020
95823099999,-36.65,140.5166666,6,2015;2016;2017;2018;2019;2020
95825099999,-37.5833333,141.3333333,6,2015;2016;2017;2018;2019;2020
95827099999,-37.1166666,141.8,6,2015;2016;2017;2018;2019;2020
95831099999,-35.1166666,142.0,6,2015;2016;2017;2018;2019;2020
95832099999,-37.0166666,141.2666666,6,2015;2016;2017;2018;2019;2020
95833099999,-36.3333333,145.0666666,6,2015;2016;2017;2018;2019;2020
95835099999,-36.6666666,142.3,6,2015;2016;2017;2018;2019;2020
95836099999,-36.4333333,145.2666666,6,2015;2016;2017;2018;2019;2020
95837099999,-36.1,146.5,6,2015;2016;2017;2018;2019;2020
95838099999,-36.7333333,146.4666666,6,2015;2016;2017;2018;2019;2020
95839099999,-36.6666666,142.1666666,6,2015;2016;2017;2018;2019;2020
95840099999,-37.7,142.9333333,6,2015;2016;2017;2018;2019;2020
95843099999,-36.85,145.7333333,6,2015;2016;2017;2018;2019;2020
95845099999,-38.2333333,143.7833333,6,2015;2016;2017;2018;2019;2020
95853099999,-37.0666666,144.2333333,6,2015;2016;2017;2018;2019;2020
95864099999,-37.8666666,144.9666666,6,2015;2016;2017;2018;2019;2020
95866099999,-37.7333333,144.9,6,2015;2016;2017;2018;2019;2020
95867099999,-37.8666666,145.25,6,2015;2016;2017;2018;2019;2020
95869099999,-35.5666666,144.95,6,2015;2016;2017;2018;2019;2020
95872099999,-37.95,144.9333333,6,2015;2016;2017;2018;2019;2020
95873099999,-37.7166666,145.05,4,2015;2016;2017;2018
95874099999,-37.7333333,145.1,6,2015;2016;2017;2018;2019;2020
95881099999,-38.6,145.5833333,6,2015;2016;2017;2018;2019;2020
95890099999,-38.5666666,146.75,6,2015;2016;2017;2018;2019;2020
95895099999,-35.9833333,146.35,6,2015;2016;2017;2018;2019;2020
95896099999,-36.0666666,146.95,6,2015;2016;2017;2018;2019;2020
95901099999,-37.8333333,146.2666666,6,2015;2016;2017;2018;2019;2020
95904099999,-37.8666666,148.0,6,2015;2016;2017;2018;2019;2020
95908099999,-36.5,148.3,6,2015;2016;2017;2018;2019;2020
95909099999,-36.5,148.2833333,6,2015;2016;2017;2018;2019;2020
95912099999,-36.4333333,148.3333333,1,2015
95913099999,-37.75,147.1333333,6,2015;2016;2017;2018;2019;2020
95916099999,-35.9333333,148.3833333,6,2015;2016;2017;2018;2019;2020
95918099999,-37.6833333,148.4666666,6,2015;2016;2017;2018;2019;2020
95925099999,-35.5333333,148.7666666,6,2015;2016;2017;2018;2019;2020
95929099999,-36.9166666,149.9,6,2015;2016;2017;2018;2019;2020
95931099999,-36.6666666,149.8166666,6,2015;2016;2017;2018;2019;2020
95935099999,-36.2166666,150.1333333,6,2015;2016;2017;2018;2019;2020
95936099999,-37.8333333,144.9833333,6,2015;2016;2017;2018;2019;2020
95937099999,-35.9,150.15,6,2015;2016;2017;2018;2019;2020
95940099999,-35.0833333,150.8,6,2015;2016;2017;2018;2019;2020
95952099999,-41.85,145.5333333,6,2015;2016;2017;2018;2019;2020
95953099999,-42.7666666,146.05,2,2015;2020
95954099999,-40.6666666,144.6833333,6,2015;2016;2017;2018;2019;2020
95956099999,-41.15,145.15,6,2015;2016;2017;2018;2019;2020
95957099999,-41.0,145.7333333,6,2015;2016;2017;2018;2019;2020
95958099999,-43.05,146.2666666,6,2015;2016;2017;2018;2019;2020
95959099999,-41.9,146.6666666,6,2015;2016;2017;2018;2019;2020
95960099999,-41.1666666,146.4166666,6,2015;2016;2017;2018;2019;2020
95961099999,-42.9833333,145.5,6,2015;2016;2017;2018;2019;2020
95962099999,-43.0666666,146.7,6,2015;2016;2017;2018;2019;2020
95964099999,-41.05,146.7833333,6,2015;2016;2017;2018;2019;2020
95966099999,-41.55,147.2166666,6,2015;2016;2017;2018;2019;2020
95967099999,-43.4833333,147.15,6,2015;2016;2017;2018;2019;2020
95969099999,-41.7333333,147.0833333,6,2015;2016;2017;2018;2019;2020
95972099999,-42.6833333,147.4166666,6,2015;2016;2017;2018;2019;2020
95973099999,-41.0,147.3833333,4,2015;2016;2017;2018
95974099999,-41.6333333,147.9666666,6,2015;2016;2017;2018;2019;2020
95977099999,-42.9833333,147.0666666,6,2015;2016;2017;2018;2019;2020
95979099999,-42.9,147.2333333,6,2015;2016;2017;2018;2019;2020
95981099999,-41.3333333,148.2666666,6,2015;2016;2017;2018;2019;2020
95984099999,-42.55,147.8666666,6,2015;2016;2017;2018;2019;2020
95985099999,-40.7166666,148.1166666,6,2015;2016;2017;2018;2019;2020
95986099999,-43.2333333,148.0,6,2015;2016;2017;2018;2019;2020
95988099999,-42.6666666,148.0166666,6,2015;2016;2017;2018;2019;2020
95989099999,-41.8666666,148.3,6,2015;2016;2017;2018;2019;2020
95995099999,-31.5333333,159.0666666,6,2015;2016;2017;2018;2019;2020
96001099999,5.874131,95.339672,6,2015;2016;2017;2018;2019;2020
96001199999,1.2166667,111.45,6,2015;2016;2017;2018;2019;2020
96009099999,5.226681,96.950342,6,2015;2016;2017;2018;2019;2020
96011099999,5.523522,95.420372,6,2015;2016;2017;2018;2019;2020
96015099999,4.25,96.1166667,6,2015;2016;2017;2018;2019;2020
96033099999,3.8,98.7,6,2015;2016;2017;2018;2019;2020
96035099999,3.558056,98.671722,6,2015;2016;2017;2018;2019;2020
96073099999,1.555944,98.888908,6,2015;2016;2017;2018;2019;2020
96075099999,1.166381,97.704681,6,2015;2016;2017;2018;2019;2020
96087099999,1.1166666,104.1166666,6,2015;2016;2017;2018;2019;2020
96091099999,0.922683,104.532311,6,2015;2016;2017;2018;2019;2020
96109099999,0.461169,101.444642,6,2015;2016;2017;2018;2019;2020
96145099999,3.2,106.25,6,2015;2016;2017;2018;2019;2020
96147099999,3.908714,108.387897,6,2015;2016;2017;2018;2019;2020
96163099999,-0.874989,100.351881,6,2015;2016;2017;2018;2019;2020
96171099999,-0.35,102.3333333,6,2015;2016;2017;2018;2019;2020
96179099999,-0.479189,104.579283,6,2015;2016;2017;2018;2019;2020
96195099999,-1.638017,103.644378,6,2015;2016;2017;2018;2019;2020
96207099999,-2.7666667,101.3666667,6,2015;2016;2017;2018;2019;2020
96221099999,-2.897922,104.701378,6,2015;2016;2017;2018;2019;2020
96237099999,-2.17,106.13,6,2015;2016;2017;2018;2019;2020
96249099999,-2.745722,107.754917,6,2015;2016;2017;2018;2019;2020
96253099999,-3.8637,102.339036,6,2015;2016;2017;2018;2019;2020
96295099999,-5.242339,105.178939,6,2015;2016;2017;2018;2019;2020
96315099999,4.9442,114.928353,6,2015;2016;2017;2018;2019;2020
96323099999,4.5833333,114.2,2,2015;2017
96413099999,1.484697,110.346933,6,2015;2016;2017;2018;2019;2020
96421099999,2.261603,111.985322,6,2015;2016;2017;2018;2019;2020
96441099999,3.12385,113.020472,6,2015;2016;2017;2018;2019;2020
96449099999,4.322014,113.986806,6,2015;2016;2017;2018;2019;2020
96465099999,5.300683,115.250181,6,2015;2016;2017;2018;2019;2020
96471099999,5.937208,116.051181,6,2015;2016;2017;2018;2019;2020
96477099999,6.9166667,116.8333333,6,2015;2016;2017;2018;2019;2020
96481099999,4.313369,118.121953,6,2015;2016;2017;2018;2019;2020
96491099999,5.900897,118.059486,6,2015;2016;2017;2018;2019;2020
96505099999,3.7333333,115.6833333,6,2015;2016;2017;2018;2019;2020
96509099999,3.3333333,117.5666666,6,2015;2016;2017;2018;2019;2020
96525099999,2.85,117.3333333,6,2015;2016;2017;2018;2019;2020
96529099999,2.15,117.4333333,6,2015;2016;2017;2018;2019;2020
96535099999,1.7666666,109.3,6,2015;2016;2017;2018;2019;2020
96557099999,-0.35,111.7833333,6,2015;2016;2017;2018;2019;2020
96559099999,0.063619,111.473428,6,2015;2016;2017;2018;2019;2020
96565099999,0.8833333,112.9333333,6,2015;2016;2017;2018;2019;2020
96581099999,-0.150711,109.403892,6,2015;2016;2017;2018;2019;2020
96595099999,-0.95,114.9,6,2015;2016;2017;2018;2019;2020
96607099999,-0.484531,117.157111,6,2015;2016;2017;2018;2019;2020
96615099999,-1.816639,109.963483,6,2015;2016;2017;2018;2019;2020
96633099999,-1.268272,116.894478,6,2015;2016;2017;2018;2019;2020
96633699999,-7.5,110.75,5,2015;2017;2018;2019;2020
96645099999,-2.705197,111.673208,6,2015;2016;2017;2018;2019;2020
96655099999,-2.225128,113.942661,6,2015;2016;2017;2018;2019;2020
96685099999,-3.442356,114.762553,6,2015;2016;2017;2018;2019;2020
96695099999,-3.4,116.2166667,6,2015;2016;2017;2018;2019;2020
96737099999,-6.1166666,106.1333333,6,2015;2016;2017;2018;2019;2020
96739099999,-6.3,106.5666666,6,2015;2016;2017;2018;2019;2020
96741099999,-6.1,106.8666666,6,2015;2016;2017;2018;2019;2020
96745099999,-6.1833333,106.8333333,6,2015;2016;2017;2018;2019;2020
96749099999,-6.125567,106.655897,6,2015;2016;2017;2018;2019;2020
96749599999,-6.266608,106.891117,6,2015;2016;2017;2018;2019;2020
96751099999,-6.7,106.9333333,6,2015;2016;2017;2018;2019;2020
96781099999,-6.900625,107.576294,6,2015;2016;2017;2018;2019;2020
96781599999,-6.900625,107.576294,1,2018
96791099999,-6.75,108.2666666,6,2015;2016;2017;2018;2019;2020
96797099999,-6.85,109.15,6,2015;2016;2017;2018;2019;2020
96805099999,-7.7333333,109.0166666,6,2015;2016;2017;2018;2019;2020
96837099999,-6.9666666,110.4166666,6,2015;2016;2017;2018;2019;2020
96839099999,-6.9833333,110.3833333,6,2015;2016;2017;2018;2019;2020
96925099999,-5.85,112.6333333,6,2015;2016;2017;2018;2019;2020
96933099999,-7.2166667,112.7166667,6,2015;2016;2017;2018;2019;2020
96935099999,-7.379747,112.786719,6,2015;2016;2017;2018;2019;2020
96935599999,-7.379831,112.786858,6,2015;2016;2017;2018;2019;2020
96937099999,-7.2166667,113.7166667,6,2015;2016;2017;2018;2019;2020
96973099999,-7.05,113.9666666,6,2015;2016;2017;2018;2019;2020
96987099999,-8.2166666,114.3833333,6,2015;2016;2017;2018;2019;2020
96995099999,-10.450556,105.690278,6,2015;2016;2017;2018;2019;2020
96996099999,-12.188333,96.833889,6,2015;2016;2017;2018;2019;2020
97008099999,3.683214,125.528019,6,2015;2016;2017;2018;2019;2020
97014099999,1.549256,124.926419,6,2015;2016;2017;2018;2019;2020
97016099999,1.4333333,125.1833333,6,2015;2016;2017;2018;2019;2020
97028099999,1.0166667,120.8,6,2015;2016;2017;2018;2019;2020
97048099999,0.637119,122.849858,6,2015;2016;2017;2018;2019;2020
97072099999,-0.6833333,119.7333333,6,2015;2016;2017;2018;2019;2020
97086099999,-1.038919,122.771906,6,2015;2016;2017;2018;2019;2020
97096099999,-1.416753,120.657669,6,2015;2016;2017;2018;2019;2020
97120099999,-2.5,119.0,6,2015;2016;2017;2018;2019;2020
97126099999,-2.55,120.3666666,6,2015;2016;2017;2018;2019;2020
97142099999,-4.3,121.5333333,6,2015;2016;2017;2018;2019;2020
97146099999,-4.082269,122.416792,6,2015;2016;2017;2018;2019;2020
97180099999,-5.061853,119.553997,6,2015;2016;2017;2018;2019;2020
97182099999,-5.0666666,119.55,6,2015;2016;2017;2018;2019;2020
97192099999,-5.4666667,122.6166667,6,2015;2016;2017;2018;2019;2020
97192599999,-8.748169,115.167172,6,2015;2016;2017;2018;2019;2020
97230099999,-8.7487,115.167211,6,2015;2016;2017;2018;2019;2020
97240099999,-8.75,116.2666666,6,2015;2016;2017;2018;2019;2020
97260099999,-8.489039,117.412119,6,2015;2016;2017;2018;2019;2020
97270099999,-8.539647,118.687322,6,2015;2016;2017;2018;2019;2020
97284099999,-8.6333333,120.45,6,2015;2016;2017;2018;2019;2020
97300099999,-8.640647,122.236889,6,2015;2016;2017;2018;2019;2020
97310099999,-8.2666667,122.9666667,6,2015;2016;2017;2018;2019;2020
97320099999,-8.2166667,124.5666667,6,2015;2016;2017;2018;2019;2020
97340099999,-9.669217,120.302006,6,2015;2016;2017;2018;2019;2020
97372099999,-10.171583,123.671136,6,2015;2016;2017;2018;2019;2020
97372599999,-10.171583,123.671136,6,2015;2016;2017;2018;2019;2020
97378099999,-10.7333333,123.0666667,6,2015;2016;2017;2018;2019;2020
97380099999,-10.5,121.8333333,6,2015;2016;2017;2018;2019;2020
97406099999,1.8166667,127.8333333,6,2015;2016;2017;2018;2019;2020
97430099999,0.831414,127.381486,6,2015;2016;2017;2018;2019;2020
97460099999,-1.6166667,124.55,6,2015;2016;2017;2018;2019;2020
97502099999,-0.926358,131.121194,6,2015;2016;2017;2018;2019;2020
97530099999,-0.891833,134.049183,6,2015;2016;2017;2018;2019;2020
97560099999,-1.190017,136.107997,6,2015;2016;2017;2018;2019;2020
97570099999,-1.8666667,136.2333333,6,2015;2016;2017;2018;2019;2020
97580099999,-1.8333333,138.7166667,6,2015;2016;2017;2018;2019;2020
97600099999,-2.0833333,126.0,6,2015;2016;2017;2018;2019;2020
97630099999,-2.8833333,132.25,6,2015;2016;2017;2018;2019;2020
97682099999,-3.368183,135.496406,6,2015;2016;2017;2018;2019;2020
97686099999,-4.102511,138.957372,6,2015;2016;2017;2018;2019;2020
97690099999,-2.576953,140.516372,6,2015;2016;2017;2018;2019;2020
97698099999,-2.3666666,140.7166666,6,2015;2016;2017;2018;2019;2020
97700099999,-3.25,127.0833333,6,2015;2016;2017;2018;2019;2020
97722099999,-3.35,128.8833333,6,2015;2016;2017;2018;2019;2020
97724099999,-3.710264,128.089136,6,2015;2016;2017;2018;2019;2020
97748099999,-3.8,130.8333333,6,2015;2016;2017;2018;2019;2020
97760099999,-3.644517,133.695553,6,2015;2016;2017;2018;2019;2020
97780099999,-3.9166667,136.3666667,6,2015;2016;2017;2018;2019;2020
97790099999,-4.5333333,129.9,6,2015;2016;2017;2018;2019;2020
97796099999,-4.7166667,136.4333333,6,2015;2016;2017;2018;2019;2020
97810099999,-5.6833333,132.75,6,2015;2016;2017;2018;2019;2020
97876099999,-6.1,140.3,6,2015;2016;2017;2018;2019;2020
97900099999,-7.9833333,131.3,6,2015;2016;2017;2018;2019;2020
97980099999,-8.520294,140.418453,6,2015;2016;2017;2018;2019;2020
98132099999,20.8,121.85,6,2015;2016;2017;2018;2019;2020
98133099999,19.2666666,121.4666666,6,2015;2016;2017;2018;2019;2020
98134099999,20.4333333,121.9666666,6,2015;2016;2017;2018;2019;2020
98222099999,17.555331,120.355797,6,2015;2016;2017;2018;2019;2020
98223099999,18.178092,120.531522,6,2015;2016;2017;2018;2019;2020
98232099999,18.3666666,121.6333333,6,2015;2016;2017;2018;2019;2020
98233099999,17.638311,121.730614,6,2015;2016;2017;2018;2019;2020
98324099999,15.3333333,119.9666667,6,2015;2016;2017;2018;2019;2020
98325099999,16.0833333,120.35,6,2015;2016;2017;2018;2019;2020
98327099999,15.185989,120.560325,6,2015;2016;2017;2018;2019;2020
98328099999,16.375103,120.619636,6,2015;2016;2017;2018;2019;2020
98330099999,15.4666666,120.95,5,2015;2016;2017;2018;2019
98334099999,15.75,121.6333333,6,2015;2016;2017;2018;2019;2020
98336099999,16.2666666,122.1333333,6,2015;2016;2017;2018;2019;2020
98425099999,14.5833333,120.9833333,6,2015;2016;2017;2018;2019;2020
98426041231,14.8,120.26667,6,2015;2016;2017;2018;2019;2020
98427099999,14.0166666,121.6,6,2015;2016;2017;2018;2019;2020
98428099999,14.495364,120.904075,6,2015;2016;2017;2018;2019;2020
98429099999,14.508647,121.019581,6,2015;2016;2017;2018;2019;2020
98430099999,14.65,121.05,6,2015;2016;2017;2018;2019;2020
98431099999,13.4166667,121.1833333,6,2015;2016;2017;2018;2019;2020
98432099999,14.0833333,121.05,6,2015;2016;2017;2018;2019;2020
98433099999,14.5833333,121.3666666,6,2015;2016;2017;2018;2019;2020
98434099999,14.75,121.65,6,2015;2016;2017;2018;2019;2020
98435099999,14.1,122.0166666,6,2015;2016;2017;2018;2019;2020
98440099999,14.129167,122.980181,6,2015;2016;2017;2018;2019;2020
98444099999,13.157064,123.746247,6,2015;2016;2017;2018;2019;2020
98446099999,13.576439,124.205672,6,2015;2016;2017;2018;2019;2020
98524199999,12.121458,120.100031,1,2016
98526099999,12.2166666,120.2,6,2015;2016;2017;2018;2019;2020
98531099999,12.361517,121.046639,6,2015;2016;2017;2018;2019;2020
98536099999,12.5833333,122.2833333,6,2015;2016;2017;2018;2019;2020
98536141231,14.8,120.26667,1,2016
98537099999,11.683,122.383,5,2015;2017;2018;2019;2020
98538099999,11.597669,122.751669,6,2015;2016;2017;2018;2019;2020
98543099999,12.369367,123.629236,6,2015;2016;2017;2018;2019;2020
98545099999,12.067,124.533,3,2015;2016;2017
98546099999,12.502417,124.635778,6,2015;2016;2017;2018;2019;2020
98548099999,11.7833333,124.8833333,6,2015;2016;2017;2018;2019;2020
98550099999,11.227628,125.027758,6,2015;2016;2017;2018;2019;2020
98553099999,11.6666666,125.45,6,2015;2016;2017;2018;2019;2020
98558099999,11.035544,125.741594,6,2015;2016;2017;2018;2019;2020
98618099999,9.742119,118.758731,6,2015;2016;2017;2018;2019;2020
98630099999,10.85,121.0,6,2015;2016;2017;2018;2019;2020
98637099999,10.713067,122.541083,1,2016
98642099999,9.333714,123.300472,6,2015;2016;2017;2018;2019;2020
98644099999,9.664081,123.853247,6,2015;2016;2017;2018;2019;2020
98644599999,11.16,123.95,1,2017
98646099999,10.307542,123.979439,6,2015;2016;2017;2018;2019;2020
98648099999,10.1333333,124.8666666,6,2015;2016;2017;2018;2019;2020
98653099999,9.7833333,125.4833333,6,2015;2016;2017;2018;2019;2020
98741099999,8.601261,123.334481,6,2015;2016;2017;2018;2019;2020
98742099999,7.827197,123.458294,1,2020
98745099999,7.617222,124.058611,1,2018
98746099999,7.1666666,124.2166666,6,2015;2016;2017;2018;2019;2020
98747099999,8.4166666,124.6166666,6,2015;2016;2017;2018;2019;2020
98748099999,8.4833333,124.65,2,2016;2019
98751099999,8.15,125.1333333,6,2015;2016;2017;2018;2019;2020
98752099999,8.95,125.4833333,6,2015;2016;2017;2018;2019;2020
98753099999,7.125522,125.645778,6,2015;2016;2017;2018;2019;2020
98755099999,8.3666666,126.3333333,6,2015;2016;2017;2018;2019;2020
98836099999,6.922419,122.059633,6,2015;2016;2017;2018;2019;2020
98848599999,6.366817,124.751294,1,2019
98851041231,14.8,120.26667,6,2015;2016;2017;2018;2019;2020
99020099999,71.5,19.0,1,2016
99090099999,66.0,2.0,1,2016
99371199999,36.95,-76.33,5,2015;2017;2018;2019;2020
99400699999,26.4,-81.88,4,2015;2018;2019;2020
99400799999,21.3,-157.87,5,2015;2017;2018;2019;2020
99400899999,28.12,-82.8,5,2015;2017;2018;2019;2020
99401099999,28.9,-89.43,5,2015;2017;2018;2019;2020
99401199999,46.208,-123.767,5,2015;2017;2018;2019;2020
99401299999,41.745,-124.183,5,2015;2017;2018;2019;2020
99401399999,48.863,-122.758,5,2015;2017;2018;2019;2020
99401499999,47.605,-122.338,4,2015;2017;2018;2019
99401599999,48.547,-123.01,5,2015;2017;2018;2019;2020
99401699999,37.807,-122.465,5,2015;2017;2018;2019;2020
99401799999,40.767,-124.217,5,2015;2017;2018;2019;2020
99401899999,32.867,-117.258,5,2015;2017;2018;2019;2020
99401999999,36.605,-121.888,1,2015
99402099999,36.91,-75.71,1,2015
99402199999,48.368,-124.617,5,2015;2017;2018;2019;2020
99402299999,37.99,-122.975,5,2015;2017;2018;2019;2020
99402399999,35.177,-120.76,5,2015;2017;2018;2019;2020
99402499999,48.125,-123.44,5,2015;2017;2018;2019;2020
99402599999,48.112,-122.758,5,2015;2017;2018;2019;2020
99402699999,44.625,-124.043,5,2015;2017;2018;2019;2020
99402799999,32.713,-117.173,5,2015;2017;2018;2019;2020
99402899999,34.008,-118.5,5,2015;2017;2018;2019;2020
99402999999,46.708,-123.965,5,2015;2017;2018;2019;2020
99403199999,42.74,-124.497,5,2015;2017;2018;2019;2020
99403299999,43.345,-124.322,5,2015;2017;2018;2019;2020
99403399999,37.772,-122.298,5,2015;2017;2018;2019;2020
99403499999,38.057,-122.038,5,2015;2017;2018;2019;2020
99403599999,33.72,-118.272,5,2015;2017;2018;2019;2020
99403699999,37.928,-122.4,5,2015;2017;2018;2019;2020
99404199999,37.507,-122.2,5,2015;2017;2018;2019;2020
99404299999,18.33,-64.92,5,2015;2017;2018;2019;2020
99404399999,18.47,-66.12,5,2015;2017;2018;2019;2020
99404499999,38.92,-123.7,5,2015;2017;2018;2019;2020
99404599999,29.73,-84.98,5,2015;2017;2018;2019;2020
99404699999,41.28,-70.1,5,2015;2017;2018;2019;2020
99404799999,30.4,-87.22,5,2015;2017;2018;2019;2020
99404899999,47.267,-122.413,5,2015;2017;2018;2019;2020
99405099999,26.61,-80.03,5,2015;2017;2018;2019;2020
99406099999,43.97,-68.13,5,2015;2017;2018;2019;2020
99406199999,45.651,-84.472,1,2015
99406399999,45.356,-83.492,1,2015
99406499999,44.713,-83.273,1,2015
99406599999,44.256,-83.443,5,2015;2017;2018;2019;2020
99406699999,46.762,-84.966,5,2015;2017;2018;2019;2020
99407099999,47.68,-124.49,5,2015;2017;2018;2019;2020
99408099999,57.27,-133.63,5,2015;2017;2018;2019;2020
99408199999,58.92,-151.95,5,2015;2017;2018;2019;2020
99408299999,28.43,-82.66,5,2015;2017;2018;2019;2020
99408399999,25.08,-81.09,1,2015
99408499999,59.74,-149.47,5,2015;2017;2018;2019;2020
99408699999,30.06,-84.29,5,2015;2017;2018;2019;2020
99409099999,48.22,-88.37,5,2015;2017;2018;2019;2020
99411099999,27.83,-97.05,5,2015;2017;2018;2019;2020
99413099999,47.87,-89.31,5,2015;2017;2018;2019;2020
99414099999,41.4,-71.03,5,2015;2017;2018;2019;2020
99416099999,34.62,-76.52,5,2015;2017;2018;2019;2020
99418099999,48.32,-122.84,5,2015;2017;2018;2019;2020
99419099999,47.08,-90.73,5,2015;2017;2018;2019;2020
99420099999,47.18,-87.22,5,2015;2017;2018;2019;2020
99421099999,34.58,-120.65,5,2015;2017;2018;2019;2020
99422099999,27.07,-82.45,5,2015;2017;2018;2019;2020
99423099999,32.68,-79.89,5,2015;2017;2018;2019;2020
99425099999,42.49,-79.35,5,2015;2017;2018;2019;2020
99426099999,29.67,-94.05,5,2015;2017;2018;2019;2020
99427099999,42.97,-70.62,5,2015;2017;2018;2019;2020
99428099999,44.61,-124.07,5,2015;2017;2018;2019;2020
99430099999,48.39,-124.74,2,2015;2017
99433099999,43.75,-87.69,5,2015;2017;2018;2019;2020
99434099999,41.63,-82.84,5,2015;2017;2018;2019;2020
99435099999,47.66,-122.44,5,2015;2017;2018;2019;2020
99437099999,43.78,-68.86,5,2015;2017;2018;2019;2020
99439099999,26.7,-79.0,5,2015;2017;2018;2019;2020
99440099999,38.9,-76.44,5,2015;2017;2018;2019;2020
99441099999,29.86,-81.26,5,2015;2017;2018;2019;2020
99442099999,30.25,-88.07,5,2015;2017;2018;2019;2020
99443099999,25.01,-80.38,4,2015;2017;2018;2019
99445099999,24.63,-81.11,4,2015;2018;2019;2020
99456099999,25.59,-80.1,5,2015;2017;2018;2019;2020
99457099999,24.46,-81.88,5,2015;2017;2018;2019;2020
99462099999,24.84,-80.86,5,2015;2017;2018;2019;2020
99464099999,29.14,-83.03,5,2015;2017;2018;2019;2020
99465099999,29.82,-83.59,5,2015;2017;2018;2019;2020
99466099999,61.06,-146.7,5,2015;2017;2018;2019;2020
99467099999,61.08,-146.66,5,2015;2017;2018;2019;2020
99468099999,60.84,-146.88,5,2015;2017;2018;2019;2020
99469099999,60.55,-152.14,4,2015;2017;2018;2019
99470099999,59.38,-153.35,5,2015;2017;2018;2019;2020
99471099999,27.3,-97.42,5,2015;2017;2018;2019;2020
99472099999,59.33,-151.99,5,2015;2017;2018;2019;2020
99475099999,41.31,-72.08,5,2015;2017;2018;2019;2020
99479099999,28.45,-96.4,5,2015;2017;2018;2019;2020
99480099999,26.8,-97.47,5,2015;2017;2018;2019;2020
99482099999,29.41,-84.86,5,2015;2017;2018;2019;2020
99495199999,27.862,-80.445,5,2015;2017;2018;2019;2020
99497199999,42.35,-71.05,5,2015;2017;2018;2019;2020
99497299999,44.6,-87.43,2,2015;2017
99497399999,45.28,-86.98,5,2015;2017;2018;2019;2020
99497499999,45.2,-87.12,2,2015;2017
99497599999,34.2,-76.67,5,2015;2017;2018;2019;2020
99497799999,29.27,-89.95,5,2015;2017;2018;2019;2020
99497999999,44.02,-83.53,5,2015;2017;2018;2019;2020
99707799999,33.842,-78.476,4,2015;2017;2018;2020
99707899999,56.388,-134.637,1,2015
99707999999,45.035,-83.194,5,2015;2017;2018;2019;2020
99717199999,57.052,-135.342,5,2015;2017;2018;2019;2020
99717299999,18.318,-64.724,5,2015;2017;2018;2019;2020
99717399999,20.037,-155.829,5,2015;2017;2018;2019;2020
99717499999,32.782,-79.925,5,2015;2017;2018;2019;2020
99717599999,66.986,-160.574,2,2015;2017
99717699999,59.602,-151.417,5,2015;2017;2018;2019;2020
99717799999,59.923,-141.359,5,2015;2017;2018;2019;2020
99717899999,58.198,-134.257,5,2015;2017;2018;2019;2020
99717999999,55.099,-131.182,5,2015;2017;2018;2019;2020
99721199999,28.15,-82.75,1,2015
99723699999,29.44,-92.06,5,2015;2017;2018;2019;2020
99723999999,28.87,-90.48,5,2015;2017;2018;2019;2020
99725499999,42.88,-78.89,5,2015;2017;2018;2019;2020
99725599999,41.73,-87.54,5,2015;2017;2018;2019;2020
99725799999,45.99,-83.9,5,2015;2017;2018;2019;2020
99725899999,43.01,-82.42,5,2015;2017;2018;2019;2020
99725999999,47.75,-90.34,5,2015;2017;2018;2019;2020
99726099999,43.85,-82.64,5,2015;2017;2018;2019;2020
99726199999,43.95,-86.44,5,2015;2017;2018;2019;2020
99726299999,46.55,-87.38,5,2015;2017;2018;2019;2020
99726499999,43.46,-76.51,5,2015;2017;2018;2019;2020
99726599999,46.49,-84.63,5,2015;2017;2018;2019;2020
99726699999,46.27,-84.19,5,2015;2017;2018;2019;2020
99726899999,46.5,-84.37,5,2015;2017;2018;2019;2020
99727099999,39.35,-74.42,5,2015;2017;2018;2019;2020
99727199999,40.701,-74.014,5,2015;2017;2018;2019;2020
99727299999,40.639,-74.146,5,2015;2017;2018;2019;2020
99727399999,41.7,-71.17,5,2015;2017;2018;2019;2020
99727499999,41.52,-70.67,5,2015;2017;2018;2019;2020
99727599999,43.65,-70.25,5,2015;2017;2018;2019;2020
99727799999,41.72,-71.33,5,2015;2017;2018;2019;2020
99727899999,41.8,-71.4,5,2015;2017;2018;2019;2020
99727999999,41.7,-71.0,5,2015;2017;2018;2019;2020
99728099999,40.8,-73.77,5,2015;2017;2018;2019;2020
99728199999,38.78,-75.12,5,2015;2017;2018;2019;2020
99728299999,41.05,-71.97,5,2015;2017;2018;2019;2020
99728399999,41.35,-72.08,5,2015;2017;2018;2019;2020
99728499999,41.28,-72.88,5,2015;2017;2018;2019;2020
99728599999,41.5,-71.32,5,2015;2017;2018;2019;2020
99728699999,39.93,-75.0,5,2015;2017;2018;2019;2020
99728799999,44.9,-66.98,5,2015;2017;2018;2019;2020
99728899999,41.58,-71.4,5,2015;2017;2018;2019;2020
99728999999,40.47,-74.0,5,2015;2017;2018;2019;2020
99729099999,41.17,-73.18,5,2015;2017;2018;2019;2020
99729299999,32.87,-117.25,5,2015;2017;2018;2019;2020
99729399999,41.55,-82.9,5,2015;2017;2018;2019;2020
99729499999,41.637,-71.339,5,2015;2017;2018;2019;2020
99729599999,41.68,-83.4,5,2015;2017;2018;2019;2020
99729699999,39.27,-76.57,5,2015;2017;2018;2019;2020
99729799999,38.57,-76.07,5,2015;2017;2018;2019;2020
99729999999,36.97,-76.12,2,2015;2017
99730099999,39.52,-75.8,5,2015;2017;2018;2019;2020
99730199999,32.03,-80.9,5,2015;2017;2018;2019;2020
99730299999,39.22,-76.52,5,2015;2017;2018;2019;2020
99730499999,37.98,-76.47,5,2015;2017;2018;2019;2020
99730599999,36.77,-76.3,5,2015;2017;2018;2019;2020
99730699999,33.65,-78.92,3,2015;2017;2018
99730799999,35.8,-75.53,5,2015;2017;2018;2019;2020
99730899999,37.53,-76.02,5,2015;2017;2018;2019;2020
99730999999,38.32,-76.45,5,2015;2017;2018;2019;2020
99731299999,39.2,-76.23,5,2015;2017;2018;2019;2020
99731399999,37.6,-75.68,5,2015;2017;2018;2019;2020
99731499999,38.87,-77.02,5,2015;2017;2018;2019;2020
99731599999,37.22,-76.48,5,2015;2017;2018;2019;2020
99733799999,29.768,-93.343,5,2015;2017;2018;2019;2020
99733899999,42.0,-87.5,5,2015;2017;2018;2019;2020
99733999999,41.73,-86.93,5,2015;2017;2018;2019;2020
99734099999,42.58,-87.8,5,2015;2017;2018;2019;2020
99734199999,43.23,-86.33,5,2015;2017;2018;2019;2020
99734299999,43.05,-87.88,5,2015;2017;2018;2019;2020
99734399999,42.4,-86.28,5,2015;2017;2018;2019;2020
99734499999,41.82,-83.18,5,2015;2017;2018;2019;2020
99734599999,27.97,-82.83,5,2015;2017;2018;2019;2020
99734699999,26.65,-81.87,5,2015;2017;2018;2019;2020
99734799999,30.67,-81.47,5,2015;2017;2018;2019;2020
99734899999,24.55,-81.8,5,2015;2017;2018;2019;2020
99734999999,17.7,-64.75,5,2015;2017;2018;2019;2020
99735099999,17.97,-67.05,5,2015;2017;2018;2019;2020
99735199999,26.12,-81.8,5,2015;2017;2018;2019;2020
99735299999,30.22,-85.88,5,2015;2017;2018;2019;2020
99735399999,27.75,-82.62,5,2015;2017;2018;2019;2020
99735499999,28.42,-80.58,5,2015;2017;2018;2019;2020
99735599999,25.73,-80.15,5,2015;2017;2018;2019;2020
99735699999,24.72,-81.1,5,2015;2017;2018;2019;2020
99735799999,27.913,-82.425,5,2015;2017;2018;2019;2020
99735899999,30.397,-81.43,5,2015;2017;2018;2019;2020
99735999999,45.0666666,-83.4166666,5,2015;2017;2018;2019;2020
99736099999,29.77,-90.42,5,2015;2017;2018;2019;2020
99736199999,29.48,-94.92,5,2015;2017;2018;2019;2020
99736499999,29.3,-94.78,5,2015;2017;2018;2019;2020
99736699999,27.58,-97.22,5,2015;2017;2018;2019;2020
99736899999,29.73,-93.87,5,2015;2017;2018;2019;2020
99736999999,26.05,-97.22,5,2015;2017;2018;2019;2020
99737099999,29.68,-94.98,5,2015;2017;2018;2019;2020
99737199999,37.17,-75.98,5,2015;2017;2018;2019;2020
99737299999,39.9,-75.57,5,2015;2017;2018;2019;2020
99737999999,28.2,-117.35,5,2015;2017;2018;2019;2020
99738099999,51.87,-176.63,5,2015;2017;2018;2019;2020
99738199999,61.23,-149.88,5,2015;2017;2018;2019;2020
99738299999,60.68,-151.4,5,2015;2017;2018;2019;2020
99738399999,64.5,-165.42,5,2015;2017;2018;2019;2020
99738499999,20.9,-156.47,5,2015;2017;2018;2019;2020
99738599999,8.73,167.73,5,2015;2017;2018;2019;2020
99738699999,70.4,-148.52,5,2015;2017;2018;2019;2020
99738799999,19.28,166.62,5,2015;2017;2018;2019;2020
99768799999,40.08,-74.88,5,2015;2017;2018;2019;2020
99768899999,38.22,-76.03,5,2015;2017;2018;2019;2020
99768999999,38.98,-75.1,5,2015;2017;2018;2019;2020
99769199999,36.93,-76.02,5,2015;2017;2018;2019;2020
99769299999,41.53,-81.63,5,2015;2017;2018;2019;2020
99769399999,36.88,-76.33,5,2015;2017;2018;2019;2020
99769499999,39.58,-75.58,5,2015;2017;2018;2019;2020
99769599999,34.2,-77.83,5,2015;2017;2018;2019;2020
99769699999,47.92,-124.63,5,2015;2017;2018;2019;2020
99769799999,46.48,-84.3,5,2015;2017;2018;2019;2020
99769899999,40.8,-74.75,5,2015;2017;2018;2019;2020
99769999999,-14.28,-170.7,5,2015;2017;2018;2019;2020
99770199999,27.63,-82.57,5,2015;2017;2018;2019;2020
99770299999,38.13,-76.53,5,2015;2017;2018;2019;2020
99770399999,28.92,-89.4,5,2015;2017;2018;2019;2020
99770499999,67.57,-164.65,5,2015;2017;2018;2019;2020
99770599999,27.85,-82.55,5,2015;2017;2018;2019;2020
99770699999,45.55,-123.9,5,2015;2017;2018;2019;2020
99770799999,43.32,-70.55,5,2015;2017;2018;2019;2020
99770899999,37.25,-76.33,5,2015;2017;2018;2019;2020
99772999999,29.35,-94.72,5,2015;2017;2018;2019;2020
99773199999,45.2,-85.55,5,2015;2017;2018;2019;2020
99773299999,47.27,-88.53,5,2015;2017;2018;2019;2020
99773399999,24.68,-82.77,5,2015;2017;2018;2019;2020
99773499999,37.92,-122.45,5,2015;2017;2018;2019;2020
99773599999,42.35,-87.82,5,2015;2017;2018;2019;2020
99773699999,43.38,-87.87,5,2015;2017;2018;2019;2020
99773799999,47.27,-91.08,4,2015;2017;2018;2020
99773899999,46.57,-90.43,5,2015;2017;2018;2019;2020
99773999999,46.6666666,-85.9666666,5,2015;2017;2018;2019;2020
99774199999,44.45,-87.4833333,5,2015;2017;2018;2019;2020
99774299999,30.4333333,-88.0,5,2015;2017;2018;2019;2020
99774399999,40.65,-74.0666666,5,2015;2017;2018;2019;2020
99777999999,39.3,-75.3666666,5,2015;2017;2018;2019;2020
99778199999,38.7166666,-76.65,5,2015;2017;2018;2019;2020
99778299999,36.9666666,-76.4166666,5,2015;2017;2018;2019;2020
99778499999,30.65,-87.9333333,5,2015;2017;2018;2019;2020
99778599999,45.1,-87.5833333,5,2015;2017;2018;2019;2020
99778799999,41.65,-87.15,5,2015;2017;2018;2019;2020
99778899999,56.0,-134.1333333,5,2015;2017;2018;2019;2020
99778999999,58.9666666,-135.2166666,5,2015;2017;2018;2019;2020
99779299999,45.6166666,-86.65,5,2015;2017;2018;2019;2020
99779399999,46.0833333,-85.4333333,5,2015;2017;2018;2019;2020
99779499999,33.9,-78.15,1,2015
99779599999,46.8666666,-89.3333333,1,2020
99779699999,58.2,-134.1333333,5,2015;2017;2018;2019;2020
99779799999,58.4,-134.95,5,2015;2017;2018;2019;2020
99779899999,58.2666666,-134.4333333,5,2015;2017;2018;2019;2020
99779999999,58.1666666,-135.25,5,2015;2017;2018;2019;2020
99780199999,46.1,-122.95,5,2015;2017;2018;2019;2020
99780299999,44.05,-86.5166666,5,2015;2017;2018;2019;2020
99780399999,46.7833333,-91.3833333,3,2015;2017;2020
99780499999,58.2,-136.6333333,5,2015;2017;2018;2019;2020
99798299999,45.9666666,-85.8666666,5,2015;2017;2018;2019;2020
99798899999,46.8166666,-87.7166666,5,2015;2017;2018;2019;2020
99798999999,43.3333333,-78.7166666,5,2015;2017;2018;2019;2020
99799099999,32.55,-80.45,5,2015;2017;2018;2019;2020
99799199999,42.0166666,-73.9166666,5,2015;2017;2018;2019;2020
99799299999,29.7833333,-84.8833333,5,2015;2017;2018;2019;2020
99799399999,43.05,-70.8333333,5,2015;2017;2018;2019;2020
99799499999,38.7666666,-76.7,5,2015;2017;2018;2019;2020
99799599999,43.35,-124.3166666,1,2015
99799699999,42.4666666,-82.8666666,5,2015;2017;2018;2019;2020
99799799999,36.8166666,-121.7333333,5,2015;2017;2018;2019;2020
99799999999,41.85,-80.9666666,4,2015;2017;2019;2020
99800099999,29.65,-81.2166666,5,2015;2017;2018;2019;2020
99800199999,41.4,-82.55,5,2015;2017;2018;2019;2020
99800299999,39.5333333,-74.45,5,2015;2017;2018;2019;2020
99800399999,17.95,-66.2333333,5,2015;2017;2018;2019;2020
99800499999,41.6333333,-71.3333333,5,2015;2017;2018;2019;2020
99800599999,33.35,-79.1833333,5,2015;2017;2018;2019;2020
99800699999,34.15,-77.85,5,2015;2017;2018;2019;2020
99800799999,48.4666666,-122.4666666,5,2015;2017;2018;2019;2020
99800899999,26.0333333,-81.7,5,2015;2017;2018;2019;2020
99800999999,43.25,-77.5833333,5,2015;2017;2018;2019;2020
99801099999,31.4166666,-81.2833333,5,2015;2017;2018;2019;2020
99801199999,38.2166666,-122.0166666,5,2015;2017;2018;2019;2020
99801299999,42.1,-86.4833333,5,2015;2017;2018;2019;2020
99801399999,32.5745,-117.127,5,2015;2017;2018;2019;2020
99801499999,41.5833333,-70.5166666,5,2015;2017;2018;2019;2020
99801599999,43.3333333,-70.55,5,2015;2017;2018;2019;2020
99801699999,30.4166666,-87.8333333,5,2015;2017;2018;2019;2020
99801799999,37.4166666,-76.7166666,5,2015;2017;2018;2019;2020
99816599999,28.1333333,-97.0333333,5,2015;2017;2018;2019;2020
99816699999,41.9833333,-80.55,5,2015;2017;2018;2019;2020
99816799999,59.6,-151.4166666,5,2015;2017;2018;2019;2020
99816899999,43.2666666,-79.0666666,4,2015;2017;2018;2019
99816999999,39.0833333,-75.4333333,5,2015;2017;2018;2019;2020
99817099999,32.3666666,-64.7,4,2015;2017;2018;2019
99817199999,30.35,-88.4166666,5,2015;2017;2018;2019;2020
99817299999,56.05,-132.7,5,2015;2017;2018;2019;2020
99817399999,36.8,-121.7833333,4,2015;2018;2019;2020
99817599999,35.1666666,-120.7333333,5,2015;2017;2018;2019;2020
99817699999,47.1833333,-88.2333333,5,2015;2017;2018;2019;2020
99817799999,34.1,-81.2666666,5,2015;2017;2018;2019;2020
99817899999,58.45,-135.8833333,5,2015;2017;2018;2019;2020
99817999999,41.3833333,-82.5,5,2015;2017;2018;2019;2020
99818099999,43.4166666,-82.5333333,5,2015;2017;2018;2019;2020
99818299999,29.5166666,-94.5,5,2015;2017;2018;2019;2020
99818399999,27.4833333,-97.3166666,4,2017;2018;2019;2020
99818499999,27.8333333,-97.0666666,5,2015;2017;2018;2019;2020
99818599999,28.4,-96.7166666,5,2015;2017;2018;2019;2020
99818799999,33.55,-80.5,3,2015;2017;2018
99818999999,28.9333333,-95.3,5,2015;2017;2018;2019;2020
99819199999,19.7166666,-155.05,5,2015;2017;2018;2019;2020
99819299999,30.65,-88.05,5,2015;2017;2018;2019;2020
99819399999,21.4333333,-157.7833333,5,2015;2017;2018;2019;2020
99819499999,30.0166666,-90.1166666,5,2015;2017;2018;2019;2020
99819599999,21.95,-159.35,5,2015;2017;2018;2019;2020
99819699999,30.7,-88.0333333,5,2015;2017;2018;2019;2020
99819799999,37.8,-122.3166666,5,2015;2017;2018;2019;2020
99819899999,59.4333333,-151.7166666,5,2015;2017;2018;2019;2020
99819999999,30.15,-85.6666666,5,2015;2017;2018;2019;2020
99820199999,30.35,-88.5666666,5,2015;2017;2018;2019;2020
99820299999,30.35,-88.5,3,2015;2017;2018
99820399999,46.2833333,-84.2,5,2015;2017;2018;2019;2020
99820499999,46.9166666,-124.1166666,5,2015;2017;2018;2019;2020
99820599999,33.6666666,-82.2,5,2015;2017;2018;2019;2020
99820699999,58.1833333,-136.3333333,5,2015;2017;2018;2019;2020
99820799999,28.65,-89.55,4,2015;2017;2018;2020
99820899999,34.3333333,-80.7,5,2015;2017;2018;2019;2020
99820999999,36.1833333,-75.75,5,2015;2017;2018;2019;2020
99821199999,38.3166666,-75.0833333,5,2015;2017;2018;2019;2020
99821399999,27.65,-82.5833333,5,2015;2017;2018;2019;2020
99821699999,45.2,-87.35,5,2015;2017;2018;2019;2020
99821799999,29.45,-91.3333333,5,2015;2017;2018;2019;2020
99821899999,29.8666666,-89.6666666,5,2015;2017;2018;2019;2020
99821999999,30.3166666,-89.3166666,5,2015;2017;2018;2019;2020
99822199999,56.9,-154.25,5,2015;2017;2018;2019;2020
99822399999,44.3333333,-75.9333333,5,2015;2017;2018;2019;2020
99822499999,52.2333333,-174.1666666,5,2015;2017;2018;2019;2020
99822599999,29.8666666,-93.9333333,5,2015;2017;2018;2019;2020
99822699999,28.0166666,-97.05,5,2015;2017;2018;2019;2020
99822799999,13.444,144.657,5,2015;2017;2018;2019;2020
99822999999,17.75,-64.7,5,2015;2017;2018;2019;2020
99823199999,30.35,-88.5666666,3,2015;2017;2018
99823599999,43.0666666,-79.0166666,5,2015;2017;2018;2019;2020
99823699999,27.6333333,-97.2333333,5,2015;2017;2018;2019;2020
99823799999,13.4166666,144.8,5,2015;2017;2018;2019;2020
99823899999,30.2166666,-88.5,5,2015;2017;2018;2019;2020
99823999999,30.3333333,-88.5166666,3,2015;2017;2018
99824299999,43.8,-83.7166666,5,2015;2017;2018;2019;2020
99824399999,55.3333333,-160.5,5,2015;2017;2018;2019;2020
99824499999,27.9333333,-82.4333333,5,2015;2017;2018;2019;2020
99824599999,36.9833333,-76.3166666,5,2015;2017;2018;2019;2020
99824699999,18.4833333,-66.7,5,2015;2017;2018;2019;2020
99824799999,18.3333333,-65.6333333,2,2015;2017
99824899999,18.2166666,-67.15,5,2015;2017;2018;2019;2020
99825199999,18.05,-65.8333333,5,2015;2017;2018;2019;2020
99825299999,44.4,-68.2,5,2015;2017;2018;2019;2020
99825499999,55.0666666,-162.3333333,5,2015;2017;2018;2019;2020
99825599999,45.7833333,-84.7166666,5,2015;2017;2018;2019;2020
99825699999,47.276,-122.418,5,2015;2017;2018;2019;2020
99825799999,18.15,-65.4333333,2,2015;2017
99825899999,55.333,-131.625,5,2015;2017;2018;2019;2020
99825999999,59.45,-135.318,5,2015;2017;2018;2019;2020
99826199999,58.298,-134.412,5,2015;2017;2018;2019;2020
99826299999,18.45,-67.1666666,1,2015
99826399999,18.3,-65.3,4,2017;2018;2019;2020
99826499999,30.2166666,-93.2166666,5,2015;2017;2018;2019;2020
99826599999,39.8166666,-75.4166666,5,2015;2017;2018;2019;2020
99826699999,42.6833333,-79.05,5,2015;2017;2018;2019;2020
99826799999,43.2666666,-77.6166666,5,2015;2017;2018;2019;2020
99826899999,57.7833333,-135.2166666,5,2015;2017;2018;2019;2020
99826999999,27.9333333,-82.4333333,5,2015;2017;2018;2019;2020
99827199999,61.1333333,-146.3666666,5,2015;2017;2018;2019;2020
99827499999,25.4833333,-80.9833333,5,2015;2017;2018;2019;2020
99827599999,25.027,-80.681,5,2015;2017;2018;2019;2020
99827699999,25.1833333,-80.4333333,5,2015;2017;2018;2019;2020
99827799999,25.4166666,-80.95,5,2015;2017;2018;2019;2020
99827899999,25.7,-81.1833333,5,2015;2017;2018;2019;2020
99827999999,25.1833333,-80.4833333,5,2015;2017;2018;2019;2020
99828199999,41.7666666,-81.2833333,5,2015;2017;2018;2019;2020
99828299999,29.55,-92.3,5,2015;2017;2018;2019;2020
99828399999,25.1666666,-80.8,5,2015;2017;2018;2019;2020
99828499999,25.25,-80.45,5,2015;2017;2018;2019;2020
99828599999,25.05,-80.9,5,2015;2017;2018;2019;2020
99828699999,25.4833333,-81.1166666,2,2015;2017
99828799999,25.2166666,-80.4333333,5,2015;2017;2018;2019;2020
99828899999,25.1666666,-80.6333333,5,2015;2017;2018;2019;2020
99828999999,25.55,-81.1833333,5,2015;2017;2018;2019;2020
99829199999,24.9833333,-80.8333333,5,2015;2017;2018;2019;2020
99829299999,25.2333333,-80.45,5,2015;2017;2018;2019;2020
99829399999,25.1,-80.95,5,2015;2017;2018;2019;2020
99829499999,24.9166666,-80.75,5,2015;2017;2018;2019;2020
99829599999,25.2166666,-80.5333333,5,2015;2017;2018;2019;2020
99829699999,25.4166666,-80.9666666,5,2015;2017;2018;2019;2020
99829799999,25.2166666,-80.65,5,2015;2017;2018;2019;2020
99829999999,25.0833333,-80.7333333,5,2015;2017;2018;2019;2020
99830099999,25.087,-80.519,5,2015;2017;2018;2019;2020
99830199999,18.094,-65.471,5,2015;2017;2018;2019;2020
99830299999,25.376,-81.029,5,2015;2017;2018;2019;2020
99830499999,18.09,-67.939,5,2015;2017;2018;2019;2020
99830599999,26.092,-80.109,4,2015;2017;2018;2019
99830699999,25.619,-81.044,5,2015;2017;2018;2019;2020
99830799999,25.708,-81.248,5,2015;2017;2018;2019;2020
99833999999,42.975,-82.419,5,2015;2017;2018;2019;2020
99834099999,34.408,-119.658,5,2015;2017;2018;2019;2020
99834199999,56.247,-134.647,5,2015;2017;2018;2019;2020
99834299999,40.012,-75.042,1,2015
99840599999,44.248,-86.346,5,2015;2017;2018;2019;2020
99840799999,42.768,-86.201,5,2015;2017;2018;2019;2020
99840899999,32.714,-117.175,2,2015;2017
99840999999,38.983,-76.48,5,2015;2017;2018;2019;2020
99842599999,60.557,-145.755,5,2015;2017;2018;2019;2020
99842699999,35.208,-75.703,5,2015;2017;2018;2019;2020
99842799999,57.73,-152.514,5,2015;2017;2018;2019;2020
99842999999,52.941,-168.871,5,2015;2017;2018;2019;2020
99843099999,60.12,-149.427,5,2015;2017;2018;2019;2020
99843199999,53.879,-166.54,5,2015;2017;2018;2019;2020
99843299999,59.548,-139.733,5,2015;2017;2018;2019;2020
99843399999,19.174,-96.093,2,2015;2017
99843499999,19.202,-96.113,1,2015
99843599999,44.703,-75.495,5,2015;2017;2018;2019;2020
99843699999,42.346,-79.596,1,2015
99843799999,19.6,-96.3833333,3,2015;2017;2018
99843899999,29.6666666,-91.2333333,5,2015;2017;2018;2019;2020
99843999999,30.308,-88.14,5,2015;2017;2018;2019;2020
99844099999,30.258,-88.213,5,2015;2017;2018;2019;2020
99844199999,17.591,-61.821,5,2015;2017;2018;2019;2020
99844299999,44.657,-67.21,5,2015;2017;2018;2019;2020
99847399999,28.885,-90.024,5,2015;2017;2018;2019;2020
99847499999,38.057,-122.259,5,2015;2017;2018;2019;2020
99847599999,38.033,-122.125,5,2015;2017;2018;2019;2020
99847699999,37.811,-122.333,5,2015;2017;2018;2019;2020
99847799999,37.906,-122.365,5,2015;2017;2018;2019;2020
99847899999,38.042,-121.887,5,2015;2017;2018;2019;2020
99847999999,37.798,-122.393,5,2015;2017;2018;2019;2020
99848199999,29.726,-95.266,5,2015;2017;2018;2019;2020
99848299999,27.812,-97.39,5,2015;2017;2018;2019;2020
99848399999,26.077,-97.177,5,2015;2017;2018;2019;2020
99848499999,28.118,-97.022,2,2015;2017
99848599999,30.329,-87.829,5,2015;2017;2018;2019;2020
99848699999,29.178,-89.258,5,2015;2017;2018;2019;2020
99848799999,28.64,-96.595,5,2015;2017;2018;2019;2020
99849099999,29.689,-93.842,5,2015;2017;2018;2019;2020
99849199999,30.279,-87.556,5,2015;2017;2018;2019;2020
99849299999,42.621,-82.527,5,2015;2017;2018;2019;2020
99849399999,25.295,-81.013,5,2015;2017;2018;2019;2020
99849499999,25.284,-80.894,5,2015;2017;2018;2019;2020
99849599999,25.23,-80.939,5,2015;2017;2018;2019;2020
99849699999,37.795,-122.288,5,2015;2017;2018;2019;2020
99849799999,41.976,-87.648,5,2015;2017;2018;2019;2020
99849999999,41.856,-87.609,5,2015;2017;2018;2019;2020
99999900120,37.067,-81.8,1,2015
99999900126,38.317,-76.55,6,2015;2016;2017;2018;2019;2020
99999900157,40.75,-106.267,6,2015;2016;2017;2018;2019;2020
99999900170,39.6,-116.0,6,2015;2016;2017;2018;2019;2020
99999900177,29.85,-98.85,6,2015;2016;2017;2018;2019;2020
99999900178,40.617,-74.25,2,2015;2016
99999900179,45.9,-94.867,6,2015;2016;2017;2018;2019;2020
99999900180,45.0,-92.85,6,2015;2016;2017;2018;2019;2020
99999900209,33.6,-97.783,1,2015
99999900210,36.367,-82.167,6,2015;2016;2017;2018;2019;2020
99999900234,36.4,-90.65,6,2015;2016;2017;2018;2019;2020
99999900236,43.117,-89.533,6,2015;2016;2017;2018;2019;2020
99999900237,46.023,-92.895,6,2015;2016;2017;2018;2019;2020
99999900238,45.707,-94.933,6,2015;2016;2017;2018;2019;2020
99999900258,34.645,-106.834,4,2015;2016;2017;2018
99999900262,27.733,-96.183,6,2015;2016;2017;2018;2019;2020
99999900263,29.724,-98.695,6,2015;2016;2017;2018;2019;2020
99999900288,48.753,-98.393,6,2015;2016;2017;2018;2019;2020
99999900319,40.1,-102.233,6,2015;2016;2017;2018;2019;2020
99999900321,46.167,-98.083,6,2015;2016;2017;2018;2019;2020
99999900322,47.783,-99.933,6,2015;2016;2017;2018;2019;2020
99999900325,30.598,-84.557,6,2015;2016;2017;2018;2019;2020
99999900335,32.567,-84.251,6,2015;2016;2017;2018;2019;2020
99999900343,44.017,-92.483,6,2015;2016;2017;2018;2019;2020
99999900349,32.331,-102.53,6,2015;2016;2017;2018;2019;2020
99999900370,35.02,-76.46,6,2015;2016;2017;2018;2019;2020
99999900378,30.356,-95.008,6,2015;2016;2017;2018;2019;2020
99999900379,40.567,-75.483,6,2015;2016;2017;2018;2019;2020
99999900381,30.243,-92.673,6,2015;2016;2017;2018;2019;2020
99999900421,37.35,-87.4,6,2015;2016;2017;2018;2019;2020
99999900423,30.44105,-93.47361,6,2015;2016;2017;2018;2019;2020
99999900425,43.98547,-73.09547,6,2015;2016;2017;2018;2019;2020
99999900430,41.64,-85.083,6,2015;2016;2017;2018;2019;2020
99999900438,30.716,-96.331,6,2015;2016;2017;2018;2019;2020
99999900439,31.989,-83.774,6,2015;2016;2017;2018;2019;2020
99999900440,34.26869,-85.85802,6,2015;2016;2017;2018;2019;2020
99999900446,43.885,-104.317,6,2015;2016;2017;2018;2019;2020
99999900447,32.16384,-95.82835,6,2015;2016;2017;2018;2019;2020
99999900454,28.183,-88.483,6,2015;2016;2017;2018;2019;2020
99999900458,39.07838,-84.21022,6,2015;2016;2017;2018;2019;2020
99999900459,28.517,-88.283,6,2015;2016;2017;2018;2019;2020
99999900460,30.17272,-90.94061,3,2015;2016;2017
99999900472,43.06666,74.46666,1,2020
99999900477,29.5291,-97.4643,6,2015;2016;2017;2018;2019;2020
99999900480,41.05,-113.06,6,2015;2016;2017;2018;2019;2020
99999900481,38.95813,-112.36313,6,2015;2016;2017;2018;2019;2020
99999900483,29.95268,-90.08273,1,2015
99999900484,44.66286,-104.56783,6,2015;2016;2017;2018;2019;2020
99999903033,34.98472,-106.0,6,2015;2016;2017;2018;2019;2020
99999903047,31.6219,-102.8071,6,2015;2016;2017;2018;2019;2020
99999903048,34.3557,-106.8859,6,2015;2016;2017;2018;2019;2020
99999903054,33.9557,-102.774,6,2015;2016;2017;2018;2019;2020
99999903055,36.5993,-101.595,6,2015;2016;2017;2018;2019;2020
99999903060,38.544,-107.6928,6,2015;2016;2017;2018;2019;2020
99999903061,37.2553,-108.5035,6,2015;2016;2017;2018;2019;2020
99999903062,35.8584,-106.5214,6,2015;2016;2017;2018;2019;2020
99999903063,37.8639,-103.8224,6,2015;2016;2017;2018;2019;2020
99999903067,38.8701,-100.9627,6,2015;2016;2017;2018;2019;2020
99999903072,32.0408,-100.2495,6,2015;2016;2017;2018;2019;2020
99999903074,32.6137,-106.7414,6,2015;2016;2017;2018;2019;2020
99999903728,33.1532,-79.3637,6,2015;2016;2017;2018;2019;2020
99999903733,39.013,-79.4743,6,2015;2016;2017;2018;2019;2020
99999903739,37.2907,-75.927,6,2015;2016;2017;2018;2019;2020
99999903755,39.58028,-79.33944,6,2015;2016;2017;2018;2019;2020
99999903758,35.9705,-79.0931,6,2015;2016;2017;2018;2019;2020
99999903759,37.9975,-78.4656,6,2015;2016;2017;2018;2019;2020
99999903761,39.8593,-75.7861,6,2015;2016;2017;2018;2019;2020
99999903841,35.998,-84.2192,2,2015;2016
99999904125,44.556,-119.6459,6,2015;2016;2017;2018;2019;2020
99999904126,43.4621,-113.556,6,2015;2016;2017;2018;2019;2020
99999904127,43.2044,-116.7505,6,2015;2016;2017;2018;2019;2020
99999904128,43.4711,-119.6917,6,2015;2016;2017;2018;2019;2020
99999904130,48.7412,-113.433,6,2015;2016;2017;2018;2019;2020
99999904131,43.6615,-110.712,6,2015;2016;2017;2018;2019;2020
99999904133,40.48194,-111.42889,3,2015;2016;2017
99999904134,40.16056,-113.35083,6,2015;2016;2017;2018;2019;2020
99999904136,47.4174,-117.5264,6,2015;2016;2017;2018;2019;2020
99999904137,45.158,-113.0057,6,2015;2016;2017;2018;2019;2020
99999904138,41.6163,-112.5437,6,2015;2016;2017;2018;2019;2020
99999904139,41.8484,-119.6357,6,2015;2016;2017;2018;2019;2020
99999904140,46.8847,-110.2895,6,2015;2016;2017;2018;2019;2020
99999904141,43.2718,-124.3186,6,2015;2016;2017;2018;2019;2020
99999904222,40.6507,-122.6068,6,2015;2016;2017;2018;2019;2020
99999904223,48.5405,-121.446,6,2015;2016;2017;2018;2019;2020
99999904236,44.4185,-123.3257,6,2015;2016;2017;2018;2019;2020
99999904237,47.5139,-123.812,6,2015;2016;2017;2018;2019;2020
99999904835,40.06,-88.37,6,2015;2016;2017;2018;2019;2020
99999904990,43.7346,-96.6222,6,2015;2016;2017;2018;2019;2020
99999904994,48.3055,-95.8744,6,2015;2016;2017;2018;2019;2020
99999912884,29.333,-89.4075,6,2015;2016;2017;2018;2019;2020
99999912946,27.7,-97.43333,6,2015;2016;2017;2018;2019;2020
99999912987,26.5258,-98.0633,6,2015;2016;2017;2018;2019;2020
99999912988,29.69306,-91.09861,2,2015;2016
99999913301,39.8668,-93.147,6,2015;2016;2017;2018;2019;2020
99999913724,39.37778,-74.42361,6,2015;2016;2017;2018;2019;2020
99999913752,38.9913,-76.4891,6,2015;2016;2017;2018;2019;2020
99999913782,32.775,-79.9239,6,2015;2016;2017;2018;2019;2020
99999921514,19.5354,-155.576,6,2015;2016;2017;2018;2019;2020
99999921515,19.645,-155.0827,6,2015;2016;2017;2018;2019;2020
99999922016,29.3483,-103.2093,6,2015;2016;2017;2018;2019;2020
99999923122,34.09528,-117.23472,6,2015;2016;2017;2018;2019;2020
99999923271,38.5552,-121.4183,6,2015;2016;2017;2018;2019;2020
99999923272,37.7705,-122.4269,6,2015;2016;2017;2018;2019;2020
99999923583,59.284,-158.6145,2,2019;2020
99999923801,31.7901,-86.0004,6,2015;2016;2017;2018;2019;2020
99999923802,31.8814,-87.7367,6,2015;2016;2017;2018;2019;2020
99999923803,34.8223,-89.4348,6,2015;2016;2017;2018;2019;2020
99999923904,35.8201,-91.7812,6,2015;2016;2017;2018;2019;2020
99999923906,28.3045,-96.823,6,2015;2016;2017;2018;2019;2020
99999923907,30.6222,-98.0846,6,2015;2016;2017;2018;2019;2020
99999923908,37.4277,-94.5829,6,2015;2016;2017;2018;2019;2020
99999923909,37.6344,-91.7226,6,2015;2016;2017;2018;2019;2020
99999925379,57.0574,-135.3266,6,2015;2016;2017;2018;2019;2020
99999925380,58.4292,-135.69,6,2015;2016;2017;2018;2019;2020
99999925381,55.0455,-131.5877,6,2015;2016;2017;2018;2019;2020
99999925382,59.5087,-139.685,5,2016;2017;2018;2019;2020
99999925522,58.2077,-155.9225,6,2015;2016;2017;2018;2019;2020
99999925630,55.3473,-160.466,6,2015;2016;2017;2018;2019;2020
99999925711,57.1575,-170.2119,6,2015;2016;2017;2018;2019;2020
99999926494,64.9735,-147.51,6,2015;2016;2017;2018;2019;2020
99999926562,60.1951,-154.3196,6,2015;2016;2017;2018;2019;2020
99999926563,60.7237,-150.4484,6,2015;2016;2017;2018;2019;2020
99999926564,68.4851,-155.7506,6,2015;2016;2017;2018;2019;2020
99999926565,70.1618,-148.4644,6,2015;2016;2017;2018;2019;2020
99999926655,68.0277,-162.9212,6,2015;2016;2017;2018;2019;2020
99999926656,61.3465,-164.0769,3,2018;2019;2020
99999927516,71.3213,-156.611,6,2015;2016;2017;2018;2019;2020
99999937201,71.586,128.915,4,2015;2016;2017;2018
99999940504,6.9667,158.2167,6,2015;2016;2017;2018;2019;2020
99999940710,7.06497,171.27203,4,2017;2018;2019;2020
99999953131,32.2395,-111.1696,6,2015;2016;2017;2018;2019;2020
99999953132,31.5907,-110.5087,6,2015;2016;2017;2018;2019;2020
99999953136,36.624,-116.0225,6,2015;2016;2017;2018;2019;2020
99999953138,39.0118,-114.209,6,2015;2016;2017;2018;2019;2020
99999953139,36.602,-117.1449,6,2015;2016;2017;2018;2019;2020
99999953149,38.3028,-111.2935,6,2015;2016;2017;2018;2019;2020
99999953150,37.7592,-119.8208,6,2015;2016;2017;2018;2019;2020
99999953151,33.4392,-117.1904,6,2015;2016;2017;2018;2019;2020
99999953152,34.4141,-119.8796,6,2015;2016;2017;2018;2019;2020
99999953154,32.835,-114.1884,6,2015;2016;2017;2018;2019;2020
99999953155,35.7552,-112.3374,6,2015;2016;2017;2018;2019;2020
99999953182,36.568,-101.61,6,2015;2016;2017;2018;2019;2020
99999953830,34.25,-89.87,6,2015;2016;2017;2018;2019;2020
99999953877,35.4945,-82.6142,6,2015;2016;2017;2018;2019;2020
99999953878,35.4185,-82.5567,6,2015;2016;2017;2018;2019;2020
99999953926,36.1181,-97.0914,6,2015;2016;2017;2018;2019;2020
99999953927,36.1346,-97.1082,6,2015;2016;2017;2018;2019;2020
99999953960,30.0918,-91.8731,6,2015;2016;2017;2018;2019;2020
99999953961,32.8833,-92.1165,6,2015;2016;2017;2018;2019;2020
99999953968,31.7796,-95.7232,6,2015;2016;2017;2018;2019;2020
99999953974,39.1027,-96.6098,6,2015;2016;2017;2018;2019;2020
99999954783,40.72,-77.93,6,2015;2016;2017;2018;2019;2020
99999954794,43.1716,-70.9277,6,2015;2016;2017;2018;2019;2020
99999954795,43.1092,-70.9484,6,2015;2016;2017;2018;2019;2020
99999954796,41.4911,-71.5413,5,2015;2016;2018;2019;2020
99999954797,41.4782,-71.5417,6,2015;2016;2017;2018;2019;2020
99999954808,40.0528,-88.3729,6,2015;2016;2017;2018;2019;2020
99999954810,46.3345,-86.92,6,2015;2016;2017;2018;2019;2020
99999954811,41.843,-88.8513,6,2015;2016;2017;2018;2019;2020
99999954851,40.3667,-81.7829,2,2015;2016
99999954854,44.908,-84.7203,6,2015;2016;2017;2018;2019;2020
99999954856,40.7641,-81.9104,5,2016;2017;2018;2019;2020
99999954902,41.5562,-93.2855,6,2015;2016;2017;2018;2019;2020
99999954903,44.0604,-90.1737,6,2015;2016;2017;2018;2019;2020
99999954918,43.734,-96.623,6,2015;2016;2017;2018;2019;2020
99999954932,46.1135,-92.9936,6,2015;2016;2017;2018;2019;2020
99999954933,45.71145,-99.12958,6,2015;2016;2017;2018;2019;2020
99999954937,46.7702,-99.4778,6,2015;2016;2017;2018;2019;2020
99999956401,63.0295,-145.5003,6,2015;2016;2017;2018;2019;2020
99999963826,33.355,-81.3279,6,2015;2016;2017;2018;2019;2020
99999963828,31.3127,-84.4706,6,2015;2016;2017;2018;2019;2020
99999963829,31.1923,-84.4465,6,2015;2016;2017;2018;2019;2020
99999963831,32.3378,-89.0703,6,2015;2016;2017;2018;2019;2020
99999963838,38.0945,-84.7465,6,2015;2016;2017;2018;2019;2020
99999963849,37.2504,-86.2325,6,2015;2016;2017;2018;2019;2020
99999963850,33.7837,-83.3896,6,2015;2016;2017;2018;2019;2020
99999963855,36.0138,-85.1345,6,2015;2016;2017;2018;2019;2020
99999963856,30.8078,-81.4596,6,2015;2016;2017;2018;2019;2020
99999963857,34.2851,-85.9621,5,2015;2016;2018;2019;2020
99999963858,32.4567,-87.2422,6,2015;2016;2017;2018;2019;2020
99999963862,34.5653,-85.6171,6,2015;2016;2017;2018;2019;2020
99999963867,34.1954,-86.7963,6,2015;2016;2017;2018;2019;2020
99999963868,34.6602,-87.3462,6,2015;2016;2017;2018;2019;2020
99999963869,30.5485,-87.8757,6,2015;2016;2017;2018;2019;2020
99999963871,30.84583,-85.60139,6,2015;2016;2017;2018;2019;2020
99999963891,32.8516,-86.6115,6,2015;2016;2017;2018;2019;2020
99999963892,32.8369,-88.1374,6,2015;2016;2017;2018;2019;2020
99999963893,32.7169,-87.6226,6,2015;2016;2017;2018;2019;2020
99999963894,34.7728,-87.6399,6,2015;2016;2017;2018;2019;2020
99999963895,34.4535,-87.7104,6,2015;2016;2017;2018;2019;2020
99999963896,34.6941,-85.9998,6,2015;2016;2017;2018;2019;2020
99999963897,32.3349,-86.9787,6,2015;2016;2017;2018;2019;2020
99999963898,38.8882,-86.5707,6,2015;2016;2017;2018;2019;2020
99999963899,31.1449,-87.0518,6,2015;2016;2017;2018;2019;2020
99999963904,30.573,-97.443,2,2019;2020
99999964756,41.7857,-73.7422,6,2015;2016;2017;2018;2019;2020
99999964757,44.2326,-79.781,6,2015;2016;2017;2018;2019;2020
99999964758,42.4401,-76.2462,6,2015;2016;2017;2018;2019;2020
99999973801,33.2125,-87.5914,6,2015;2016;2017;2018;2019;2020
99999973802,31.9155,-86.3115,6,2015;2016;2017;2018;2019;2020
99999973803,33.5721,-86.0573,6,2015;2016;2017;2018;2019;2020
99999992821,28.6159,-80.6929,5,2015;2016;2018;2019;2020
99999992826,25.8996,-81.3183,5,2015;2016;2018;2019;2020
99999992827,27.1526,-81.3689,6,2015;2016;2017;2018;2019;2020
99999992828,27.977,-82.759,3,2018;2019;2020
99999993243,37.2381,-120.8825,6,2015;2016;2017;2018;2019;2020
99999993245,38.3208,-123.0747,6,2015;2016;2017;2018;2019;2020
99999993733,39.083,-76.767,6,2015;2016;2017;2018;2019;2020
99999993776,34.88333,-76.86667,2,2015;2016
99999993804,34.91667,-81.95,6,2015;2016;2017;2018;2019;2020
99999993816,39.07028,-88.53333,6,2015;2016;2017;2018;2019;2020
99999994044,40.13,-105.24,6,2015;2016;2017;2018;2019;2020
99999994045,48.31,-105.1,6,2015;2016;2017;2018;2019;2020
99999994059,48.4887,-105.2096,6,2015;2016;2017;2018;2019;2020
99999994060,48.3082,-105.1018,6,2015;2016;2017;2018;2019;2020
99999994074,40.8066,-104.7552,6,2015;2016;2017;2018;2019;2020
99999994075,40.0354,-105.5409,6,2015;2016;2017;2018;2019;2020
99999994077,42.4247,-103.7363,6,2015;2016;2017;2018;2019;2020
99999994078,42.6754,-108.6686,6,2015;2016;2017;2018;2019;2020
99999994079,42.068,-101.445,6,2015;2016;2017;2018;2019;2020
99999994080,46.8946,-103.3769,6,2015;2016;2017;2018;2019;2020
99999994081,45.516,-103.3017,6,2015;2016;2017;2018;2019;2020
99999994082,40.2446,-108.9677,6,2015;2016;2017;2018;2019;2020
99999994084,48.9676,-102.1702,6,2015;2016;2017;2018;2019;2020
99999994085,44.0194,-100.353,6,2015;2016;2017;2018;2019;2020
99999994088,44.5169,-104.4363,6,2015;2016;2017;2018;2019;2020
99999994099,48.254,-103.746,2,2019;2020
99999994290,47.6872,-122.2553,6,2015;2016;2017;2018;2019;2020
99999994644,44.9281,-68.7006,6,2015;2016;2017;2018;2019;2020
99999994645,46.9601,-67.8833,6,2015;2016;2017;2018;2019;2020
99999994995,40.8484,-96.5651,6,2015;2016;2017;2018;2019;2020
99999994996,40.6954,-96.8541,6,2015;2016;2017;2018;2019;2020
99999996404,62.737,-141.2083,6,2015;2016;2017;2018;2019;2020
99999996405,60.4731,-145.3542,4,2017;2018;2019;2020
99999996406,64.5015,-154.1297,6,2015;2016;2017;2018;2019;2020
99999996407,66.562,-159.0036,6,2015;2016;2017;2018;2019;2020
99999996408,63.452,-150.8747,6,2015;2016;2017;2018;2019;2020
99999996409,68.6483,-149.3986,4,2017;2018;2019;2020
A0000253928,30.21889,-96.37417,6,2015;2016;2017;2018;2019;2020
A0000363844,35.2225,-83.41917,6,2015;2016;2017;2018;2019;2020
A0000453929,34.14694,-97.1225,6,2015;2016;2017;2018;2019;2020
A0000594076,40.05361,-106.36889,6,2015;2016;2017;2018;2019;2020
A0000812978,29.90778,-96.95,6,2015;2016;2017;2018;2019;2020
A0000953862,30.07194,-83.57361,6,2015;2016;2017;2018;2019;2020
A0001363847,34.47389,-85.72139,6,2015;2016;2017;2018;2019;2020
A0001553129,36.95972,-113.01389,6,2015;2016;2017;2018;2019;2020
A0001603036,37.58278,-109.48306,6,2015;2016;2017;2018;2019;2020
A0001704868,41.01917,-89.38639,6,2015;2016;2017;2018;2019;2020
A0001823162,39.38333,-112.51667,6,2015;2016;2017;2018;2019;2020
A0001953969,34.22556,-99.28389,6,2015;2016;2017;2018;2019;2020
A0002163884,37.60056,-81.55917,6,2015;2016;2017;2018;2019;2020
A0002363890,30.35028,-81.88306,6,2015;2016;2017;2018;2019;2020
A0002453848,30.50694,-86.95972,6,2015;2016;2017;2018;2019;2020
A0002694297,48.21667,-122.63333,1,2015
A0002804116,40.61944,-111.99278,5,2016;2017;2018;2019;2020
A0002963820,36.38,-88.98528,6,2015;2016;2017;2018;2019;2020
A0003103725,38.99417,-79.14417,6,2015;2016;2017;2018;2019;2020
A0003225715,52.22028,-174.20611,6,2015;2016;2017;2018;2019;2020
A0573500209,33.6,-97.783,5,2016;2017;2018;2019;2020
A0677300334,36.859,-83.358,6,2015;2016;2017;2018;2019;2020
A0680000120,37.067,-81.8,5,2016;2017;2018;2019;2020
A0685400115,34.264,-116.854,6,2015;2016;2017;2018;2019;2020
A0688400416,38.66722,-78.50111,6,2015;2016;2017;2018;2019;2020
A0704900320,38.25,-122.6,6,2015;2016;2017;2018;2019;2020
A0705300346,40.983,-122.694,6,2015;2016;2017;2018;2019;2020
A0705600464,44.87405,-87.90977,6,2015;2016;2017;2018;2019;2020
A0708600468,41.51627,-82.86948,6,2015;2016;2017;2018;2019;2020
A0714100327,47.423,-98.106,6,2015;2016;2017;2018;2019;2020
A0735400132,44.033,-89.3,6,2015;2016;2017;2018;2019;2020
A0735500241,43.579,-90.913,6,2015;2016;2017;2018;2019;2020
A0735700182,45.986,-95.992,6,2015;2016;2017;2018;2019;2020
A0735900240,42.938,-85.061,6,2015;2016;2017;2018;2019;2020
A5125500445,32.46383,-87.95405,6,2015;2016;2017;2018;2019;2020
A5125600451,36.6985,-93.4022,6,2015;2016;2017;2018;2019;2020
